{
  "ticker": "EOG",
  "best_params": {
    "hidden": 32,
    "lr": 0.001,
    "dropout": 0.3,
    "weight_decay": 0.0001,
    "num_layers": 1,
    "refit_epochs": 5
  },
  "kelly_fraction": null,
  "THRESHOLD_ENTRY": 0.54,
  "DIRECTION_MODE": "both",
  "CALIBRATION": {
    "theta_entry": 0.54,
    "kelly_fraction": null,
    "direction_mode": "both",
    "oof_trades": 23,
    "trade_floor_met": true,
    "oof_log_growth": 0.5487415420284187
  },
  "cv_auc_pr": 0.48020054414636715,
  "cv_folds": 4,
  "SEQ_LEN": 60,
  "FEATURE_MANIFEST": [
    "log_return_1",
    "log_return_5",
    "log_return_20",
    "dist_to_sma_20",
    "dist_to_sma_50",
    "sma_20_sma_50_ratio",
    "volume_z_score_20",
    "atr_pct_14",
    "realized_volatility_20",
    "rsi_14",
    "bollinger_percent_b_20_2",
    "bollinger_bandwidth_20_2",
    "macd_hist_12_26_9",
    "momentum_60",
    "return_120",
    "price_volume_rank_divergence",
    "downside_vol_20"
  ],
  "NORM_STATS": {
    "log_return_1": {
      "mean": 0.00010170775179001713,
      "std": 0.02761646573995429
    },
    "log_return_5": {
      "mean": 0.0005309968980896697,
      "std": 0.06279081853116705
    },
    "log_return_20": {
      "mean": 0.0017608094711742096,
      "std": 0.12819187433398854
    },
    "dist_to_sma_20": {
      "mean": 0.0020587019671711978,
      "std": 0.06785492411813317
    },
    "dist_to_sma_50": {
      "mean": 0.005623058754452843,
      "std": 0.10650189226111677
    },
    "sma_20_sma_50_ratio": {
      "mean": 0.0022934033126423567,
      "std": 0.06743483499894419
    },
    "volume_z_score_20": {
      "mean": -0.0003817847486091814,
      "std": 1.072032287261785
    },
    "atr_pct_14": {
      "mean": 3.4759375982429384,
      "std": 1.675143676152904
    },
    "realized_volatility_20": {
      "mean": 0.10476700717929387,
      "std": 0.05875505368639916
    },
    "rsi_14": {
      "mean": 50.88917668817325,
      "std": 12.017076421691796
    },
    "bollinger_percent_b_20_2": {
      "mean": 0.514297572741188,
      "std": 0.33469830150376034
    },
    "bollinger_bandwidth_20_2": {
      "mean": 0.16418315771761013,
      "std": 0.12049937761595686
    },
    "macd_hist_12_26_9": {
      "mean": -0.005237460894434774,
      "std": 0.7936738541485354
    },
    "momentum_60": {
      "mean": 0.00841927873546816,
      "std": 0.20304066681180905
    },
    "return_120": {
      "mean": 0.020996120527999255,
      "std": 0.257524811511556
    },
    "price_volume_rank_divergence": {
      "mean": 0.019926094371802164,
      "std": 0.48973565539136305
    },
    "downside_vol_20": {
      "mean": 0.01363554187337721,
      "std": 0.009895758431516811
    }
  },
  "TRAIN_WINDOW": "2017-01-01 -> 2023-12-31",
  "LABEL_CONTRACT": "TripleBarrier.ATR.daily.v1",
  "MODEL_HASH": "d735625e144915ce1721e564f11a49bf7c02fe4e0b9c3a9fcbb47239962f0e9f",
  "RANDOM_SEED": 42
}
