{
  "ticker": "BAX",
  "best_params": {
    "hidden": 32,
    "lr": 0.001,
    "dropout": 0.3,
    "weight_decay": 0.0001,
    "num_layers": 1,
    "refit_epochs": 5
  },
  "kelly_fraction": null,
  "THRESHOLD_ENTRY": 0.58,
  "DIRECTION_MODE": "both",
  "CALIBRATION": {
    "theta_entry": 0.58,
    "kelly_fraction": null,
    "direction_mode": "both",
    "oof_trades": 24,
    "trade_floor_met": true,
    "oof_log_growth": 0.22828442802184234
  },
  "cv_auc_pr": 0.48179223656562076,
  "cv_folds": 4,
  "SEQ_LEN": 60,
  "FEATURE_MANIFEST": [
    "log_return_1",
    "log_return_5",
    "log_return_20",
    "dist_to_sma_20",
    "dist_to_sma_50",
    "sma_20_sma_50_ratio",
    "volume_z_score_20",
    "atr_pct_14",
    "realized_volatility_20",
    "rsi_14",
    "bollinger_percent_b_20_2",
    "bollinger_bandwidth_20_2",
    "macd_hist_12_26_9",
    "momentum_60",
    "xas_rs_mkt_20",
    "zscore_close_20",
    "bb_bandwidth_20"
  ],
  "NORM_STATS": {
    "log_return_1": {
      "mean": -7.814357312612714e-05,
      "std": 0.016682887678372796
    },
    "log_return_5": {
      "mean": -0.00038865372839432005,
      "std": 0.03493268104738924
    },
    "log_return_20": {
      "mean": -0.001868864838338928,
      "std": 0.06622069009140884
    },
    "dist_to_sma_20": {
      "mean": -0.0005008894718586131,
      "std": 0.0367678492269652
    },
    "dist_to_sma_50": {
      "mean": -0.002012925142927534,
      "std": 0.057895096749655116
    },
    "sma_20_sma_50_ratio": {
      "mean": -0.0019192590267318112,
      "std": 0.03521525830485822
    },
    "volume_z_score_20": {
      "mean": 0.013400745321147815,
      "std": 1.0777411535190493
    },
    "atr_pct_14": {
      "mean": 2.0897219926254533,
      "std": 0.7732805571438903
    },
    "realized_volatility_20": {
      "mean": 0.06425529049614313,
      "std": 0.034722932483463115
    },
    "rsi_14": {
      "mean": 51.577800197817055,
      "std": 12.905226848142954
    },
    "bollinger_percent_b_20_2": {
      "mean": 0.5358055931893183,
      "std": 0.34073119903564475
    },
    "bollinger_bandwidth_20_2": {
      "mean": 0.09722113486337056,
      "std": 0.05297445955797972
    },
    "macd_hist_12_26_9": {
      "mean": 0.003058356210975053,
      "std": 0.3422379536744434
    },
    "momentum_60": {
      "mean": -0.009213149743737034,
      "std": 0.11075903013635038
    },
    "xas_rs_mkt_20": {
      "mean": -0.00843367316536338,
      "std": 0.06433010110919583
    },
    "zscore_close_20": {
      "mean": 0.1432223727572734,
      "std": 1.362924796142579
    },
    "bb_bandwidth_20": {
      "mean": 0.02430528371584264,
      "std": 0.01324361488949493
    }
  },
  "TRAIN_WINDOW": "2017-01-01 -> 2023-12-31",
  "LABEL_CONTRACT": "TripleBarrier.ATR.daily.v1",
  "MODEL_HASH": "883c7d2d5c843816bdabc9402c51832824129c709f42c93261cd113c0903b95e",
  "RANDOM_SEED": 42
}
