{
  "ticker": "CAH",
  "best_params": {
    "hidden": 32,
    "lr": 0.001,
    "dropout": 0.3,
    "weight_decay": 0.0001,
    "num_layers": 1,
    "refit_epochs": 5
  },
  "kelly_fraction": null,
  "THRESHOLD_ENTRY": 0.54,
  "DIRECTION_MODE": "both",
  "CALIBRATION": {
    "theta_entry": 0.54,
    "kelly_fraction": null,
    "direction_mode": "both",
    "oof_trades": 9,
    "trade_floor_met": true,
    "oof_log_growth": 0.11221096840124135
  },
  "cv_auc_pr": 0.485032294175549,
  "cv_folds": 4,
  "SEQ_LEN": 60,
  "FEATURE_MANIFEST": [
    "log_return_1",
    "log_return_5",
    "log_return_20",
    "dist_to_sma_20",
    "dist_to_sma_50",
    "sma_20_sma_50_ratio",
    "volume_z_score_20",
    "atr_pct_14",
    "realized_volatility_20",
    "rsi_14",
    "bollinger_percent_b_20_2",
    "bollinger_bandwidth_20_2",
    "macd_hist_12_26_9",
    "gap_open_z20",
    "volume_trend_5_20",
    "down_streak_10"
  ],
  "NORM_STATS": {
    "log_return_1": {
      "mean": 0.00019119995675316722,
      "std": 0.019629598553127004
    },
    "log_return_5": {
      "mean": 0.0009363246429848372,
      "std": 0.043257875742708604
    },
    "log_return_20": {
      "mean": 0.004062450191738399,
      "std": 0.08348401785476083
    },
    "dist_to_sma_20": {
      "mean": 0.002329933276302264,
      "std": 0.04688918014005755
    },
    "dist_to_sma_50": {
      "mean": 0.006080495144430585,
      "std": 0.0692400711509984
    },
    "sma_20_sma_50_ratio": {
      "mean": 0.003353895691490147,
      "std": 0.04206401766569424
    },
    "volume_z_score_20": {
      "mean": -0.022644450410801806,
      "std": 1.07418628708497
    },
    "atr_pct_14": {
      "mean": 2.5268123265492664,
      "std": 0.8831811293183353
    },
    "realized_volatility_20": {
      "mean": 0.07703351763321858,
      "std": 0.03751972895802714
    },
    "rsi_14": {
      "mean": 51.25257142238647,
      "std": 12.690116362363216
    },
    "bollinger_percent_b_20_2": {
      "mean": 0.5304321237027664,
      "std": 0.34160249261166264
    },
    "bollinger_bandwidth_20_2": {
      "mean": 0.1219491947130443,
      "std": 0.06744555131821801
    },
    "macd_hist_12_26_9": {
      "mean": -0.0008147543810917076,
      "std": 0.40438235120018845
    },
    "gap_open_z20": {
      "mean": 0.0002733974660606769,
      "std": 1.00875254851927
    },
    "volume_trend_5_20": {
      "mean": 0.0007706103535902847,
      "std": 0.24689954948033774
    },
    "down_streak_10": {
      "mean": 0.0909659090909091,
      "std": 0.13065907657853462
    }
  },
  "TRAIN_WINDOW": "2017-01-01 -> 2023-12-31",
  "LABEL_CONTRACT": "TripleBarrier.ATR.daily.v1",
  "MODEL_HASH": "8e24d384ca94cc03d4c04ae0480a8b6a9a517d2e9d95e019ebd199032318cfb0",
  "RANDOM_SEED": 42
}
