{
  "ticker": "MSFT",
  "best_params": {
    "hidden": 32,
    "lr": 0.001,
    "dropout": 0.3,
    "weight_decay": 0.0001,
    "num_layers": 1,
    "refit_epochs": 5
  },
  "kelly_fraction": null,
  "THRESHOLD_ENTRY": 0.5,
  "DIRECTION_MODE": "both",
  "CALIBRATION": {
    "theta_entry": 0.5,
    "kelly_fraction": null,
    "direction_mode": "both",
    "oof_trades": 104,
    "trade_floor_met": true,
    "oof_log_growth": 0.5367491991925332
  },
  "cv_auc_pr": 0.49291542226023466,
  "cv_folds": 4,
  "SEQ_LEN": 60,
  "FEATURE_MANIFEST": [
    "log_return_1",
    "log_return_5",
    "log_return_20",
    "dist_to_sma_20",
    "dist_to_sma_50",
    "sma_20_sma_50_ratio",
    "volume_z_score_20",
    "atr_pct_14",
    "realized_volatility_20",
    "rsi_14",
    "bollinger_percent_b_20_2",
    "bollinger_bandwidth_20_2",
    "macd_hist_12_26_9",
    "momentum_60",
    "xas_rs_mkt_20",
    "overnight_vol_20",
    "zscore_close_20",
    "trend_align_5_10"
  ],
  "NORM_STATS": {
    "log_return_1": {
      "mean": 0.0010226274116059229,
      "std": 0.017958720838795555
    },
    "log_return_5": {
      "mean": 0.005071195037852067,
      "std": 0.033575238800454384
    },
    "log_return_20": {
      "mean": 0.020329229915676296,
      "std": 0.060599112819096856
    },
    "dist_to_sma_20": {
      "mean": 0.00989452752588808,
      "std": 0.034649712576447236
    },
    "dist_to_sma_50": {
      "mean": 0.025738203445825503,
      "std": 0.05052351001012966
    },
    "sma_20_sma_50_ratio": {
      "mean": 0.01548016655739644,
      "std": 0.029937221131744757
    },
    "volume_z_score_20": {
      "mean": 0.016719353462332956,
      "std": 1.0932328486239495
    },
    "atr_pct_14": {
      "mean": 2.1911888669577944,
      "std": 0.8815865693058149
    },
    "realized_volatility_20": {
      "mean": 0.0697786788054486,
      "std": 0.03740995628508825
    },
    "rsi_14": {
      "mean": 56.127385480851494,
      "std": 10.646219015362796
    },
    "bollinger_percent_b_20_2": {
      "mean": 0.6168276082144186,
      "std": 0.3113113628201638
    },
    "bollinger_bandwidth_20_2": {
      "mean": 0.09668345646393203,
      "std": 0.04826486904827011
    },
    "macd_hist_12_26_9": {
      "mean": 0.005102684626468341,
      "std": 1.0957097066374288
    },
    "momentum_60": {
      "mean": 0.060676244037881084,
      "std": 0.09294438438271084
    },
    "xas_rs_mkt_20": {
      "mean": 0.01380971871601496,
      "std": 0.04932699777991785
    },
    "overnight_vol_20": {
      "mean": 0.008435888080026481,
      "std": 0.005538493221227671
    },
    "zscore_close_20": {
      "mean": 0.46731043285767426,
      "std": 1.2452454512806552
    },
    "trend_align_5_10": {
      "mean": 0.5119318181818182,
      "std": 0.8580333723571084
    }
  },
  "TRAIN_WINDOW": "2017-01-01 -> 2023-12-31",
  "LABEL_CONTRACT": "TripleBarrier.ATR.daily.v1",
  "MODEL_HASH": "fae76645e2ba223b5cdcf2edc6b7fd8130910a604cc06623d53d9c70896ae405",
  "RANDOM_SEED": 42
}
