{
  "ticker": "GPN",
  "best_params": {
    "hidden": 32,
    "lr": 0.001,
    "dropout": 0.3,
    "weight_decay": 0.0001,
    "num_layers": 1,
    "refit_epochs": 5
  },
  "kelly_fraction": null,
  "THRESHOLD_ENTRY": 0.54,
  "DIRECTION_MODE": "long_only",
  "CALIBRATION": {
    "theta_entry": 0.54,
    "kelly_fraction": null,
    "direction_mode": "long_only",
    "oof_trades": 60,
    "trade_floor_met": true,
    "oof_log_growth": 0.05876165676471895
  },
  "cv_auc_pr": 0.46583753347208096,
  "cv_folds": 4,
  "SEQ_LEN": 60,
  "FEATURE_MANIFEST": [
    "log_return_1",
    "log_return_5",
    "log_return_20",
    "dist_to_sma_20",
    "dist_to_sma_50",
    "sma_20_sma_50_ratio",
    "volume_z_score_20",
    "atr_pct_14",
    "realized_volatility_20",
    "rsi_14",
    "bollinger_percent_b_20_2",
    "bollinger_bandwidth_20_2",
    "macd_hist_12_26_9",
    "gap_open_z20",
    "ret_skew_20",
    "xas_mkt_lead_ret_1",
    "overnight_vol_20"
  ],
  "NORM_STATS": {
    "log_return_1": {
      "mean": 0.00034338378398234844,
      "std": 0.021541499455782022
    },
    "log_return_5": {
      "mean": 0.0016968056401849667,
      "std": 0.04568193902279369
    },
    "log_return_20": {
      "mean": 0.006446260970342785,
      "std": 0.0857976633553227
    },
    "dist_to_sma_20": {
      "mean": 0.0036565936022275457,
      "std": 0.04724535834882664
    },
    "dist_to_sma_50": {
      "mean": 0.008731117721776005,
      "std": 0.07384498710197455
    },
    "sma_20_sma_50_ratio": {
      "mean": 0.004454224741794565,
      "std": 0.045445761122640954
    },
    "volume_z_score_20": {
      "mean": 0.01058158257330222,
      "std": 1.1127496187937964
    },
    "atr_pct_14": {
      "mean": 2.642285084727974,
      "std": 1.1886202169960187
    },
    "realized_volatility_20": {
      "mean": 0.08152912302045925,
      "std": 0.04737462526232864
    },
    "rsi_14": {
      "mean": 52.90147645792079,
      "std": 11.884145961820266
    },
    "bollinger_percent_b_20_2": {
      "mean": 0.5586365660226533,
      "std": 0.3309576186577683
    },
    "bollinger_bandwidth_20_2": {
      "mean": 0.12214682474525737,
      "std": 0.0741609838455819
    },
    "macd_hist_12_26_9": {
      "mean": 0.008055597326287264,
      "std": 0.951402685962156
    },
    "gap_open_z20": {
      "mean": -0.014756743874804192,
      "std": 1.0066792435044394
    },
    "ret_skew_20": {
      "mean": 0.023847247186369686,
      "std": 0.8917311404630931
    },
    "xas_mkt_lead_ret_1": {
      "mean": 0.00034430736101963934,
      "std": 0.012750071629572195
    },
    "overnight_vol_20": {
      "mean": 0.009143472091299001,
      "std": 0.0066812487896716006
    }
  },
  "TRAIN_WINDOW": "2017-01-01 -> 2023-12-31",
  "LABEL_CONTRACT": "TripleBarrier.ATR.daily.v1",
  "MODEL_HASH": "b1bbe195a37358d5b15e7293eedd8bbfa87b00b5cb02ca62c366e872a1e4ac49",
  "RANDOM_SEED": 42
}
