{
  "ticker": "UBER",
  "best_params": {
    "hidden": 32,
    "lr": 0.001,
    "dropout": 0.3,
    "weight_decay": 0.0001,
    "num_layers": 1,
    "refit_epochs": 5
  },
  "kelly_fraction": null,
  "THRESHOLD_ENTRY": 0.52,
  "DIRECTION_MODE": "both",
  "CALIBRATION": {
    "theta_entry": 0.52,
    "kelly_fraction": null,
    "direction_mode": "both",
    "oof_trades": 29,
    "trade_floor_met": true,
    "oof_log_growth": 0.5002470436295431
  },
  "cv_auc_pr": 0.5145312680477859,
  "cv_folds": 4,
  "SEQ_LEN": 60,
  "FEATURE_MANIFEST": [
    "log_return_1",
    "log_return_5",
    "log_return_20",
    "dist_to_sma_20",
    "dist_to_sma_50",
    "sma_20_sma_50_ratio",
    "volume_z_score_20",
    "atr_pct_14",
    "realized_volatility_20",
    "rsi_14",
    "bollinger_percent_b_20_2",
    "bollinger_bandwidth_20_2",
    "macd_hist_12_26_9",
    "momentum_60",
    "atr_ratio_5_20",
    "price_volume_rank_divergence",
    "zscore_close_20",
    "bb_bandwidth_20"
  ],
  "NORM_STATS": {
    "log_return_1": {
      "mean": 0.00033684899074905875,
      "std": 0.03485742855787037
    },
    "log_return_5": {
      "mean": 0.0018495660384617433,
      "std": 0.08149979481121798
    },
    "log_return_20": {
      "mean": 0.00679712935586144,
      "std": 0.15078196562189555
    },
    "dist_to_sma_20": {
      "mean": 0.00483849214032353,
      "std": 0.08349130043167292
    },
    "dist_to_sma_50": {
      "mean": 0.010138800964012252,
      "std": 0.12912109049592052
    },
    "sma_20_sma_50_ratio": {
      "mean": 0.003908309924721941,
      "std": 0.07795025431152097
    },
    "volume_z_score_20": {
      "mean": -0.005892713817298968,
      "std": 1.0832048557851348
    },
    "atr_pct_14": {
      "mean": 4.6741026025006285,
      "std": 1.654639757163241
    },
    "realized_volatility_20": {
      "mean": 0.13778797377123722,
      "std": 0.06477980283758064
    },
    "rsi_14": {
      "mean": 50.96949953463319,
      "std": 12.926926409890699
    },
    "bollinger_percent_b_20_2": {
      "mean": 0.5161633434682706,
      "std": 0.3319975363067438
    },
    "bollinger_bandwidth_20_2": {
      "mean": 0.21716632447231568,
      "std": 0.12741687089155757
    },
    "macd_hist_12_26_9": {
      "mean": 0.006762987017012772,
      "std": 0.4221056858212075
    },
    "momentum_60": {
      "mean": 0.010749435515424436,
      "std": 0.22745097864765057
    },
    "atr_ratio_5_20": {
      "mean": 0.9876015917207461,
      "std": 0.15296589040093495
    },
    "price_volume_rank_divergence": {
      "mean": 0.015066371681415927,
      "std": 0.4672449093669327
    },
    "zscore_close_20": {
      "mean": 0.06465337387308251,
      "std": 1.3279901452269751
    },
    "bb_bandwidth_20": {
      "mean": 0.05429158111807892,
      "std": 0.03185421772288939
    }
  },
  "TRAIN_WINDOW": "2017-01-01 -> 2023-12-31",
  "LABEL_CONTRACT": "TripleBarrier.ATR.daily.v1",
  "MODEL_HASH": "d6b201a0d144e7792d838be592b89d80686a07eea901d2147e14f84d7a2218cf",
  "RANDOM_SEED": 42
}
