{
  "ticker": "ORLY",
  "best_params": {
    "hidden": 32,
    "lr": 0.001,
    "dropout": 0.3,
    "weight_decay": 0.0001,
    "num_layers": 1,
    "refit_epochs": 5
  },
  "kelly_fraction": null,
  "THRESHOLD_ENTRY": 0.52,
  "DIRECTION_MODE": "both",
  "CALIBRATION": {
    "theta_entry": 0.52,
    "kelly_fraction": null,
    "direction_mode": "both",
    "oof_trades": 80,
    "trade_floor_met": true,
    "oof_log_growth": 0.30985189932911983
  },
  "cv_auc_pr": 0.5078693978890463,
  "cv_folds": 4,
  "SEQ_LEN": 60,
  "FEATURE_MANIFEST": [
    "log_return_1",
    "log_return_5",
    "log_return_20",
    "dist_to_sma_20",
    "dist_to_sma_50",
    "sma_20_sma_50_ratio",
    "volume_z_score_20",
    "atr_pct_14",
    "realized_volatility_20",
    "rsi_14",
    "bollinger_percent_b_20_2",
    "bollinger_bandwidth_20_2",
    "macd_hist_12_26_9",
    "atr_ratio_5_20",
    "rsi_2",
    "xas_rs_mkt_20",
    "overnight_intraday_spread_20"
  ],
  "NORM_STATS": {
    "log_return_1": {
      "mean": 0.0006976880907421215,
      "std": 0.018191825841586254
    },
    "log_return_5": {
      "mean": 0.003442864742612589,
      "std": 0.038658075531989265
    },
    "log_return_20": {
      "mean": 0.013998836570134511,
      "std": 0.07311512966242298
    },
    "dist_to_sma_20": {
      "mean": 0.006979888806836007,
      "std": 0.040672513826977424
    },
    "dist_to_sma_50": {
      "mean": 0.01837379154582661,
      "std": 0.062118681974130986
    },
    "sma_20_sma_50_ratio": {
      "mean": 0.010911591007618343,
      "std": 0.03783825155876633
    },
    "volume_z_score_20": {
      "mean": -0.007534438600396087,
      "std": 1.0704942673993192
    },
    "atr_pct_14": {
      "mean": 2.286066691387473,
      "std": 0.8425264168556088
    },
    "realized_volatility_20": {
      "mean": 0.06882610678234867,
      "std": 0.04012997049696673
    },
    "rsi_14": {
      "mean": 53.91911837451919,
      "std": 11.818670186689163
    },
    "bollinger_percent_b_20_2": {
      "mean": 0.5626553609475674,
      "std": 0.3276589893698835
    },
    "bollinger_bandwidth_20_2": {
      "mean": 0.10265826661495991,
      "std": 0.06719667252975019
    },
    "macd_hist_12_26_9": {
      "mean": -0.011875443961164002,
      "std": 2.661897280825855
    },
    "atr_ratio_5_20": {
      "mean": 1.0024608618482698,
      "std": 0.1530162148828641
    },
    "rsi_2": {
      "mean": 54.622275769678396,
      "std": 30.900566043979985
    },
    "xas_rs_mkt_20": {
      "mean": 0.0074657440988998725,
      "std": 0.0638590709311164
    },
    "overnight_intraday_spread_20": {
      "mean": -0.0002029173700315216,
      "std": 0.0037188868855176182
    }
  },
  "TRAIN_WINDOW": "2017-01-01 -> 2023-12-31",
  "LABEL_CONTRACT": "TripleBarrier.ATR.daily.v1",
  "MODEL_HASH": "7f527d650dbb9203998103943e9817172a756757943d46017f18e82dc73f257a",
  "RANDOM_SEED": 42
}
