{
  "ticker": "APO",
  "best_params": {
    "hidden": 32,
    "lr": 0.001,
    "dropout": 0.3,
    "weight_decay": 0.0001,
    "num_layers": 1,
    "refit_epochs": 5
  },
  "kelly_fraction": null,
  "THRESHOLD_ENTRY": 0.52,
  "DIRECTION_MODE": "long_only",
  "CALIBRATION": {
    "theta_entry": 0.52,
    "kelly_fraction": null,
    "direction_mode": "long_only",
    "oof_trades": 63,
    "trade_floor_met": true,
    "oof_log_growth": 0.11016967671547473
  },
  "cv_auc_pr": 0.5353141581472407,
  "cv_folds": 4,
  "SEQ_LEN": 60,
  "FEATURE_MANIFEST": [
    "log_return_1",
    "log_return_5",
    "log_return_20",
    "dist_to_sma_20",
    "dist_to_sma_50",
    "sma_20_sma_50_ratio",
    "volume_z_score_20",
    "atr_pct_14",
    "realized_volatility_20",
    "rsi_14",
    "bollinger_percent_b_20_2",
    "bollinger_bandwidth_20_2",
    "macd_hist_12_26_9",
    "atr_ratio_5_20",
    "ret_skew_20",
    "ret_kurt_20",
    "vol_of_vol_20",
    "day_range_pos_20"
  ],
  "NORM_STATS": {
    "log_return_1": {
      "mean": 0.000892797741216033,
      "std": 0.024449280365500713
    },
    "log_return_5": {
      "mean": 0.004476088848974738,
      "std": 0.05244824932742678
    },
    "log_return_20": {
      "mean": 0.017607999840827213,
      "std": 0.10041262190187607
    },
    "dist_to_sma_20": {
      "mean": 0.009144704374707154,
      "std": 0.05540944715971261
    },
    "dist_to_sma_50": {
      "mean": 0.02324271422347814,
      "std": 0.08477068508617565
    },
    "sma_20_sma_50_ratio": {
      "mean": 0.013264736540263783,
      "std": 0.052016464199821484
    },
    "volume_z_score_20": {
      "mean": 0.013588788362804152,
      "std": 1.0715047602757688
    },
    "atr_pct_14": {
      "mean": 3.1750311201890957,
      "std": 1.459205380832849
    },
    "realized_volatility_20": {
      "mean": 0.09373068069180739,
      "std": 0.051615415429729465
    },
    "rsi_14": {
      "mean": 54.07250594992759,
      "std": 11.871797714095335
    },
    "bollinger_percent_b_20_2": {
      "mean": 0.5660024618928076,
      "std": 0.33288664490834974
    },
    "bollinger_bandwidth_20_2": {
      "mean": 0.14411066081271787,
      "std": 0.08293620199042162
    },
    "macd_hist_12_26_9": {
      "mean": 0.002767972967468746,
      "std": 0.3806806549427005
    },
    "atr_ratio_5_20": {
      "mean": 1.0047592270132757,
      "std": 0.15715760477414129
    },
    "ret_skew_20": {
      "mean": -0.15883885222567345,
      "std": 0.7481089600600523
    },
    "ret_kurt_20": {
      "mean": 0.8508557302562542,
      "std": 1.69347083823655
    },
    "vol_of_vol_20": {
      "mean": 0.004581248575818152,
      "std": 0.003743322985969043
    },
    "day_range_pos_20": {
      "mean": 0.5823223335784029,
      "std": 0.29586328944902407
    }
  },
  "TRAIN_WINDOW": "2017-01-01 -> 2023-12-31",
  "LABEL_CONTRACT": "TripleBarrier.ATR.daily.v1",
  "MODEL_HASH": "25d9bff6aca877fac57fe5bd3006d05861a53ba450fc44f3d51b8b1f1ca5b06e",
  "RANDOM_SEED": 42
}
