{
  "ticker": "UNH",
  "best_params": {
    "hidden": 32,
    "lr": 0.001,
    "dropout": 0.3,
    "weight_decay": 0.0001,
    "num_layers": 1,
    "refit_epochs": 5
  },
  "kelly_fraction": null,
  "THRESHOLD_ENTRY": 0.5,
  "DIRECTION_MODE": "long_only",
  "CALIBRATION": {
    "theta_entry": 0.5,
    "kelly_fraction": null,
    "direction_mode": "long_only",
    "oof_trades": 108,
    "trade_floor_met": true,
    "oof_log_growth": 0.791443703234943
  },
  "cv_auc_pr": 0.4778558319377981,
  "cv_folds": 4,
  "SEQ_LEN": 60,
  "FEATURE_MANIFEST": [
    "log_return_1",
    "log_return_5",
    "log_return_20",
    "dist_to_sma_20",
    "dist_to_sma_50",
    "sma_20_sma_50_ratio",
    "volume_z_score_20",
    "atr_pct_14",
    "realized_volatility_20",
    "rsi_14",
    "bollinger_percent_b_20_2",
    "bollinger_bandwidth_20_2",
    "macd_hist_12_26_9",
    "return_120",
    "up_streak_10",
    "dist_to_sma_10"
  ],
  "NORM_STATS": {
    "log_return_1": {
      "mean": 0.0006767864649262394,
      "std": 0.01694448566903503
    },
    "log_return_5": {
      "mean": 0.003336246982307148,
      "std": 0.03622940394503696
    },
    "log_return_20": {
      "mean": 0.013665980562622956,
      "std": 0.06097439781147943
    },
    "dist_to_sma_20": {
      "mean": 0.006663522279937339,
      "std": 0.03530875007300502
    },
    "dist_to_sma_50": {
      "mean": 0.017639368047479728,
      "std": 0.048989864711248846
    },
    "sma_20_sma_50_ratio": {
      "mean": 0.010741859742918379,
      "std": 0.028683117209347252
    },
    "volume_z_score_20": {
      "mean": -0.0023131519121618836,
      "std": 1.0805170923878622
    },
    "atr_pct_14": {
      "mean": 2.1608513137651255,
      "std": 0.953515856763211
    },
    "realized_volatility_20": {
      "mean": 0.06355730784765619,
      "std": 0.03892333350287344
    },
    "rsi_14": {
      "mean": 54.17518998493179,
      "std": 10.814819882911547
    },
    "bollinger_percent_b_20_2": {
      "mean": 0.5688610545449471,
      "std": 0.32819915275752803
    },
    "bollinger_bandwidth_20_2": {
      "mean": 0.09419099747335152,
      "std": 0.05812884156644073
    },
    "macd_hist_12_26_9": {
      "mean": -0.014276126039719811,
      "std": 1.7630814091454576
    },
    "return_120": {
      "mean": 0.08652216251202154,
      "std": 0.09736040866255476
    },
    "up_streak_10": {
      "mean": 0.11244318181818183,
      "std": 0.1488163418105553
    },
    "dist_to_sma_10": {
      "mean": 0.003146409855924222,
      "std": 0.026468580312791683
    }
  },
  "TRAIN_WINDOW": "2017-01-01 -> 2023-12-31",
  "LABEL_CONTRACT": "TripleBarrier.ATR.daily.v1",
  "MODEL_HASH": "b7a28a766f5754b8f477664653a09e47192ca8e354458e0a30e2a1cb4bdc8d3b",
  "RANDOM_SEED": 42
}
