{
  "ticker": "ULTA",
  "best_params": {
    "hidden": 32,
    "lr": 0.001,
    "dropout": 0.3,
    "weight_decay": 0.0001,
    "num_layers": 1,
    "refit_epochs": 5
  },
  "kelly_fraction": null,
  "THRESHOLD_ENTRY": 0.56,
  "DIRECTION_MODE": "long_only",
  "CALIBRATION": {
    "theta_entry": 0.56,
    "kelly_fraction": null,
    "direction_mode": "long_only",
    "oof_trades": 16,
    "trade_floor_met": true,
    "oof_log_growth": 0.41680445820464507
  },
  "cv_auc_pr": 0.4906382793874756,
  "cv_folds": 4,
  "SEQ_LEN": 60,
  "FEATURE_MANIFEST": [
    "log_return_1",
    "log_return_5",
    "log_return_20",
    "dist_to_sma_20",
    "dist_to_sma_50",
    "sma_20_sma_50_ratio",
    "volume_z_score_20",
    "atr_pct_14",
    "realized_volatility_20",
    "rsi_14",
    "bollinger_percent_b_20_2",
    "bollinger_bandwidth_20_2",
    "macd_hist_12_26_9",
    "high_low_range_pct",
    "atr_ratio_5_20",
    "ret_kurt_20",
    "rsi_2",
    "xas_mkt_lead_ret_1",
    "momentum_acceleration_10"
  ],
  "NORM_STATS": {
    "log_return_1": {
      "mean": 0.00037115857474688194,
      "std": 0.025598223923318675
    },
    "log_return_5": {
      "mean": 0.001788015670802559,
      "std": 0.05751504850019508
    },
    "log_return_20": {
      "mean": 0.0072513345759921055,
      "std": 0.1109227028677211
    },
    "dist_to_sma_20": {
      "mean": 0.0042974719237362695,
      "std": 0.06006174771927925
    },
    "dist_to_sma_50": {
      "mean": 0.009861504709279694,
      "std": 0.08670340410952054
    },
    "sma_20_sma_50_ratio": {
      "mean": 0.004938938045307676,
      "std": 0.05357137115230761
    },
    "volume_z_score_20": {
      "mean": 0.025545692383287587,
      "std": 1.1064415129017864
    },
    "atr_pct_14": {
      "mean": 3.0521343720383274,
      "std": 1.3214769207939931
    },
    "realized_volatility_20": {
      "mean": 0.09444372554509012,
      "std": 0.05973861399619471
    },
    "rsi_14": {
      "mean": 52.291664726153996,
      "std": 11.804979454732026
    },
    "bollinger_percent_b_20_2": {
      "mean": 0.5455641006803201,
      "std": 0.33564326068426553
    },
    "bollinger_bandwidth_20_2": {
      "mean": 0.14435975311221666,
      "std": 0.11123632673390106
    },
    "macd_hist_12_26_9": {
      "mean": 0.03492624023986878,
      "std": 2.5218579421921175
    },
    "high_low_range_pct": {
      "mean": 2.8380252838832374,
      "std": 1.7644716382316246
    },
    "atr_ratio_5_20": {
      "mean": 0.9953854591994304,
      "std": 0.1678699020932092
    },
    "ret_kurt_20": {
      "mean": 1.4105591742142713,
      "std": 3.0266124166120094
    },
    "rsi_2": {
      "mean": 53.02172427593998,
      "std": 30.921019948713337
    },
    "xas_mkt_lead_ret_1": {
      "mean": 0.0003439051618721358,
      "std": 0.01274850793129561
    },
    "momentum_acceleration_10": {
      "mean": -0.00014920581029826609,
      "std": 0.11468596969384685
    }
  },
  "TRAIN_WINDOW": "2017-01-01 -> 2023-12-31",
  "LABEL_CONTRACT": "TripleBarrier.ATR.daily.v1",
  "MODEL_HASH": "9522ab7cf6444c1b46679013af43ed85563b505e05995fd758a8b2811e6a2865",
  "RANDOM_SEED": 42
}
