{
  "ticker": "EFX",
  "best_params": {
    "hidden": 32,
    "lr": 0.001,
    "dropout": 0.3,
    "weight_decay": 0.0001,
    "num_layers": 1,
    "refit_epochs": 5
  },
  "kelly_fraction": null,
  "THRESHOLD_ENTRY": 0.54,
  "DIRECTION_MODE": "both",
  "CALIBRATION": {
    "theta_entry": 0.54,
    "kelly_fraction": null,
    "direction_mode": "both",
    "oof_trades": 52,
    "trade_floor_met": true,
    "oof_log_growth": 0.381909238240695
  },
  "cv_auc_pr": 0.49473834066293987,
  "cv_folds": 4,
  "SEQ_LEN": 60,
  "FEATURE_MANIFEST": [
    "log_return_1",
    "log_return_5",
    "log_return_20",
    "dist_to_sma_20",
    "dist_to_sma_50",
    "sma_20_sma_50_ratio",
    "volume_z_score_20",
    "atr_pct_14",
    "realized_volatility_20",
    "rsi_14",
    "bollinger_percent_b_20_2",
    "bollinger_bandwidth_20_2",
    "macd_hist_12_26_9",
    "volume_trend_5_20",
    "atr_ratio_5_20",
    "ret_skew_20",
    "down_streak_10",
    "downside_vol_20"
  ],
  "NORM_STATS": {
    "log_return_1": {
      "mean": 0.00041927832790808234,
      "std": 0.019735494050650254
    },
    "log_return_5": {
      "mean": 0.0020903504210677618,
      "std": 0.047653307928339175
    },
    "log_return_20": {
      "mean": 0.008069590766246805,
      "std": 0.09709548778002866
    },
    "dist_to_sma_20": {
      "mean": 0.004602472623295014,
      "std": 0.05290962354820596
    },
    "dist_to_sma_50": {
      "mean": 0.010731058703916408,
      "std": 0.08539013674737697
    },
    "sma_20_sma_50_ratio": {
      "mean": 0.005226917093379072,
      "std": 0.05224789997629987
    },
    "volume_z_score_20": {
      "mean": -0.0125483186461708,
      "std": 1.0827868334185846
    },
    "atr_pct_14": {
      "mean": 2.4030743580045004,
      "std": 1.0073434772557381
    },
    "realized_volatility_20": {
      "mean": 0.07528347622182462,
      "std": 0.04036296399305423
    },
    "rsi_14": {
      "mean": 52.99957951900785,
      "std": 13.464407858805865
    },
    "bollinger_percent_b_20_2": {
      "mean": 0.5578116502679442,
      "std": 0.34134997568249825
    },
    "bollinger_bandwidth_20_2": {
      "mean": 0.12493472575603566,
      "std": 0.09241822445758935
    },
    "macd_hist_12_26_9": {
      "mean": 0.02832094079809916,
      "std": 1.2542447081990282
    },
    "volume_trend_5_20": {
      "mean": 0.0031052462855446837,
      "std": 0.3464347647810428
    },
    "atr_ratio_5_20": {
      "mean": 0.9962488379384767,
      "std": 0.18553865488733112
    },
    "ret_skew_20": {
      "mean": -0.08561606401002156,
      "std": 0.9478102812073392
    },
    "down_streak_10": {
      "mean": 0.08392045454545453,
      "std": 0.12190474313903207
    },
    "downside_vol_20": {
      "mean": 0.009873328081167575,
      "std": 0.006985901531575679
    }
  },
  "TRAIN_WINDOW": "2017-01-01 -> 2023-12-31",
  "LABEL_CONTRACT": "TripleBarrier.ATR.daily.v1",
  "MODEL_HASH": "674617ef8f90fec42ade8888dfe1111c55eea26004589a4e8736d428e523a2f1",
  "RANDOM_SEED": 42
}
