{
  "ticker": "L",
  "best_params": {
    "hidden": 32,
    "lr": 0.001,
    "dropout": 0.3,
    "weight_decay": 0.0001,
    "num_layers": 1,
    "refit_epochs": 5
  },
  "kelly_fraction": null,
  "THRESHOLD_ENTRY": 0.5,
  "DIRECTION_MODE": "long_only",
  "CALIBRATION": {
    "theta_entry": 0.5,
    "kelly_fraction": null,
    "direction_mode": "long_only",
    "oof_trades": 92,
    "trade_floor_met": true,
    "oof_log_growth": 0.1949402212159676
  },
  "cv_auc_pr": 0.45596480172138065,
  "cv_folds": 4,
  "SEQ_LEN": 60,
  "FEATURE_MANIFEST": [
    "log_return_1",
    "log_return_5",
    "log_return_20",
    "dist_to_sma_20",
    "dist_to_sma_50",
    "sma_20_sma_50_ratio",
    "volume_z_score_20",
    "atr_pct_14",
    "realized_volatility_20",
    "rsi_14",
    "bollinger_percent_b_20_2",
    "bollinger_bandwidth_20_2",
    "macd_hist_12_26_9",
    "gap_open_z20",
    "high_low_range_pct",
    "down_streak_10",
    "range_compression_60",
    "sma_slope_50_20"
  ],
  "NORM_STATS": {
    "log_return_1": {
      "mean": 0.00022481242623427746,
      "std": 0.017946928523370813
    },
    "log_return_5": {
      "mean": 0.0010881842360223823,
      "std": 0.035102863965267406
    },
    "log_return_20": {
      "mean": 0.004393848545720368,
      "std": 0.0676071806440377
    },
    "dist_to_sma_20": {
      "mean": 0.002361134925654438,
      "std": 0.03720473450030116
    },
    "dist_to_sma_50": {
      "mean": 0.006356971743130655,
      "std": 0.05601863858518375
    },
    "sma_20_sma_50_ratio": {
      "mean": 0.0036434078625629603,
      "std": 0.034376118856252046
    },
    "volume_z_score_20": {
      "mean": -0.001332001630393081,
      "std": 1.0867043620028611
    },
    "atr_pct_14": {
      "mean": 2.0289792433719174,
      "std": 1.285163675645081
    },
    "realized_volatility_20": {
      "mean": 0.06233637119571092,
      "std": 0.048203021340060014
    },
    "rsi_14": {
      "mean": 52.50463009188659,
      "std": 9.994059576988926
    },
    "bollinger_percent_b_20_2": {
      "mean": 0.5596799274681393,
      "std": 0.319062347308849
    },
    "bollinger_bandwidth_20_2": {
      "mean": 0.08768392687031809,
      "std": 0.07139106937097484
    },
    "macd_hist_12_26_9": {
      "mean": -0.0009912025814478405,
      "std": 0.23873806099827943
    },
    "gap_open_z20": {
      "mean": -0.011234966618105226,
      "std": 1.018232918173597
    },
    "high_low_range_pct": {
      "mean": 1.853874755459338,
      "std": 1.4378400815191854
    },
    "down_streak_10": {
      "mean": 0.08221590909090909,
      "std": 0.11714733815930227
    },
    "range_compression_60": {
      "mean": 0.5100189393939395,
      "std": 0.29502771166688796
    },
    "sma_slope_50_20": {
      "mean": 0.004805984987564382,
      "std": 0.03842783212075318
    }
  },
  "TRAIN_WINDOW": "2017-01-01 -> 2023-12-31",
  "LABEL_CONTRACT": "TripleBarrier.ATR.daily.v1",
  "MODEL_HASH": "9ed45067e6b4b02aa338f414167a03da2789b52ddf5bbfd7fca99707aa0d367e",
  "RANDOM_SEED": 42
}
