{
  "ticker": "FDX",
  "best_params": {
    "hidden": 32,
    "lr": 0.001,
    "dropout": 0.3,
    "weight_decay": 0.0001,
    "num_layers": 1,
    "refit_epochs": 5
  },
  "kelly_fraction": null,
  "THRESHOLD_ENTRY": 0.56,
  "DIRECTION_MODE": "long_only",
  "CALIBRATION": {
    "theta_entry": 0.56,
    "kelly_fraction": null,
    "direction_mode": "long_only",
    "oof_trades": 19,
    "trade_floor_met": true,
    "oof_log_growth": 0.1571743812235896
  },
  "cv_auc_pr": 0.4381667596409455,
  "cv_folds": 4,
  "SEQ_LEN": 60,
  "FEATURE_MANIFEST": [
    "log_return_1",
    "log_return_5",
    "log_return_20",
    "dist_to_sma_20",
    "dist_to_sma_50",
    "sma_20_sma_50_ratio",
    "volume_z_score_20",
    "atr_pct_14",
    "realized_volatility_20",
    "rsi_14",
    "bollinger_percent_b_20_2",
    "bollinger_bandwidth_20_2",
    "macd_hist_12_26_9",
    "dist_to_high_252",
    "ret_skew_20",
    "rsi_2",
    "williams_r_14",
    "downside_vol_20",
    "zscore_close_20"
  ],
  "NORM_STATS": {
    "log_return_1": {
      "mean": 0.00017399701140825518,
      "std": 0.021794123322591202
    },
    "log_return_5": {
      "mean": 0.0008156750322596785,
      "std": 0.04897916755076873
    },
    "log_return_20": {
      "mean": 0.0035095232576104443,
      "std": 0.09972670899023303
    },
    "dist_to_sma_20": {
      "mean": 0.002358626731912687,
      "std": 0.05411974710083321
    },
    "dist_to_sma_50": {
      "mean": 0.006197129505810963,
      "std": 0.08814701938113725
    },
    "sma_20_sma_50_ratio": {
      "mean": 0.0028830331762200877,
      "std": 0.05389234892132266
    },
    "volume_z_score_20": {
      "mean": -0.009677613089399378,
      "std": 1.0938180334805074
    },
    "atr_pct_14": {
      "mean": 2.581715322878162,
      "std": 1.0567874099201797
    },
    "realized_volatility_20": {
      "mean": 0.08263848831078381,
      "std": 0.045375055995371595
    },
    "rsi_14": {
      "mean": 51.309432528267116,
      "std": 13.16819792979305
    },
    "bollinger_percent_b_20_2": {
      "mean": 0.538903130791623,
      "std": 0.33808465394497844
    },
    "bollinger_bandwidth_20_2": {
      "mean": 0.13130076010804276,
      "std": 0.09088165792242617
    },
    "macd_hist_12_26_9": {
      "mean": -0.0016233757204334438,
      "std": 1.4494815249980801
    },
    "dist_to_high_252": {
      "mean": -0.17714151878505058,
      "std": 0.13165596509547028
    },
    "ret_skew_20": {
      "mean": -0.18632773244179357,
      "std": 1.0366556730782426
    },
    "rsi_2": {
      "mean": 52.497804827596056,
      "std": 31.61141075752134
    },
    "williams_r_14": {
      "mean": -46.05032620241762,
      "std": 31.00739174526585
    },
    "downside_vol_20": {
      "mean": 0.011109933784348346,
      "std": 0.008109753482131438
    },
    "zscore_close_20": {
      "mean": 0.15561252316649207,
      "std": 1.3523386157799138
    }
  },
  "TRAIN_WINDOW": "2017-01-01 -> 2023-12-31",
  "LABEL_CONTRACT": "TripleBarrier.ATR.daily.v1",
  "MODEL_HASH": "112093367a36d89397cac1dfff6d186fc52aa40b4e02cf50a374a6f84aa92142",
  "RANDOM_SEED": 42
}
