{
  "ticker": "VST",
  "best_params": {
    "hidden": 32,
    "lr": 0.001,
    "dropout": 0.3,
    "weight_decay": 0.0001,
    "num_layers": 1,
    "refit_epochs": 5
  },
  "kelly_fraction": null,
  "THRESHOLD_ENTRY": 0.54,
  "DIRECTION_MODE": "long_only",
  "CALIBRATION": {
    "theta_entry": 0.54,
    "kelly_fraction": null,
    "direction_mode": "long_only",
    "oof_trades": 56,
    "trade_floor_met": true,
    "oof_log_growth": 0.05652451736182288
  },
  "cv_auc_pr": 0.4648380908802354,
  "cv_folds": 4,
  "SEQ_LEN": 60,
  "FEATURE_MANIFEST": [
    "log_return_1",
    "log_return_5",
    "log_return_20",
    "dist_to_sma_20",
    "dist_to_sma_50",
    "sma_20_sma_50_ratio",
    "volume_z_score_20",
    "atr_pct_14",
    "realized_volatility_20",
    "rsi_14",
    "bollinger_percent_b_20_2",
    "bollinger_bandwidth_20_2",
    "macd_hist_12_26_9",
    "momentum_60",
    "ret_skew_20",
    "dist_to_sma_10",
    "illiquidity_amihud_20",
    "vol_scaled_momentum_20",
    "sma_slope_50_20"
  ],
  "NORM_STATS": {
    "log_return_1": {
      "mean": 0.0005581434526261878,
      "std": 0.022011440101660864
    },
    "log_return_5": {
      "mean": 0.0027342492964341145,
      "std": 0.048791556935271777
    },
    "log_return_20": {
      "mean": 0.011007697941167236,
      "std": 0.0857747815041595
    },
    "dist_to_sma_20": {
      "mean": 0.005820417332643081,
      "std": 0.04779556145859653
    },
    "dist_to_sma_50": {
      "mean": 0.013489952825915322,
      "std": 0.07107254006811126
    },
    "sma_20_sma_50_ratio": {
      "mean": 0.007516042797492705,
      "std": 0.04297521013856136
    },
    "volume_z_score_20": {
      "mean": -0.011205249597627358,
      "std": 1.0688158981117055
    },
    "atr_pct_14": {
      "mean": 2.8321461415084923,
      "std": 1.0765617757288215
    },
    "realized_volatility_20": {
      "mean": 0.08451720871929974,
      "std": 0.04751974185156257
    },
    "rsi_14": {
      "mean": 53.18456868562998,
      "std": 11.386330020674142
    },
    "bollinger_percent_b_20_2": {
      "mean": 0.5646646548058062,
      "std": 0.3267255519647106
    },
    "bollinger_bandwidth_20_2": {
      "mean": 0.12405897553695762,
      "std": 0.0831082050249218
    },
    "macd_hist_12_26_9": {
      "mean": 0.001118936018355613,
      "std": 0.142520132029687
    },
    "momentum_60": {
      "mean": 0.02900190573839539,
      "std": 0.13061764463478964
    },
    "ret_skew_20": {
      "mean": -0.057171958885729436,
      "std": 0.8584300436123125
    },
    "dist_to_sma_10": {
      "mean": 0.00276726516830244,
      "std": 0.03499858651130663
    },
    "illiquidity_amihud_20": {
      "mean": 0.0009801155322421962,
      "std": 0.00047162067777167674
    },
    "vol_scaled_momentum_20": {
      "mean": 1.03241050150924,
      "std": 4.027150390472233
    },
    "sma_slope_50_20": {
      "mean": 0.009406606731919852,
      "std": 0.04376159104281693
    }
  },
  "TRAIN_WINDOW": "2017-01-01 -> 2023-12-31",
  "LABEL_CONTRACT": "TripleBarrier.ATR.daily.v1",
  "MODEL_HASH": "2d1c0820dcfe791893a760b8b599228b61d7385ce98dc5c857855e5324e93dc9",
  "RANDOM_SEED": 42
}
