{
  "ticker": "CPRT",
  "best_params": {
    "hidden": 32,
    "lr": 0.001,
    "dropout": 0.3,
    "weight_decay": 0.0001,
    "num_layers": 1,
    "refit_epochs": 5
  },
  "kelly_fraction": null,
  "THRESHOLD_ENTRY": 0.52,
  "DIRECTION_MODE": "both",
  "CALIBRATION": {
    "theta_entry": 0.52,
    "kelly_fraction": null,
    "direction_mode": "both",
    "oof_trades": 83,
    "trade_floor_met": true,
    "oof_log_growth": 0.9376096314262619
  },
  "cv_auc_pr": 0.5455345074406888,
  "cv_folds": 4,
  "SEQ_LEN": 60,
  "FEATURE_MANIFEST": [
    "log_return_1",
    "log_return_5",
    "log_return_20",
    "dist_to_sma_20",
    "dist_to_sma_50",
    "sma_20_sma_50_ratio",
    "volume_z_score_20",
    "atr_pct_14",
    "realized_volatility_20",
    "rsi_14",
    "bollinger_percent_b_20_2",
    "bollinger_bandwidth_20_2",
    "macd_hist_12_26_9",
    "gap_open_z20",
    "xas_mkt_lead_ret_1",
    "day_range_pos_20",
    "bb_bandwidth_20"
  ],
  "NORM_STATS": {
    "log_return_1": {
      "mean": -6.985215043672306e-05,
      "std": 0.03373336079623227
    },
    "log_return_5": {
      "mean": -0.00036390373919371687,
      "std": 0.07526643270207155
    },
    "log_return_20": {
      "mean": -0.0015008226086531266,
      "std": 0.1472021296073744
    },
    "dist_to_sma_20": {
      "mean": 0.0008243853920279981,
      "std": 0.07350092696577139
    },
    "dist_to_sma_50": {
      "mean": 0.00259042516024887,
      "std": 0.1197852922701471
    },
    "sma_20_sma_50_ratio": {
      "mean": -0.00015346935386649016,
      "std": 0.07834739287726
    },
    "volume_z_score_20": {
      "mean": 0.017927717607671506,
      "std": 1.087278752714266
    },
    "atr_pct_14": {
      "mean": 2.549532707651226,
      "std": 1.3417924459355732
    },
    "realized_volatility_20": {
      "mean": 0.09093897927714985,
      "std": 0.11576334414102464
    },
    "rsi_14": {
      "mean": 54.3583611287356,
      "std": 15.388260483522926
    },
    "bollinger_percent_b_20_2": {
      "mean": 0.5960156865450957,
      "std": 0.33318006338639883
    },
    "bollinger_bandwidth_20_2": {
      "mean": 0.14529115056257028,
      "std": 0.19078234629347784
    },
    "macd_hist_12_26_9": {
      "mean": -0.0005993454321864318,
      "std": 0.80543239488943
    },
    "gap_open_z20": {
      "mean": -0.019305135571116804,
      "std": 1.0034304947107717
    },
    "xas_mkt_lead_ret_1": {
      "mean": 0.00034477691612461295,
      "std": 0.012753592718133658
    },
    "day_range_pos_20": {
      "mean": 0.60790421662285,
      "std": 0.3085019866500967
    },
    "bb_bandwidth_20": {
      "mean": 0.03632278764064257,
      "std": 0.04769558657336946
    }
  },
  "TRAIN_WINDOW": "2017-01-01 -> 2023-12-31",
  "LABEL_CONTRACT": "TripleBarrier.ATR.daily.v1",
  "MODEL_HASH": "51cad8059caf8552ca8396e54e21af268425c89ae8e29dfa5e8cdef7c9a5c470",
  "RANDOM_SEED": 42
}
