{
  "ticker": "DHR",
  "best_params": {
    "hidden": 32,
    "lr": 0.001,
    "dropout": 0.3,
    "weight_decay": 0.0001,
    "num_layers": 1,
    "refit_epochs": 5
  },
  "kelly_fraction": null,
  "THRESHOLD_ENTRY": 0.54,
  "DIRECTION_MODE": "long_only",
  "CALIBRATION": {
    "theta_entry": 0.54,
    "kelly_fraction": null,
    "direction_mode": "long_only",
    "oof_trades": 80,
    "trade_floor_met": true,
    "oof_log_growth": 0.6093222724650655
  },
  "cv_auc_pr": 0.5075724825838537,
  "cv_folds": 4,
  "SEQ_LEN": 60,
  "FEATURE_MANIFEST": [
    "log_return_1",
    "log_return_5",
    "log_return_20",
    "dist_to_sma_20",
    "dist_to_sma_50",
    "sma_20_sma_50_ratio",
    "volume_z_score_20",
    "atr_pct_14",
    "realized_volatility_20",
    "rsi_14",
    "bollinger_percent_b_20_2",
    "bollinger_bandwidth_20_2",
    "macd_hist_12_26_9",
    "high_low_range_pct",
    "dist_to_high_252",
    "downside_vol_20",
    "illiquidity_amihud_20"
  ],
  "NORM_STATS": {
    "log_return_1": {
      "mean": 0.0006190173388941847,
      "std": 0.016263208621552384
    },
    "log_return_5": {
      "mean": 0.0030819930411611703,
      "std": 0.03437757642632388
    },
    "log_return_20": {
      "mean": 0.01205091465236353,
      "std": 0.06930305071139557
    },
    "dist_to_sma_20": {
      "mean": 0.006113218341332204,
      "std": 0.0377161649212952
    },
    "dist_to_sma_50": {
      "mean": 0.015223173105463264,
      "std": 0.059174884144599524
    },
    "sma_20_sma_50_ratio": {
      "mean": 0.00869154371553061,
      "std": 0.03656596545189737
    },
    "volume_z_score_20": {
      "mean": 0.009851464181532951,
      "std": 1.1008549457805323
    },
    "atr_pct_14": {
      "mean": 2.1252559732540695,
      "std": 0.8142234323787942
    },
    "realized_volatility_20": {
      "mean": 0.0642619264453888,
      "std": 0.0302260338075326
    },
    "rsi_14": {
      "mean": 54.108464654384434,
      "std": 12.484268468586837
    },
    "bollinger_percent_b_20_2": {
      "mean": 0.5708058352769995,
      "std": 0.33044367026907223
    },
    "bollinger_bandwidth_20_2": {
      "mean": 0.09772422405841896,
      "std": 0.05359727030893605
    },
    "macd_hist_12_26_9": {
      "mean": 0.010332871540745815,
      "std": 1.122830642211534
    },
    "high_low_range_pct": {
      "mean": 2.0077347978216906,
      "std": 1.2199721571374629
    },
    "dist_to_high_252": {
      "mean": -0.09620578440142745,
      "std": 0.08125025782978838
    },
    "downside_vol_20": {
      "mean": 0.008214530220969796,
      "std": 0.005115994405880859
    },
    "illiquidity_amihud_20": {
      "mean": 0.0007597498290800473,
      "std": 0.0003418517464647297
    }
  },
  "TRAIN_WINDOW": "2017-01-01 -> 2023-12-31",
  "LABEL_CONTRACT": "TripleBarrier.ATR.daily.v1",
  "MODEL_HASH": "8ff804f51783573be6cd690a09c1ca93e3f053c4aef327eb0e32f8f6a940b97d",
  "RANDOM_SEED": 42
}
