{
  "ticker": "PNC",
  "best_params": {
    "hidden": 32,
    "lr": 0.001,
    "dropout": 0.3,
    "weight_decay": 0.0001,
    "num_layers": 1,
    "refit_epochs": 5
  },
  "kelly_fraction": null,
  "THRESHOLD_ENTRY": 0.6,
  "DIRECTION_MODE": "long_only",
  "CALIBRATION": {
    "theta_entry": 0.6,
    "kelly_fraction": null,
    "direction_mode": "long_only",
    "oof_trades": 17,
    "trade_floor_met": true,
    "oof_log_growth": 0.3275476642663215
  },
  "cv_auc_pr": 0.47196012269606913,
  "cv_folds": 4,
  "SEQ_LEN": 60,
  "FEATURE_MANIFEST": [
    "log_return_1",
    "log_return_5",
    "log_return_20",
    "dist_to_sma_20",
    "dist_to_sma_50",
    "sma_20_sma_50_ratio",
    "volume_z_score_20",
    "atr_pct_14",
    "realized_volatility_20",
    "rsi_14",
    "bollinger_percent_b_20_2",
    "bollinger_bandwidth_20_2",
    "macd_hist_12_26_9",
    "ret_kurt_20",
    "reversal_2d",
    "overnight_intraday_spread_20",
    "vol_of_vol_20",
    "momentum_acceleration_10",
    "vol_scaled_momentum_20"
  ],
  "NORM_STATS": {
    "log_return_1": {
      "mean": 0.00015959814204983007,
      "std": 0.020209443399319356
    },
    "log_return_5": {
      "mean": 0.0007820334582481328,
      "std": 0.042230964205854676
    },
    "log_return_20": {
      "mean": 0.00280303647687308,
      "std": 0.08527137695771536
    },
    "dist_to_sma_20": {
      "mean": 0.0019387644207006604,
      "std": 0.04665583860995284
    },
    "dist_to_sma_50": {
      "mean": 0.004413124209029297,
      "std": 0.07264463033282957
    },
    "sma_20_sma_50_ratio": {
      "mean": 0.0018511934707959698,
      "std": 0.04458461776140061
    },
    "volume_z_score_20": {
      "mean": -0.006505150827849143,
      "std": 1.0730531733473
    },
    "atr_pct_14": {
      "mean": 2.519723416667653,
      "std": 1.1794362018756108
    },
    "realized_volatility_20": {
      "mean": 0.07540586037536201,
      "std": 0.04576069710342453
    },
    "rsi_14": {
      "mean": 51.93655339143943,
      "std": 11.977978491058181
    },
    "bollinger_percent_b_20_2": {
      "mean": 0.5359129478095768,
      "std": 0.3339097470503276
    },
    "bollinger_bandwidth_20_2": {
      "mean": 0.11570412747915458,
      "std": 0.07640736093972585
    },
    "macd_hist_12_26_9": {
      "mean": 0.007891487161530238,
      "std": 0.8852752952681288
    },
    "ret_kurt_20": {
      "mean": 0.7183924022228853,
      "std": 1.6868545546849527
    },
    "reversal_2d": {
      "mean": -0.0003262839660457635,
      "std": 0.026951282221604075
    },
    "overnight_intraday_spread_20": {
      "mean": 0.00018642241457410993,
      "std": 0.004702038680459736
    },
    "vol_of_vol_20": {
      "mean": 0.0037954916838783817,
      "std": 0.0031203477957997667
    },
    "momentum_acceleration_10": {
      "mean": 0.0002594533559406884,
      "std": 0.08509801210084804
    },
    "vol_scaled_momentum_20": {
      "mean": 0.6672171561883048,
      "std": 4.304433634261601
    }
  },
  "TRAIN_WINDOW": "2017-01-01 -> 2023-12-31",
  "LABEL_CONTRACT": "TripleBarrier.ATR.daily.v1",
  "MODEL_HASH": "0d46b178d55beceaa7ca975daf77cda2f29852881bd4c0c222310ff81c1889dc",
  "RANDOM_SEED": 42
}
