{
  "ticker": "FISV",
  "best_params": {
    "hidden": 32,
    "lr": 0.001,
    "dropout": 0.3,
    "weight_decay": 0.0001,
    "num_layers": 1,
    "refit_epochs": 5
  },
  "kelly_fraction": null,
  "THRESHOLD_ENTRY": 0.52,
  "DIRECTION_MODE": "both",
  "CALIBRATION": {
    "theta_entry": 0.52,
    "kelly_fraction": null,
    "direction_mode": "both",
    "oof_trades": 42,
    "trade_floor_met": true,
    "oof_log_growth": -0.055178911103682476
  },
  "cv_auc_pr": 0.45110360074379496,
  "cv_folds": 4,
  "SEQ_LEN": 60,
  "FEATURE_MANIFEST": [
    "log_return_1",
    "log_return_5",
    "log_return_20",
    "dist_to_sma_20",
    "dist_to_sma_50",
    "sma_20_sma_50_ratio",
    "volume_z_score_20",
    "atr_pct_14",
    "realized_volatility_20",
    "rsi_14",
    "bollinger_percent_b_20_2",
    "bollinger_bandwidth_20_2",
    "macd_hist_12_26_9",
    "xas_rs_mkt_20",
    "downside_upside_vol_ratio_20"
  ],
  "NORM_STATS": {
    "log_return_1": {
      "mean": 0.00012662574880983556,
      "std": 0.024076200396993493
    },
    "log_return_5": {
      "mean": 0.0006098046618695731,
      "std": 0.05185175237973616
    },
    "log_return_20": {
      "mean": 0.0025420752894264155,
      "std": 0.09899083200871703
    },
    "dist_to_sma_20": {
      "mean": 0.0018778847394333136,
      "std": 0.05042776618883241
    },
    "dist_to_sma_50": {
      "mean": 0.0045424875086733105,
      "std": 0.07743960999792036
    },
    "sma_20_sma_50_ratio": {
      "mean": 0.0020195380180865123,
      "std": 0.05023412527505788
    },
    "volume_z_score_20": {
      "mean": 0.01191950251693346,
      "std": 1.0938494011726954
    },
    "atr_pct_14": {
      "mean": 2.2669632582979866,
      "std": 1.1114345753978887
    },
    "realized_volatility_20": {
      "mean": 0.0729952302099837,
      "std": 0.07599810484782968
    },
    "rsi_14": {
      "mean": 52.947769059493474,
      "std": 12.065176829844262
    },
    "bollinger_percent_b_20_2": {
      "mean": 0.5665670824645656,
      "std": 0.32659825749223503
    },
    "bollinger_bandwidth_20_2": {
      "mean": 0.103502820312326,
      "std": 0.12834223103127793
    },
    "macd_hist_12_26_9": {
      "mean": 0.003227165325854577,
      "std": 0.8076857840493405
    },
    "xas_rs_mkt_20": {
      "mean": -0.004014687929061796,
      "std": 0.08615121125823295
    },
    "downside_upside_vol_ratio_20": {
      "mean": 1.1833732008203444,
      "std": 2.460334841273685
    }
  },
  "TRAIN_WINDOW": "2017-01-01 -> 2023-12-31",
  "LABEL_CONTRACT": "TripleBarrier.ATR.daily.v1",
  "MODEL_HASH": "78b6e3a7695d31ff90105674c4dbbeeec003e41be7aa4830d7d720ed6a7018fa",
  "RANDOM_SEED": 42
}
