{
  "ticker": "AFL",
  "best_params": {
    "hidden": 32,
    "lr": 0.001,
    "dropout": 0.3,
    "weight_decay": 0.0001,
    "num_layers": 1,
    "refit_epochs": 5
  },
  "kelly_fraction": null,
  "THRESHOLD_ENTRY": 0.5,
  "DIRECTION_MODE": "long_only",
  "CALIBRATION": {
    "theta_entry": 0.5,
    "kelly_fraction": null,
    "direction_mode": "long_only",
    "oof_trades": 93,
    "trade_floor_met": true,
    "oof_log_growth": 0.1434985508001995
  },
  "cv_auc_pr": 0.4476072360185262,
  "cv_folds": 4,
  "SEQ_LEN": 60,
  "FEATURE_MANIFEST": [
    "log_return_1",
    "log_return_5",
    "log_return_20",
    "dist_to_sma_20",
    "dist_to_sma_50",
    "sma_20_sma_50_ratio",
    "volume_z_score_20",
    "atr_pct_14",
    "realized_volatility_20",
    "rsi_14",
    "bollinger_percent_b_20_2",
    "bollinger_bandwidth_20_2",
    "macd_hist_12_26_9",
    "williams_r_14",
    "vol_regime_20_60",
    "overnight_intraday_spread_20",
    "downside_vol_20",
    "sma_slope_50_20",
    "trend_align_5_10"
  ],
  "NORM_STATS": {
    "log_return_1": {
      "mean": 9.665339842119352e-05,
      "std": 0.024372564421418413
    },
    "log_return_5": {
      "mean": 0.00044934998885484586,
      "std": 0.05455033224350396
    },
    "log_return_20": {
      "mean": 0.0018868847046449877,
      "std": 0.10648815749323085
    },
    "dist_to_sma_20": {
      "mean": 0.00168034690451755,
      "std": 0.05403699174238924
    },
    "dist_to_sma_50": {
      "mean": 0.004007118175724763,
      "std": 0.08129086849983276
    },
    "sma_20_sma_50_ratio": {
      "mean": 0.0016353373133544205,
      "std": 0.053075391421398874
    },
    "volume_z_score_20": {
      "mean": -0.013964161756795516,
      "std": 1.0773379627589805
    },
    "atr_pct_14": {
      "mean": 2.0583662074452307,
      "std": 1.3129367549699558
    },
    "realized_volatility_20": {
      "mean": 0.06677635935631974,
      "std": 0.08273962227336253
    },
    "rsi_14": {
      "mean": 53.17135623720193,
      "std": 12.348935576679438
    },
    "bollinger_percent_b_20_2": {
      "mean": 0.5810322227344248,
      "std": 0.32400600537635277
    },
    "bollinger_bandwidth_20_2": {
      "mean": 0.10139480843303685,
      "std": 0.14149791812129608
    },
    "macd_hist_12_26_9": {
      "mean": 0.0009068590949924203,
      "std": 0.46601488179926104
    },
    "williams_r_14": {
      "mean": -42.09515511363044,
      "std": 29.588527903747572
    },
    "vol_regime_20_60": {
      "mean": 0.9382717493635426,
      "std": 0.2936797796990519
    },
    "overnight_intraday_spread_20": {
      "mean": -0.0002911444507644822,
      "std": 0.004711038874935067
    },
    "downside_vol_20": {
      "mean": 0.00945760083971586,
      "std": 0.016864891117988026
    },
    "sma_slope_50_20": {
      "mean": 0.0015158678772556893,
      "std": 0.05774914115778239
    },
    "trend_align_5_10": {
      "mean": 0.47613636363636364,
      "std": 0.8767831594400556
    }
  },
  "TRAIN_WINDOW": "2017-01-01 -> 2023-12-31",
  "LABEL_CONTRACT": "TripleBarrier.ATR.daily.v1",
  "MODEL_HASH": "1aa58fcdce09e673b35372e236433e76bfc414ed99833614d01ec3f3a25599b5",
  "RANDOM_SEED": 42
}
