{
  "ticker": "CTAS",
  "best_params": {
    "hidden": 32,
    "lr": 0.001,
    "dropout": 0.3,
    "weight_decay": 0.0001,
    "num_layers": 1,
    "refit_epochs": 5
  },
  "kelly_fraction": null,
  "THRESHOLD_ENTRY": 0.54,
  "DIRECTION_MODE": "long_only",
  "CALIBRATION": {
    "theta_entry": 0.54,
    "kelly_fraction": null,
    "direction_mode": "long_only",
    "oof_trades": 52,
    "trade_floor_met": true,
    "oof_log_growth": 0.7861709047106469
  },
  "cv_auc_pr": 0.5053002452793314,
  "cv_folds": 4,
  "SEQ_LEN": 60,
  "FEATURE_MANIFEST": [
    "log_return_1",
    "log_return_5",
    "log_return_20",
    "dist_to_sma_20",
    "dist_to_sma_50",
    "sma_20_sma_50_ratio",
    "volume_z_score_20",
    "atr_pct_14",
    "realized_volatility_20",
    "rsi_14",
    "bollinger_percent_b_20_2",
    "bollinger_bandwidth_20_2",
    "macd_hist_12_26_9",
    "ret_skew_20",
    "down_streak_10",
    "vol_regime_20_60"
  ],
  "NORM_STATS": {
    "log_return_1": {
      "mean": 0.000938410439912104,
      "std": 0.018026640761132938
    },
    "log_return_5": {
      "mean": 0.0046739786314466585,
      "std": 0.03881984687451062
    },
    "log_return_20": {
      "mean": 0.017837547080513792,
      "std": 0.07865468993491122
    },
    "dist_to_sma_20": {
      "mean": 0.009052822964792415,
      "std": 0.04210799237719324
    },
    "dist_to_sma_50": {
      "mean": 0.02319015001144756,
      "std": 0.06645667008032752
    },
    "sma_20_sma_50_ratio": {
      "mean": 0.013538951193380963,
      "std": 0.04161246048307859
    },
    "volume_z_score_20": {
      "mean": -0.0014635814370531,
      "std": 1.1007895569980453
    },
    "atr_pct_14": {
      "mean": 2.103351633002995,
      "std": 1.112048038133687
    },
    "realized_volatility_20": {
      "mean": 0.06639567057585292,
      "std": 0.04186763735663137
    },
    "rsi_14": {
      "mean": 55.72514086277707,
      "std": 11.537658824807968
    },
    "bollinger_percent_b_20_2": {
      "mean": 0.6036590854305153,
      "std": 0.3217939521384456
    },
    "bollinger_bandwidth_20_2": {
      "mean": 0.10052538142757741,
      "std": 0.07689139749200179
    },
    "macd_hist_12_26_9": {
      "mean": 0.02476843144608641,
      "std": 1.6996021843386453
    },
    "ret_skew_20": {
      "mean": 0.03933426222891226,
      "std": 1.061608327522203
    },
    "down_streak_10": {
      "mean": 0.07602272727272727,
      "std": 0.11207789268596025
    },
    "vol_regime_20_60": {
      "mean": 0.9479820091251393,
      "std": 0.24965228288107644
    }
  },
  "TRAIN_WINDOW": "2017-01-01 -> 2023-12-31",
  "LABEL_CONTRACT": "TripleBarrier.ATR.daily.v1",
  "MODEL_HASH": "cad763466b7b68dbaeb51f890e1868a6428bc527acfca3c7722f19f91606ee55",
  "RANDOM_SEED": 42
}
