{
  "ticker": "SYF",
  "best_params": {
    "hidden": 32,
    "lr": 0.001,
    "dropout": 0.3,
    "weight_decay": 0.0001,
    "num_layers": 1,
    "refit_epochs": 5
  },
  "kelly_fraction": null,
  "THRESHOLD_ENTRY": 0.52,
  "DIRECTION_MODE": "long_only",
  "CALIBRATION": {
    "theta_entry": 0.52,
    "kelly_fraction": null,
    "direction_mode": "long_only",
    "oof_trades": 77,
    "trade_floor_met": true,
    "oof_log_growth": 0.29349878242067895
  },
  "cv_auc_pr": 0.47699839805614785,
  "cv_folds": 4,
  "SEQ_LEN": 60,
  "FEATURE_MANIFEST": [
    "log_return_1",
    "log_return_5",
    "log_return_20",
    "dist_to_sma_20",
    "dist_to_sma_50",
    "sma_20_sma_50_ratio",
    "volume_z_score_20",
    "atr_pct_14",
    "realized_volatility_20",
    "rsi_14",
    "bollinger_percent_b_20_2",
    "bollinger_bandwidth_20_2",
    "macd_hist_12_26_9",
    "obv_z20",
    "xas_rs_mkt_20",
    "vol_of_vol_20",
    "overnight_vol_20"
  ],
  "NORM_STATS": {
    "log_return_1": {
      "mean": 2.907735403034666e-05,
      "std": 0.026395106579038593
    },
    "log_return_5": {
      "mean": 0.0001303019781816118,
      "std": 0.059413887438489535
    },
    "log_return_20": {
      "mean": 5.665250985220638e-05,
      "std": 0.11869941331125658
    },
    "dist_to_sma_20": {
      "mean": 0.001133064104866039,
      "std": 0.0629347048269596
    },
    "dist_to_sma_50": {
      "mean": 0.0024780246164191715,
      "std": 0.10151103242623606
    },
    "sma_20_sma_50_ratio": {
      "mean": -2.1792980728441157e-05,
      "std": 0.06374461180180835
    },
    "volume_z_score_20": {
      "mean": -0.02034867333592311,
      "std": 1.1005459920177636
    },
    "atr_pct_14": {
      "mean": 3.192659103788979,
      "std": 1.6916237861696704
    },
    "realized_volatility_20": {
      "mean": 0.09711273747741245,
      "std": 0.06155659353817432
    },
    "rsi_14": {
      "mean": 51.15699617112353,
      "std": 12.483921399225105
    },
    "bollinger_percent_b_20_2": {
      "mean": 0.5225420710464485,
      "std": 0.3374552392778227
    },
    "bollinger_bandwidth_20_2": {
      "mean": 0.14891252801135976,
      "std": 0.1176875315375216
    },
    "macd_hist_12_26_9": {
      "mean": 0.001581623392639464,
      "std": 0.2543351605186868
    },
    "obv_z20": {
      "mean": 0.12666937585289714,
      "std": 1.3310510189977853
    },
    "xas_rs_mkt_20": {
      "mean": -0.00650523650275551,
      "std": 0.08293446033660043
    },
    "vol_of_vol_20": {
      "mean": 0.0050023353199016895,
      "std": 0.0047532096208419495
    },
    "overnight_vol_20": {
      "mean": 0.011559331039794672,
      "std": 0.007935311346531177
    }
  },
  "TRAIN_WINDOW": "2017-01-01 -> 2023-12-31",
  "LABEL_CONTRACT": "TripleBarrier.ATR.daily.v1",
  "MODEL_HASH": "efb6e725f5caac6ed4c10cca5a6b4216ace59dff7b98ec89edfc6f330aa37c85",
  "RANDOM_SEED": 42
}
