{
  "ticker": "CSCO",
  "best_params": {
    "hidden": 32,
    "lr": 0.001,
    "dropout": 0.3,
    "weight_decay": 0.0001,
    "num_layers": 1,
    "refit_epochs": 5
  },
  "kelly_fraction": null,
  "THRESHOLD_ENTRY": 0.52,
  "DIRECTION_MODE": "long_only",
  "CALIBRATION": {
    "theta_entry": 0.52,
    "kelly_fraction": null,
    "direction_mode": "long_only",
    "oof_trades": 64,
    "trade_floor_met": true,
    "oof_log_growth": 0.16963555481203607
  },
  "cv_auc_pr": 0.4869400540241056,
  "cv_folds": 4,
  "SEQ_LEN": 60,
  "FEATURE_MANIFEST": [
    "log_return_1",
    "log_return_5",
    "log_return_20",
    "dist_to_sma_20",
    "dist_to_sma_50",
    "sma_20_sma_50_ratio",
    "volume_z_score_20",
    "atr_pct_14",
    "realized_volatility_20",
    "rsi_14",
    "bollinger_percent_b_20_2",
    "bollinger_bandwidth_20_2",
    "macd_hist_12_26_9",
    "ret_skew_20",
    "down_streak_10",
    "downside_upside_vol_ratio_20"
  ],
  "NORM_STATS": {
    "log_return_1": {
      "mean": 0.000291517633424412,
      "std": 0.016868163192643778
    },
    "log_return_5": {
      "mean": 0.0014285500669314465,
      "std": 0.03390017463373151
    },
    "log_return_20": {
      "mean": 0.005574874756424038,
      "std": 0.06817163108956954
    },
    "dist_to_sma_20": {
      "mean": 0.002995676553394997,
      "std": 0.03723173241146545
    },
    "dist_to_sma_50": {
      "mean": 0.00770559556331013,
      "std": 0.05843722937530684
    },
    "sma_20_sma_50_ratio": {
      "mean": 0.004320374577195365,
      "std": 0.03590639717348071
    },
    "volume_z_score_20": {
      "mean": -0.005253964258077448,
      "std": 1.0638489598626237
    },
    "atr_pct_14": {
      "mean": 2.072385832119463,
      "std": 0.7933843097607955
    },
    "realized_volatility_20": {
      "mean": 0.06436257161820637,
      "std": 0.036273735922827656
    },
    "rsi_14": {
      "mean": 52.72242956326625,
      "std": 12.551521518642828
    },
    "bollinger_percent_b_20_2": {
      "mean": 0.5577548388860257,
      "std": 0.33983554569911206
    },
    "bollinger_bandwidth_20_2": {
      "mean": 0.09657522872421354,
      "std": 0.05306138342302628
    },
    "macd_hist_12_26_9": {
      "mean": -0.0003338344810592952,
      "std": 0.23838162460322299
    },
    "ret_skew_20": {
      "mean": -0.1876563376144556,
      "std": 1.105980669141716
    },
    "down_streak_10": {
      "mean": 0.084375,
      "std": 0.11908818471467421
    },
    "downside_upside_vol_ratio_20": {
      "mean": 1.027045227850792,
      "std": 0.7102766882157645
    }
  },
  "TRAIN_WINDOW": "2017-01-01 -> 2023-12-31",
  "LABEL_CONTRACT": "TripleBarrier.ATR.daily.v1",
  "MODEL_HASH": "fc8f902de595067c10181954f5f280601ae111ee6403e06c9ee9259515cc6868",
  "RANDOM_SEED": 42
}
