{
  "ticker": "TFC",
  "best_params": {
    "hidden": 32,
    "lr": 0.001,
    "dropout": 0.3,
    "weight_decay": 0.0001,
    "num_layers": 1,
    "refit_epochs": 5
  },
  "kelly_fraction": null,
  "THRESHOLD_ENTRY": 0.54,
  "DIRECTION_MODE": "both",
  "CALIBRATION": {
    "theta_entry": 0.54,
    "kelly_fraction": null,
    "direction_mode": "both",
    "oof_trades": 44,
    "trade_floor_met": true,
    "oof_log_growth": 0.3226286691535732
  },
  "cv_auc_pr": 0.5004971202956652,
  "cv_folds": 4,
  "SEQ_LEN": 60,
  "FEATURE_MANIFEST": [
    "log_return_1",
    "log_return_5",
    "log_return_20",
    "dist_to_sma_20",
    "dist_to_sma_50",
    "sma_20_sma_50_ratio",
    "volume_z_score_20",
    "atr_pct_14",
    "realized_volatility_20",
    "rsi_14",
    "bollinger_percent_b_20_2",
    "bollinger_bandwidth_20_2",
    "macd_hist_12_26_9",
    "return_120",
    "ret_kurt_20",
    "overnight_vol_20"
  ],
  "NORM_STATS": {
    "log_return_1": {
      "mean": -0.00013751834450130798,
      "std": 0.023122737275804703
    },
    "log_return_5": {
      "mean": -0.0006883530920283073,
      "std": 0.04964150577092986
    },
    "log_return_20": {
      "mean": -0.0031624213397575007,
      "std": 0.10037973910948637
    },
    "dist_to_sma_20": {
      "mean": -0.000666810640222251,
      "std": 0.05397975078196445
    },
    "dist_to_sma_50": {
      "mean": -0.0023632990652374818,
      "std": 0.08113245533442484
    },
    "sma_20_sma_50_ratio": {
      "mean": -0.0023928717290075665,
      "std": 0.05105231277951637
    },
    "volume_z_score_20": {
      "mean": -0.0012898419325056128,
      "std": 1.0937534246523948
    },
    "atr_pct_14": {
      "mean": 2.7869612589426573,
      "std": 1.494718941665298
    },
    "realized_volatility_20": {
      "mean": 0.08431190786395101,
      "std": 0.05517753054914812
    },
    "rsi_14": {
      "mean": 50.59002881546726,
      "std": 11.621343070039657
    },
    "bollinger_percent_b_20_2": {
      "mean": 0.5090232875360795,
      "std": 0.3329482886549657
    },
    "bollinger_bandwidth_20_2": {
      "mean": 0.12716285097243643,
      "std": 0.10136535752018072
    },
    "macd_hist_12_26_9": {
      "mean": 0.0006119809539295824,
      "std": 0.3324196118637718
    },
    "return_120": {
      "mean": -0.01752824265478929,
      "std": 0.20615410234490808
    },
    "ret_kurt_20": {
      "mean": 0.7383874082862237,
      "std": 1.754642321039388
    },
    "overnight_vol_20": {
      "mean": 0.009976927770636928,
      "std": 0.007459888131569912
    }
  },
  "TRAIN_WINDOW": "2017-01-01 -> 2023-12-31",
  "LABEL_CONTRACT": "TripleBarrier.ATR.daily.v1",
  "MODEL_HASH": "f0c6367b01fee36e21bded94acc96654a07a1e09503b476dae90a9a0eb49fa4b",
  "RANDOM_SEED": 42
}
