{
  "ticker": "SYY",
  "best_params": {
    "hidden": 32,
    "lr": 0.001,
    "dropout": 0.3,
    "weight_decay": 0.0001,
    "num_layers": 1,
    "refit_epochs": 5
  },
  "kelly_fraction": null,
  "THRESHOLD_ENTRY": 0.5,
  "DIRECTION_MODE": "both",
  "CALIBRATION": {
    "theta_entry": 0.5,
    "kelly_fraction": null,
    "direction_mode": "both",
    "oof_trades": 95,
    "trade_floor_met": true,
    "oof_log_growth": 0.22273513669850642
  },
  "cv_auc_pr": 0.49056188730665823,
  "cv_folds": 4,
  "SEQ_LEN": 60,
  "FEATURE_MANIFEST": [
    "log_return_1",
    "log_return_5",
    "log_return_20",
    "dist_to_sma_20",
    "dist_to_sma_50",
    "sma_20_sma_50_ratio",
    "volume_z_score_20",
    "atr_pct_14",
    "realized_volatility_20",
    "rsi_14",
    "bollinger_percent_b_20_2",
    "bollinger_bandwidth_20_2",
    "macd_hist_12_26_9",
    "return_120",
    "volume_trend_5_20",
    "dist_to_high_252",
    "rsi_2"
  ],
  "NORM_STATS": {
    "log_return_1": {
      "mean": 0.00015805580530985994,
      "std": 0.02086339292274648
    },
    "log_return_5": {
      "mean": 0.0007676414286053788,
      "std": 0.04924731861787014
    },
    "log_return_20": {
      "mean": 0.0032062583004082166,
      "std": 0.08819157649270822
    },
    "dist_to_sma_20": {
      "mean": 0.0020041668094807415,
      "std": 0.04690951954473349
    },
    "dist_to_sma_50": {
      "mean": 0.005073936300828527,
      "std": 0.06793635859167468
    },
    "sma_20_sma_50_ratio": {
      "mean": 0.0026235434131231727,
      "std": 0.04302052264423225
    },
    "volume_z_score_20": {
      "mean": 0.013970803689414219,
      "std": 1.0873875267484725
    },
    "atr_pct_14": {
      "mean": 2.2859541360935522,
      "std": 1.6294124595269897
    },
    "realized_volatility_20": {
      "mean": 0.0697228633465283,
      "std": 0.058767106214346373
    },
    "rsi_14": {
      "mean": 51.939714103949775,
      "std": 11.858803169057053
    },
    "bollinger_percent_b_20_2": {
      "mean": 0.5381877310050185,
      "std": 0.3326878928300174
    },
    "bollinger_bandwidth_20_2": {
      "mean": 0.104842630410124,
      "std": 0.10590760759326427
    },
    "macd_hist_12_26_9": {
      "mean": -2.3097482965276766e-05,
      "std": 0.43200011198188243
    },
    "return_120": {
      "mean": 0.02094141980807273,
      "std": 0.17243965199936753
    },
    "volume_trend_5_20": {
      "mean": 0.004106499575900748,
      "std": 0.2647026476255582
    },
    "dist_to_high_252": {
      "mean": -0.11699742586319363,
      "std": 0.10071338227315964
    },
    "rsi_2": {
      "mean": 52.72525149484898,
      "std": 30.61254385084206
    }
  },
  "TRAIN_WINDOW": "2017-01-01 -> 2023-12-31",
  "LABEL_CONTRACT": "TripleBarrier.ATR.daily.v1",
  "MODEL_HASH": "2bc900a17d10ee49df594115933b513f274531037afa8c0b324dc30eadc33292",
  "RANDOM_SEED": 42
}
