{
  "ticker": "MCD",
  "best_params": {
    "hidden": 32,
    "lr": 0.001,
    "dropout": 0.3,
    "weight_decay": 0.0001,
    "num_layers": 1,
    "refit_epochs": 5
  },
  "kelly_fraction": null,
  "THRESHOLD_ENTRY": 0.58,
  "DIRECTION_MODE": "both",
  "CALIBRATION": {
    "theta_entry": 0.58,
    "kelly_fraction": null,
    "direction_mode": "both",
    "oof_trades": 23,
    "trade_floor_met": true,
    "oof_log_growth": 0.28968218354766206
  },
  "cv_auc_pr": 0.5559403323222898,
  "cv_folds": 4,
  "SEQ_LEN": 60,
  "FEATURE_MANIFEST": [
    "log_return_1",
    "log_return_5",
    "log_return_20",
    "dist_to_sma_20",
    "dist_to_sma_50",
    "sma_20_sma_50_ratio",
    "volume_z_score_20",
    "atr_pct_14",
    "realized_volatility_20",
    "rsi_14",
    "bollinger_percent_b_20_2",
    "bollinger_bandwidth_20_2",
    "macd_hist_12_26_9",
    "return_120",
    "up_streak_10",
    "overnight_intraday_spread_20"
  ],
  "NORM_STATS": {
    "log_return_1": {
      "mean": 0.0005055258371678366,
      "std": 0.0135583857064342
    },
    "log_return_5": {
      "mean": 0.0024856742436494715,
      "std": 0.028601268795254344
    },
    "log_return_20": {
      "mean": 0.00985676516690988,
      "std": 0.05582730328000427
    },
    "dist_to_sma_20": {
      "mean": 0.004907793361099257,
      "std": 0.030492642005901727
    },
    "dist_to_sma_50": {
      "mean": 0.012482560255280318,
      "std": 0.045262521340606134
    },
    "sma_20_sma_50_ratio": {
      "mean": 0.007357877911230811,
      "std": 0.0279500155054419
    },
    "volume_z_score_20": {
      "mean": 0.026257781927535574,
      "std": 1.0983088459267099
    },
    "atr_pct_14": {
      "mean": 1.633163869461945,
      "std": 0.8274882852141952
    },
    "realized_volatility_20": {
      "mean": 0.04834889203885781,
      "std": 0.034335196580152674
    },
    "rsi_14": {
      "mean": 54.68921286375325,
      "std": 12.136242971311471
    },
    "bollinger_percent_b_20_2": {
      "mean": 0.5856352103807598,
      "std": 0.3261076697276059
    },
    "bollinger_bandwidth_20_2": {
      "mean": 0.07263591198780973,
      "std": 0.0561628005616042
    },
    "macd_hist_12_26_9": {
      "mean": 0.007479017580504101,
      "std": 0.9043394106321876
    },
    "return_120": {
      "mean": 0.05852850719989456,
      "std": 0.09898776560058072
    },
    "up_streak_10": {
      "mean": 0.11187499999999999,
      "std": 0.1486717947588519
    },
    "overnight_intraday_spread_20": {
      "mean": 6.676541586751442e-05,
      "std": 0.0034812103074832973
    }
  },
  "TRAIN_WINDOW": "2017-01-01 -> 2023-12-31",
  "LABEL_CONTRACT": "TripleBarrier.ATR.daily.v1",
  "MODEL_HASH": "761010480b19164b7557ebeb7dbf774fc3c63c14201fb886f5a3850da8134216",
  "RANDOM_SEED": 42
}
