{
  "ticker": "DECK",
  "best_params": {
    "hidden": 32,
    "lr": 0.001,
    "dropout": 0.3,
    "weight_decay": 0.0001,
    "num_layers": 1,
    "refit_epochs": 5
  },
  "kelly_fraction": null,
  "THRESHOLD_ENTRY": 0.52,
  "DIRECTION_MODE": "long_only",
  "CALIBRATION": {
    "theta_entry": 0.52,
    "kelly_fraction": null,
    "direction_mode": "long_only",
    "oof_trades": 82,
    "trade_floor_met": true,
    "oof_log_growth": 1.0979149146713323
  },
  "cv_auc_pr": 0.5287967117503202,
  "cv_folds": 4,
  "SEQ_LEN": 60,
  "FEATURE_MANIFEST": [
    "log_return_1",
    "log_return_5",
    "log_return_20",
    "dist_to_sma_20",
    "dist_to_sma_50",
    "sma_20_sma_50_ratio",
    "volume_z_score_20",
    "atr_pct_14",
    "realized_volatility_20",
    "rsi_14",
    "bollinger_percent_b_20_2",
    "bollinger_bandwidth_20_2",
    "macd_hist_12_26_9",
    "gap_open_z20",
    "ret_kurt_20",
    "dist_to_sma_10",
    "zscore_close_20"
  ],
  "NORM_STATS": {
    "log_return_1": {
      "mean": 0.0014149382229624906,
      "std": 0.02582986184277591
    },
    "log_return_5": {
      "mean": 0.0071679751821555875,
      "std": 0.05835914494627857
    },
    "log_return_20": {
      "mean": 0.02831442235380601,
      "std": 0.1067205029788079
    },
    "dist_to_sma_20": {
      "mean": 0.01446086776872553,
      "std": 0.059879627952711005
    },
    "dist_to_sma_50": {
      "mean": 0.03618680119138651,
      "std": 0.08957995919906932
    },
    "sma_20_sma_50_ratio": {
      "mean": 0.020710589475011528,
      "std": 0.053618422670278575
    },
    "volume_z_score_20": {
      "mean": 0.022998104789443658,
      "std": 1.093588715833822
    },
    "atr_pct_14": {
      "mean": 3.2957531203392336,
      "std": 1.2210471245745413
    },
    "realized_volatility_20": {
      "mean": 0.1018580063056526,
      "std": 0.04934816748340188
    },
    "rsi_14": {
      "mean": 54.986494922648355,
      "std": 11.71442869397081
    },
    "bollinger_percent_b_20_2": {
      "mean": 0.5832994476889727,
      "std": 0.32428786324022596
    },
    "bollinger_bandwidth_20_2": {
      "mean": 0.15539661723242978,
      "std": 0.09923121588636932
    },
    "macd_hist_12_26_9": {
      "mean": 0.04771883625654966,
      "std": 2.119144453597494
    },
    "gap_open_z20": {
      "mean": -0.013596678114122069,
      "std": 1.0163875350098106
    },
    "ret_kurt_20": {
      "mean": 1.4051265411700304,
      "std": 3.076855029344217
    },
    "dist_to_sma_10": {
      "mean": 0.006871162036833461,
      "std": 0.042854303368703744
    },
    "zscore_close_20": {
      "mean": 0.33319779075589095,
      "std": 1.2971514529609038
    }
  },
  "TRAIN_WINDOW": "2017-01-01 -> 2023-12-31",
  "LABEL_CONTRACT": "TripleBarrier.ATR.daily.v1",
  "MODEL_HASH": "525646b818d93c080fe433341c87bcdef0d369f3fc866105a66961707bfadeb1",
  "RANDOM_SEED": 42
}
