{
  "ticker": "WY",
  "best_params": {
    "hidden": 32,
    "lr": 0.001,
    "dropout": 0.3,
    "weight_decay": 0.0001,
    "num_layers": 1,
    "refit_epochs": 5
  },
  "kelly_fraction": null,
  "THRESHOLD_ENTRY": 0.58,
  "DIRECTION_MODE": "long_only",
  "CALIBRATION": {
    "theta_entry": 0.58,
    "kelly_fraction": null,
    "direction_mode": "long_only",
    "oof_trades": 19,
    "trade_floor_met": true,
    "oof_log_growth": -0.023023720569536985
  },
  "cv_auc_pr": 0.4199907311699065,
  "cv_folds": 4,
  "SEQ_LEN": 60,
  "FEATURE_MANIFEST": [
    "log_return_1",
    "log_return_5",
    "log_return_20",
    "dist_to_sma_20",
    "dist_to_sma_50",
    "sma_20_sma_50_ratio",
    "volume_z_score_20",
    "atr_pct_14",
    "realized_volatility_20",
    "rsi_14",
    "bollinger_percent_b_20_2",
    "bollinger_bandwidth_20_2",
    "macd_hist_12_26_9",
    "momentum_60",
    "return_120",
    "rsi_2",
    "momentum_acceleration_10",
    "zscore_close_20",
    "bb_percent_b_20"
  ],
  "NORM_STATS": {
    "log_return_1": {
      "mean": 8.19487353778069e-05,
      "std": 0.022076955048822924
    },
    "log_return_5": {
      "mean": 0.00039056949879502255,
      "std": 0.046082807333557955
    },
    "log_return_20": {
      "mean": 0.0005890396375095152,
      "std": 0.09191305342788196
    },
    "dist_to_sma_20": {
      "mean": 0.0011077871075060965,
      "std": 0.049505295221135656
    },
    "dist_to_sma_50": {
      "mean": 0.0020302547527032617,
      "std": 0.07431444664552991
    },
    "sma_20_sma_50_ratio": {
      "mean": 0.0003520878912702429,
      "std": 0.04640089905122469
    },
    "volume_z_score_20": {
      "mean": 0.007786370473874554,
      "std": 1.0921241901754646
    },
    "atr_pct_14": {
      "mean": 2.5334936204543914,
      "std": 1.3989052039739651
    },
    "realized_volatility_20": {
      "mean": 0.07670912541357698,
      "std": 0.058511243816634896
    },
    "rsi_14": {
      "mean": 51.029078349406056,
      "std": 11.454248537766215
    },
    "bollinger_percent_b_20_2": {
      "mean": 0.5227395876036786,
      "std": 0.33117908737428
    },
    "bollinger_bandwidth_20_2": {
      "mean": 0.11528012936374198,
      "std": 0.09363294753783385
    },
    "macd_hist_12_26_9": {
      "mean": 0.002033046047546665,
      "std": 0.19004536565764008
    },
    "momentum_60": {
      "mean": 0.00038894702080355495,
      "std": 0.14727549792765313
    },
    "return_120": {
      "mean": 0.0014215047295102993,
      "std": 0.1864929696677757
    },
    "rsi_2": {
      "mean": 51.787728069438366,
      "std": 30.985382173223968
    },
    "momentum_acceleration_10": {
      "mean": 0.0007627320437657838,
      "std": 0.0893617258890873
    },
    "zscore_close_20": {
      "mean": 0.09095835041471431,
      "std": 1.32471634949712
    },
    "bb_percent_b_20": {
      "mean": 0.5227195266341267,
      "std": 0.33116669188071524
    }
  },
  "TRAIN_WINDOW": "2017-01-01 -> 2023-12-31",
  "LABEL_CONTRACT": "TripleBarrier.ATR.daily.v1",
  "MODEL_HASH": "f639185ca60582e218e2437dbb91ac27bb2be5438f21ed8f15526f8cf489cbd1",
  "RANDOM_SEED": 42
}
