{
  "ticker": "RL",
  "best_params": {
    "hidden": 32,
    "lr": 0.001,
    "dropout": 0.3,
    "weight_decay": 0.0001,
    "num_layers": 1,
    "refit_epochs": 5
  },
  "kelly_fraction": null,
  "THRESHOLD_ENTRY": 0.5,
  "DIRECTION_MODE": "both",
  "CALIBRATION": {
    "theta_entry": 0.5,
    "kelly_fraction": null,
    "direction_mode": "both",
    "oof_trades": 116,
    "trade_floor_met": true,
    "oof_log_growth": 0.6136545968407261
  },
  "cv_auc_pr": 0.44613131850204424,
  "cv_folds": 4,
  "SEQ_LEN": 60,
  "FEATURE_MANIFEST": [
    "log_return_1",
    "log_return_5",
    "log_return_20",
    "dist_to_sma_20",
    "dist_to_sma_50",
    "sma_20_sma_50_ratio",
    "volume_z_score_20",
    "atr_pct_14",
    "realized_volatility_20",
    "rsi_14",
    "bollinger_percent_b_20_2",
    "bollinger_bandwidth_20_2",
    "macd_hist_12_26_9",
    "momentum_60",
    "gap_open_z20",
    "range_compression_60",
    "illiquidity_amihud_20",
    "bb_bandwidth_20"
  ],
  "NORM_STATS": {
    "log_return_1": {
      "mean": 0.0002658588924616892,
      "std": 0.02502186210298384
    },
    "log_return_5": {
      "mean": 0.0013587805164975938,
      "std": 0.05421993231612394
    },
    "log_return_20": {
      "mean": 0.003960086710606762,
      "std": 0.10485720161140531
    },
    "dist_to_sma_20": {
      "mean": 0.0030393103013696336,
      "std": 0.058533780100056866
    },
    "dist_to_sma_50": {
      "mean": 0.0059149648518853825,
      "std": 0.0914696787971905
    },
    "sma_20_sma_50_ratio": {
      "mean": 0.0018852324112724993,
      "std": 0.055311226574180666
    },
    "volume_z_score_20": {
      "mean": -0.0029177961273719193,
      "std": 1.0931189375252424
    },
    "atr_pct_14": {
      "mean": 3.344240574761623,
      "std": 1.298410862378394
    },
    "realized_volatility_20": {
      "mean": 0.10037912802954987,
      "std": 0.04373466740867147
    },
    "rsi_14": {
      "mean": 51.06083381752064,
      "std": 11.73515663698498
    },
    "bollinger_percent_b_20_2": {
      "mean": 0.5316517343914423,
      "std": 0.32939519359166225
    },
    "bollinger_bandwidth_20_2": {
      "mean": 0.1519404465428092,
      "std": 0.08932891042452999
    },
    "macd_hist_12_26_9": {
      "mean": 0.021357537655562395,
      "std": 0.8256169472298901
    },
    "momentum_60": {
      "mean": 0.0067796798563758785,
      "std": 0.17690798951242373
    },
    "gap_open_z20": {
      "mean": -0.00904534000523518,
      "std": 1.0048771476526936
    },
    "range_compression_60": {
      "mean": 0.5082575757575758,
      "std": 0.2913575102966187
    },
    "illiquidity_amihud_20": {
      "mean": 0.0012593932173700225,
      "std": 0.0005267209989901121
    },
    "bb_bandwidth_20": {
      "mean": 0.0379851116357023,
      "std": 0.022332227606132495
    }
  },
  "TRAIN_WINDOW": "2017-01-01 -> 2023-12-31",
  "LABEL_CONTRACT": "TripleBarrier.ATR.daily.v1",
  "MODEL_HASH": "041a96f2590224e5004a0467968e940fde1a4b20b478ac35dfda41f5cde03440",
  "RANDOM_SEED": 42
}
