{
  "ticker": "AVY",
  "best_params": {
    "hidden": 32,
    "lr": 0.001,
    "dropout": 0.3,
    "weight_decay": 0.0001,
    "num_layers": 1,
    "refit_epochs": 5
  },
  "kelly_fraction": null,
  "THRESHOLD_ENTRY": 0.56,
  "DIRECTION_MODE": "both",
  "CALIBRATION": {
    "theta_entry": 0.56,
    "kelly_fraction": null,
    "direction_mode": "both",
    "oof_trades": 28,
    "trade_floor_met": true,
    "oof_log_growth": 0.27328606563139646
  },
  "cv_auc_pr": 0.4852606021537743,
  "cv_folds": 4,
  "SEQ_LEN": 60,
  "FEATURE_MANIFEST": [
    "log_return_1",
    "log_return_5",
    "log_return_20",
    "dist_to_sma_20",
    "dist_to_sma_50",
    "sma_20_sma_50_ratio",
    "volume_z_score_20",
    "atr_pct_14",
    "realized_volatility_20",
    "rsi_14",
    "bollinger_percent_b_20_2",
    "bollinger_bandwidth_20_2",
    "macd_hist_12_26_9",
    "ret_skew_20",
    "overnight_intraday_spread_20",
    "downside_upside_vol_ratio_20"
  ],
  "NORM_STATS": {
    "log_return_1": {
      "mean": 0.0006004764783264071,
      "std": 0.01815531045891287
    },
    "log_return_5": {
      "mean": 0.0029754339631432505,
      "std": 0.037256006953554
    },
    "log_return_20": {
      "mean": 0.011488351553838318,
      "std": 0.07184014434936531
    },
    "dist_to_sma_20": {
      "mean": 0.00591179370604905,
      "std": 0.03962406210062416
    },
    "dist_to_sma_50": {
      "mean": 0.014812738423299046,
      "std": 0.06218783707032008
    },
    "sma_20_sma_50_ratio": {
      "mean": 0.008420519861275219,
      "std": 0.037979747016368054
    },
    "volume_z_score_20": {
      "mean": -0.004796288164859865,
      "std": 1.0836758870459902
    },
    "atr_pct_14": {
      "mean": 2.248600515664139,
      "std": 0.9652810171166829
    },
    "realized_volatility_20": {
      "mean": 0.06953927918759692,
      "std": 0.038675536450509584
    },
    "rsi_14": {
      "mean": 53.65534536779828,
      "std": 11.981870594792973
    },
    "bollinger_percent_b_20_2": {
      "mean": 0.5685588410004386,
      "std": 0.33150580354307224
    },
    "bollinger_bandwidth_20_2": {
      "mean": 0.10359563057412646,
      "std": 0.058351952660723565
    },
    "macd_hist_12_26_9": {
      "mean": 0.009369277052501122,
      "std": 0.7875095353525984
    },
    "ret_skew_20": {
      "mean": 0.09972802262679155,
      "std": 0.8960120520531368
    },
    "overnight_intraday_spread_20": {
      "mean": 5.595751443685089e-05,
      "std": 0.004046398347777208
    },
    "downside_upside_vol_ratio_20": {
      "mean": 0.8783668160887337,
      "std": 0.3713232453833195
    }
  },
  "TRAIN_WINDOW": "2017-01-01 -> 2023-12-31",
  "LABEL_CONTRACT": "TripleBarrier.ATR.daily.v1",
  "MODEL_HASH": "a9a90e0ce92fb6b184b27570c186a267122960d4d5056ad7b2db50b22f72eb8c",
  "RANDOM_SEED": 42
}
