{
  "ticker": "EXPE",
  "best_params": {
    "hidden": 32,
    "lr": 0.001,
    "dropout": 0.3,
    "weight_decay": 0.0001,
    "num_layers": 1,
    "refit_epochs": 5
  },
  "kelly_fraction": null,
  "THRESHOLD_ENTRY": 0.52,
  "DIRECTION_MODE": "long_only",
  "CALIBRATION": {
    "theta_entry": 0.52,
    "kelly_fraction": null,
    "direction_mode": "long_only",
    "oof_trades": 61,
    "trade_floor_met": true,
    "oof_log_growth": 0.2494870823244898
  },
  "cv_auc_pr": 0.4913397856207632,
  "cv_folds": 4,
  "SEQ_LEN": 60,
  "FEATURE_MANIFEST": [
    "log_return_1",
    "log_return_5",
    "log_return_20",
    "dist_to_sma_20",
    "dist_to_sma_50",
    "sma_20_sma_50_ratio",
    "volume_z_score_20",
    "atr_pct_14",
    "realized_volatility_20",
    "rsi_14",
    "bollinger_percent_b_20_2",
    "bollinger_bandwidth_20_2",
    "macd_hist_12_26_9",
    "momentum_60",
    "dist_from_low_20",
    "trend_efficiency_20",
    "vol_scaled_momentum_20"
  ],
  "NORM_STATS": {
    "log_return_1": {
      "mean": 0.00016649463724224435,
      "std": 0.028498415227506717
    },
    "log_return_5": {
      "mean": 0.0008519827934416259,
      "std": 0.06684681537325839
    },
    "log_return_20": {
      "mean": 0.0025210211817284166,
      "std": 0.13403008639909786
    },
    "dist_to_sma_20": {
      "mean": 0.002705403839223657,
      "std": 0.0714870498870337
    },
    "dist_to_sma_50": {
      "mean": 0.005255260883319535,
      "std": 0.11108845943911586
    },
    "sma_20_sma_50_ratio": {
      "mean": 0.0011524201020229694,
      "std": 0.06937524207469596
    },
    "volume_z_score_20": {
      "mean": -0.01081977914467205,
      "std": 1.0918665043836366
    },
    "atr_pct_14": {
      "mean": 3.4310372761913346,
      "std": 1.8473628952029804
    },
    "realized_volatility_20": {
      "mean": 0.10527997660188461,
      "std": 0.06513693237628715
    },
    "rsi_14": {
      "mean": 51.681911903366746,
      "std": 12.448236722924952
    },
    "bollinger_percent_b_20_2": {
      "mean": 0.5453541792281446,
      "std": 0.334194291808456
    },
    "bollinger_bandwidth_20_2": {
      "mean": 0.1644343185657565,
      "std": 0.13724986251219887
    },
    "macd_hist_12_26_9": {
      "mean": 0.021779998994985953,
      "std": 1.1517041939614308
    },
    "momentum_60": {
      "mean": -0.0001228647479373578,
      "std": 0.2114289256421264
    },
    "dist_from_low_20": {
      "mean": 0.09977106104540596,
      "std": 0.09704430434592304
    },
    "trend_efficiency_20": {
      "mean": 4.840293730368101,
      "std": 3.5561850920535125
    },
    "vol_scaled_momentum_20": {
      "mean": 0.804945583354245,
      "std": 4.381140224115027
    }
  },
  "TRAIN_WINDOW": "2017-01-01 -> 2023-12-31",
  "LABEL_CONTRACT": "TripleBarrier.ATR.daily.v1",
  "MODEL_HASH": "88cbbc112df8c542c19f43f81ff09625f79003e188f5f410e718f5e7b9ce40be",
  "RANDOM_SEED": 42
}
