{
  "ticker": "DIS",
  "best_params": {
    "hidden": 32,
    "lr": 0.001,
    "dropout": 0.3,
    "weight_decay": 0.0001,
    "num_layers": 1,
    "refit_epochs": 5
  },
  "kelly_fraction": null,
  "THRESHOLD_ENTRY": 0.52,
  "DIRECTION_MODE": "both",
  "CALIBRATION": {
    "theta_entry": 0.52,
    "kelly_fraction": null,
    "direction_mode": "both",
    "oof_trades": 39,
    "trade_floor_met": true,
    "oof_log_growth": 0.3259641012629755
  },
  "cv_auc_pr": 0.428695272332449,
  "cv_folds": 4,
  "SEQ_LEN": 60,
  "FEATURE_MANIFEST": [
    "log_return_1",
    "log_return_5",
    "log_return_20",
    "dist_to_sma_20",
    "dist_to_sma_50",
    "sma_20_sma_50_ratio",
    "volume_z_score_20",
    "atr_pct_14",
    "realized_volatility_20",
    "rsi_14",
    "bollinger_percent_b_20_2",
    "bollinger_bandwidth_20_2",
    "macd_hist_12_26_9",
    "momentum_60",
    "down_streak_10",
    "vol_of_vol_20"
  ],
  "NORM_STATS": {
    "log_return_1": {
      "mean": -8.184822542381166e-05,
      "std": 0.018859101231995936
    },
    "log_return_5": {
      "mean": -0.00040994190100510883,
      "std": 0.040039571657886484
    },
    "log_return_20": {
      "mean": -0.0013707350408345231,
      "std": 0.08143855085805549
    },
    "dist_to_sma_20": {
      "mean": -0.00023560036508331062,
      "std": 0.04487433900511324
    },
    "dist_to_sma_50": {
      "mean": -0.00018094857543129853,
      "std": 0.07208460313295524
    },
    "sma_20_sma_50_ratio": {
      "mean": -0.0005677813219116603,
      "std": 0.044415551393502034
    },
    "volume_z_score_20": {
      "mean": 0.006641988599242442,
      "std": 1.0602755161684083
    },
    "atr_pct_14": {
      "mean": 2.306995940719804,
      "std": 1.0313599539672973
    },
    "realized_volatility_20": {
      "mean": 0.07199213612514242,
      "std": 0.03987378192628919
    },
    "rsi_14": {
      "mean": 50.35239332980513,
      "std": 11.807035781307237
    },
    "bollinger_percent_b_20_2": {
      "mean": 0.4958304277551916,
      "std": 0.3313591250582596
    },
    "bollinger_bandwidth_20_2": {
      "mean": 0.10905586587130324,
      "std": 0.07360903666423291
    },
    "macd_hist_12_26_9": {
      "mean": -0.003247672143800652,
      "std": 0.7434518047979227
    },
    "momentum_60": {
      "mean": -0.003374462051777968,
      "std": 0.13892255995823413
    },
    "down_streak_10": {
      "mean": 0.09232954545454546,
      "std": 0.12359769981594879
    },
    "vol_of_vol_20": {
      "mean": 0.003970337350053873,
      "std": 0.0034402221860472828
    }
  },
  "TRAIN_WINDOW": "2017-01-01 -> 2023-12-31",
  "LABEL_CONTRACT": "TripleBarrier.ATR.daily.v1",
  "MODEL_HASH": "e2d09400ba23a9fdd76758d0db4271c73c4f4e7ddc3149390a3b60ea42e2bf01",
  "RANDOM_SEED": 42
}
