{
  "ticker": "AMD",
  "best_params": {
    "hidden": 32,
    "lr": 0.001,
    "dropout": 0.3,
    "weight_decay": 0.0001,
    "num_layers": 1,
    "refit_epochs": 5
  },
  "kelly_fraction": null,
  "THRESHOLD_ENTRY": 0.5,
  "DIRECTION_MODE": "long_only",
  "CALIBRATION": {
    "theta_entry": 0.5,
    "kelly_fraction": null,
    "direction_mode": "long_only",
    "oof_trades": 103,
    "trade_floor_met": true,
    "oof_log_growth": 0.8763905122579736
  },
  "cv_auc_pr": 0.4999739250980545,
  "cv_folds": 4,
  "SEQ_LEN": 60,
  "FEATURE_MANIFEST": [
    "log_return_1",
    "log_return_5",
    "log_return_20",
    "dist_to_sma_20",
    "dist_to_sma_50",
    "sma_20_sma_50_ratio",
    "volume_z_score_20",
    "atr_pct_14",
    "realized_volatility_20",
    "rsi_14",
    "bollinger_percent_b_20_2",
    "bollinger_bandwidth_20_2",
    "macd_hist_12_26_9",
    "return_120",
    "obv_z20",
    "dist_to_high_252"
  ],
  "NORM_STATS": {
    "log_return_1": {
      "mean": 0.0014573961298648427,
      "std": 0.03511836697965236
    },
    "log_return_5": {
      "mean": 0.007170559896620188,
      "std": 0.0764223576948619
    },
    "log_return_20": {
      "mean": 0.028832136892015848,
      "std": 0.1509901187215952
    },
    "dist_to_sma_20": {
      "mean": 0.015239476648419561,
      "std": 0.08333374907850595
    },
    "dist_to_sma_50": {
      "mean": 0.040271221150167694,
      "std": 0.13370303953957421
    },
    "sma_20_sma_50_ratio": {
      "mean": 0.02285975817881047,
      "std": 0.08094284755446828
    },
    "volume_z_score_20": {
      "mean": -0.02853759395306844,
      "std": 1.1000035102201693
    },
    "atr_pct_14": {
      "mean": 4.588481704736872,
      "std": 1.3127784178838928
    },
    "realized_volatility_20": {
      "mean": 0.14434218246210428,
      "std": 0.052215157209718234
    },
    "rsi_14": {
      "mean": 53.51982919087135,
      "std": 12.2868326951692
    },
    "bollinger_percent_b_20_2": {
      "mean": 0.5498143575577286,
      "std": 0.3315153777059169
    },
    "bollinger_bandwidth_20_2": {
      "mean": 0.22131843371997312,
      "std": 0.1067502512137306
    },
    "macd_hist_12_26_9": {
      "mean": 0.013001363567000929,
      "std": 0.7780390512822621
    },
    "return_120": {
      "mean": 0.18604080023109015,
      "std": 0.32619594150734726
    },
    "obv_z20": {
      "mean": 0.17773322724119844,
      "std": 1.3001186896952697
    },
    "dist_to_high_252": {
      "mean": -0.20662997145783601,
      "std": 0.15087982776332512
    }
  },
  "TRAIN_WINDOW": "2017-01-01 -> 2023-12-31",
  "LABEL_CONTRACT": "TripleBarrier.ATR.daily.v1",
  "MODEL_HASH": "9081607787c9ce3e43ef5a15738bf992bac3760f78d92a3303a935e9c7375797",
  "RANDOM_SEED": 42
}
