{
  "ticker": "HUM",
  "best_params": {
    "hidden": 32,
    "lr": 0.001,
    "dropout": 0.3,
    "weight_decay": 0.0001,
    "num_layers": 1,
    "refit_epochs": 5
  },
  "kelly_fraction": null,
  "THRESHOLD_ENTRY": 0.5,
  "DIRECTION_MODE": "both",
  "CALIBRATION": {
    "theta_entry": 0.5,
    "kelly_fraction": null,
    "direction_mode": "both",
    "oof_trades": 107,
    "trade_floor_met": true,
    "oof_log_growth": 0.6325944810953551
  },
  "cv_auc_pr": 0.44366138371664654,
  "cv_folds": 4,
  "SEQ_LEN": 60,
  "FEATURE_MANIFEST": [
    "log_return_1",
    "log_return_5",
    "log_return_20",
    "dist_to_sma_20",
    "dist_to_sma_50",
    "sma_20_sma_50_ratio",
    "volume_z_score_20",
    "atr_pct_14",
    "realized_volatility_20",
    "rsi_14",
    "bollinger_percent_b_20_2",
    "bollinger_bandwidth_20_2",
    "macd_hist_12_26_9",
    "ret_kurt_20",
    "dist_to_sma_10",
    "xas_mkt_lead_ret_1",
    "vol_regime_20_60"
  ],
  "NORM_STATS": {
    "log_return_1": {
      "mean": 0.00045924056549308473,
      "std": 0.019380404409963338
    },
    "log_return_5": {
      "mean": 0.0022644219145533224,
      "std": 0.043984042513742536
    },
    "log_return_20": {
      "mean": 0.009466019255194054,
      "std": 0.0777561656664948
    },
    "dist_to_sma_20": {
      "mean": 0.004831342630116211,
      "std": 0.04400191787735249
    },
    "dist_to_sma_50": {
      "mean": 0.012842321073142206,
      "std": 0.061136336905592635
    },
    "sma_20_sma_50_ratio": {
      "mean": 0.007729115558569625,
      "std": 0.03640050511250342
    },
    "volume_z_score_20": {
      "mean": 0.0041338163733235485,
      "std": 1.063251706045779
    },
    "atr_pct_14": {
      "mean": 2.4584139552558306,
      "std": 1.0551116094568536
    },
    "realized_volatility_20": {
      "mean": 0.07268645500402218,
      "std": 0.04378679599719567
    },
    "rsi_14": {
      "mean": 52.974250333529696,
      "std": 11.794067184460925
    },
    "bollinger_percent_b_20_2": {
      "mean": 0.5520336977183415,
      "std": 0.33234270557002316
    },
    "bollinger_bandwidth_20_2": {
      "mean": 0.11270190747943057,
      "std": 0.07447803756200254
    },
    "macd_hist_12_26_9": {
      "mean": -0.02960369332842105,
      "std": 2.3628281687455717
    },
    "ret_kurt_20": {
      "mean": 1.4218386417994413,
      "std": 2.5372179301451303
    },
    "dist_to_sma_10": {
      "mean": 0.0022722208116474395,
      "std": 0.03221240163486239
    },
    "xas_mkt_lead_ret_1": {
      "mean": 0.00034368840724357863,
      "std": 0.012759251266596954
    },
    "vol_regime_20_60": {
      "mean": 0.9541780336502864,
      "std": 0.2524290665362947
    }
  },
  "TRAIN_WINDOW": "2017-01-01 -> 2023-12-31",
  "LABEL_CONTRACT": "TripleBarrier.ATR.daily.v1",
  "MODEL_HASH": "ecc6ed10cf7447113cc7b0dd172670de552d6e5ab7ee621e7805b026a8d4e882",
  "RANDOM_SEED": 42
}
