{
  "ticker": "JKHY",
  "best_params": {
    "hidden": 32,
    "lr": 0.001,
    "dropout": 0.3,
    "weight_decay": 0.0001,
    "num_layers": 1,
    "refit_epochs": 5
  },
  "kelly_fraction": null,
  "THRESHOLD_ENTRY": 0.5,
  "DIRECTION_MODE": "long_only",
  "CALIBRATION": {
    "theta_entry": 0.5,
    "kelly_fraction": null,
    "direction_mode": "long_only",
    "oof_trades": 94,
    "trade_floor_met": true,
    "oof_log_growth": 0.32374700608492846
  },
  "cv_auc_pr": 0.5263178747309517,
  "cv_folds": 4,
  "SEQ_LEN": 60,
  "FEATURE_MANIFEST": [
    "log_return_1",
    "log_return_5",
    "log_return_20",
    "dist_to_sma_20",
    "dist_to_sma_50",
    "sma_20_sma_50_ratio",
    "volume_z_score_20",
    "atr_pct_14",
    "realized_volatility_20",
    "rsi_14",
    "bollinger_percent_b_20_2",
    "bollinger_bandwidth_20_2",
    "macd_hist_12_26_9",
    "dist_to_sma_200",
    "down_streak_10",
    "ma_slope_10",
    "zscore_close_20",
    "trend_align_5_10",
    "bb_percent_b_20"
  ],
  "NORM_STATS": {
    "log_return_1": {
      "mean": 0.00034641041100688587,
      "std": 0.01570051307586274
    },
    "log_return_5": {
      "mean": 0.0017363650904418661,
      "std": 0.03275497707633481
    },
    "log_return_20": {
      "mean": 0.006981497433125077,
      "std": 0.0602926870633693
    },
    "dist_to_sma_20": {
      "mean": 0.003559863191946442,
      "std": 0.034341074976692185
    },
    "dist_to_sma_50": {
      "mean": 0.008962494259298761,
      "std": 0.05233515225231278
    },
    "sma_20_sma_50_ratio": {
      "mean": 0.005102428851621671,
      "std": 0.03124450577525794
    },
    "volume_z_score_20": {
      "mean": -0.0044669078017028525,
      "std": 1.079721392538653
    },
    "atr_pct_14": {
      "mean": 2.0664646329080267,
      "std": 0.8094708375260609
    },
    "realized_volatility_20": {
      "mean": 0.060422121704631626,
      "std": 0.03302412256075319
    },
    "rsi_14": {
      "mean": 53.25576986716812,
      "std": 12.543920743630007
    },
    "bollinger_percent_b_20_2": {
      "mean": 0.5590758104064361,
      "std": 0.3379836691195404
    },
    "bollinger_bandwidth_20_2": {
      "mean": 0.09060326370302475,
      "std": 0.051289455153218394
    },
    "macd_hist_12_26_9": {
      "mean": 0.004873456298173976,
      "std": 0.7710815688475132
    },
    "dist_to_sma_200": {
      "mean": 0.035733538771093865,
      "std": 0.08888159231180276
    },
    "down_streak_10": {
      "mean": 0.07920454545454546,
      "std": 0.11554929674965071
    },
    "ma_slope_10": {
      "mean": 0.0003573354299001132,
      "std": 0.004519282094723187
    },
    "zscore_close_20": {
      "mean": 0.2363032416257442,
      "std": 1.3519346764781615
    },
    "trend_align_5_10": {
      "mean": 0.5227272727272727,
      "std": 0.8518332200089075
    },
    "bb_percent_b_20": {
      "mean": 0.5590693354618879,
      "std": 0.3379795212750482
    }
  },
  "TRAIN_WINDOW": "2017-01-01 -> 2023-12-31",
  "LABEL_CONTRACT": "TripleBarrier.ATR.daily.v1",
  "MODEL_HASH": "ecebbec9e1efebe94ea2e7d58ce79f3ceb363c08bbbaae0205ccc735eb84c53f",
  "RANDOM_SEED": 42
}
