{
  "ticker": "TJX",
  "best_params": {
    "hidden": 32,
    "lr": 0.001,
    "dropout": 0.3,
    "weight_decay": 0.0001,
    "num_layers": 1,
    "refit_epochs": 5
  },
  "kelly_fraction": null,
  "THRESHOLD_ENTRY": 0.54,
  "DIRECTION_MODE": "both",
  "CALIBRATION": {
    "theta_entry": 0.54,
    "kelly_fraction": null,
    "direction_mode": "both",
    "oof_trades": 21,
    "trade_floor_met": true,
    "oof_log_growth": 0.11063420124993509
  },
  "cv_auc_pr": 0.4469670388967393,
  "cv_folds": 4,
  "SEQ_LEN": 60,
  "FEATURE_MANIFEST": [
    "log_return_1",
    "log_return_5",
    "log_return_20",
    "dist_to_sma_20",
    "dist_to_sma_50",
    "sma_20_sma_50_ratio",
    "volume_z_score_20",
    "atr_pct_14",
    "realized_volatility_20",
    "rsi_14",
    "bollinger_percent_b_20_2",
    "bollinger_bandwidth_20_2",
    "macd_hist_12_26_9",
    "high_low_range_pct",
    "overnight_intraday_spread_20",
    "trend_efficiency_20"
  ],
  "NORM_STATS": {
    "log_return_1": {
      "mean": 0.00012578762613740026,
      "std": 0.024481456357819537
    },
    "log_return_5": {
      "mean": 0.0005788652533994549,
      "std": 0.05443079110474539
    },
    "log_return_20": {
      "mean": 0.0018455701517731636,
      "std": 0.10907120927015573
    },
    "dist_to_sma_20": {
      "mean": 0.001826363622324797,
      "std": 0.05494897794497804
    },
    "dist_to_sma_50": {
      "mean": 0.004723450942813767,
      "std": 0.08795493095498513
    },
    "sma_20_sma_50_ratio": {
      "mean": 0.0018255988825660369,
      "std": 0.05809634947324852
    },
    "volume_z_score_20": {
      "mean": -0.01340804355775299,
      "std": 1.1224051344879729
    },
    "atr_pct_14": {
      "mean": 2.4150307092121337,
      "std": 1.3371937331925077
    },
    "realized_volatility_20": {
      "mean": 0.07511369418884684,
      "std": 0.07580155495797368
    },
    "rsi_14": {
      "mean": 52.589417800395424,
      "std": 11.521202554462619
    },
    "bollinger_percent_b_20_2": {
      "mean": 0.5701125388810803,
      "std": 0.322638908508254
    },
    "bollinger_bandwidth_20_2": {
      "mean": 0.1104619338381077,
      "std": 0.13904745515952033
    },
    "macd_hist_12_26_9": {
      "mean": 0.001111102024808248,
      "std": 0.5717118402912562
    },
    "high_low_range_pct": {
      "mean": 2.1743194323142503,
      "std": 1.4429622808037479
    },
    "overnight_intraday_spread_20": {
      "mean": 0.00021799007223047973,
      "std": 0.004544881913066571
    },
    "trend_efficiency_20": {
      "mean": 4.288840825372844,
      "std": 3.1126100021642236
    }
  },
  "TRAIN_WINDOW": "2017-01-01 -> 2023-12-31",
  "LABEL_CONTRACT": "TripleBarrier.ATR.daily.v1",
  "MODEL_HASH": "23b8c47b791744b8db0d2ded760d840aef803005dc386f79402bb1893d6fbfaa",
  "RANDOM_SEED": 42
}
