{
  "ticker": "TDG",
  "best_params": {
    "hidden": 32,
    "lr": 0.001,
    "dropout": 0.3,
    "weight_decay": 0.0001,
    "num_layers": 1,
    "refit_epochs": 5
  },
  "kelly_fraction": null,
  "THRESHOLD_ENTRY": 0.56,
  "DIRECTION_MODE": "both",
  "CALIBRATION": {
    "theta_entry": 0.56,
    "kelly_fraction": null,
    "direction_mode": "both",
    "oof_trades": 26,
    "trade_floor_met": true,
    "oof_log_growth": 0.506804618799327
  },
  "cv_auc_pr": 0.4658052996525162,
  "cv_folds": 4,
  "SEQ_LEN": 60,
  "FEATURE_MANIFEST": [
    "log_return_1",
    "log_return_5",
    "log_return_20",
    "dist_to_sma_20",
    "dist_to_sma_50",
    "sma_20_sma_50_ratio",
    "volume_z_score_20",
    "atr_pct_14",
    "realized_volatility_20",
    "rsi_14",
    "bollinger_percent_b_20_2",
    "bollinger_bandwidth_20_2",
    "macd_hist_12_26_9",
    "ret_kurt_20",
    "rsi_2",
    "dist_to_sma_200"
  ],
  "NORM_STATS": {
    "log_return_1": {
      "mean": 0.0007967118334646116,
      "std": 0.02330942581023827
    },
    "log_return_5": {
      "mean": 0.003965615404578891,
      "std": 0.05315930420936833
    },
    "log_return_20": {
      "mean": 0.015638338243591784,
      "std": 0.10447599949903628
    },
    "dist_to_sma_20": {
      "mean": 0.008237384479126895,
      "std": 0.054992144011835525
    },
    "dist_to_sma_50": {
      "mean": 0.02078508354390479,
      "std": 0.08574775879981505
    },
    "sma_20_sma_50_ratio": {
      "mean": 0.011620946592761888,
      "std": 0.05476385406607139
    },
    "volume_z_score_20": {
      "mean": -0.010973693030418934,
      "std": 1.0750925841220549
    },
    "atr_pct_14": {
      "mean": 2.7181945203232036,
      "std": 1.6974011879617732
    },
    "realized_volatility_20": {
      "mean": 0.08309266615267843,
      "std": 0.05842034209345786
    },
    "rsi_14": {
      "mean": 54.34008932064875,
      "std": 11.779223882837146
    },
    "bollinger_percent_b_20_2": {
      "mean": 0.5758823422210759,
      "std": 0.32884769038808737
    },
    "bollinger_bandwidth_20_2": {
      "mean": 0.1289880884072363,
      "std": 0.1057031330336094
    },
    "macd_hist_12_26_9": {
      "mean": 0.04665192145902175,
      "std": 3.8936543798088916
    },
    "ret_kurt_20": {
      "mean": 1.1684576212734634,
      "std": 2.6162822746102625
    },
    "rsi_2": {
      "mean": 55.436060981731075,
      "std": 31.378985074687947
    },
    "dist_to_sma_200": {
      "mean": 0.07316540219145432,
      "std": 0.13334069420966588
    }
  },
  "TRAIN_WINDOW": "2017-01-01 -> 2023-12-31",
  "LABEL_CONTRACT": "TripleBarrier.ATR.daily.v1",
  "MODEL_HASH": "6146a9bbe630c9fa53527050e72472360a37a6f1e6d511d39cb7290ed7dc0f69",
  "RANDOM_SEED": 42
}
