{
  "ticker": "FSLR",
  "best_params": {
    "hidden": 32,
    "lr": 0.001,
    "dropout": 0.3,
    "weight_decay": 0.0001,
    "num_layers": 1,
    "refit_epochs": 5
  },
  "kelly_fraction": null,
  "THRESHOLD_ENTRY": 0.5,
  "DIRECTION_MODE": "long_only",
  "CALIBRATION": {
    "theta_entry": 0.5,
    "kelly_fraction": null,
    "direction_mode": "long_only",
    "oof_trades": 94,
    "trade_floor_met": true,
    "oof_log_growth": 0.8204317193757049
  },
  "cv_auc_pr": 0.4799646891576712,
  "cv_folds": 4,
  "SEQ_LEN": 60,
  "FEATURE_MANIFEST": [
    "log_return_1",
    "log_return_5",
    "log_return_20",
    "dist_to_sma_20",
    "dist_to_sma_50",
    "sma_20_sma_50_ratio",
    "volume_z_score_20",
    "atr_pct_14",
    "realized_volatility_20",
    "rsi_14",
    "bollinger_percent_b_20_2",
    "bollinger_bandwidth_20_2",
    "macd_hist_12_26_9",
    "gap_open_z20",
    "dist_to_high_252",
    "mr_dist_atr_20"
  ],
  "NORM_STATS": {
    "log_return_1": {
      "mean": 0.0009549512084633257,
      "std": 0.03020314778182025
    },
    "log_return_5": {
      "mean": 0.004708188951897247,
      "std": 0.0678272458486041
    },
    "log_return_20": {
      "mean": 0.01789598900585926,
      "std": 0.13382835755158645
    },
    "dist_to_sma_20": {
      "mean": 0.009945410559646272,
      "std": 0.07510801051921162
    },
    "dist_to_sma_50": {
      "mean": 0.025429209751256097,
      "std": 0.12208650110655284
    },
    "sma_20_sma_50_ratio": {
      "mean": 0.013587035096766781,
      "std": 0.07278682334317699
    },
    "volume_z_score_20": {
      "mean": -0.02422056484790589,
      "std": 1.0761725368855561
    },
    "atr_pct_14": {
      "mean": 4.206698091678025,
      "std": 1.1213232856334234
    },
    "realized_volatility_20": {
      "mean": 0.12466645011201404,
      "std": 0.04217879293898767
    },
    "rsi_14": {
      "mean": 51.87310490771849,
      "std": 12.632678206989976
    },
    "bollinger_percent_b_20_2": {
      "mean": 0.5339348885839853,
      "std": 0.3354940994898722
    },
    "bollinger_bandwidth_20_2": {
      "mean": 0.19229614418541177,
      "std": 0.10593293754981575
    },
    "macd_hist_12_26_9": {
      "mean": 0.009845997350949818,
      "std": 0.9611347841854692
    },
    "gap_open_z20": {
      "mean": -0.006914252954044014,
      "std": 1.0109957504476492
    },
    "dist_to_high_252": {
      "mean": -0.23034978441628404,
      "std": 0.1554491923354544
    },
    "mr_dist_atr_20": {
      "mean": 0.21717114065015622,
      "std": 1.6241593704668456
    }
  },
  "TRAIN_WINDOW": "2017-01-01 -> 2023-12-31",
  "LABEL_CONTRACT": "TripleBarrier.ATR.daily.v1",
  "MODEL_HASH": "90a05507b1bf9d474d9e726a7b262d485072d97880aa5064cf1e6f5388f6a259",
  "RANDOM_SEED": 42
}
