{
  "ticker": "NEM",
  "best_params": {
    "hidden": 32,
    "lr": 0.001,
    "dropout": 0.3,
    "weight_decay": 0.0001,
    "num_layers": 1,
    "refit_epochs": 5
  },
  "kelly_fraction": null,
  "THRESHOLD_ENTRY": 0.56,
  "DIRECTION_MODE": "both",
  "CALIBRATION": {
    "theta_entry": 0.56,
    "kelly_fraction": null,
    "direction_mode": "both",
    "oof_trades": 16,
    "trade_floor_met": true,
    "oof_log_growth": 0.017420872406302995
  },
  "cv_auc_pr": 0.41727050504541136,
  "cv_folds": 4,
  "SEQ_LEN": 60,
  "FEATURE_MANIFEST": [
    "log_return_1",
    "log_return_5",
    "log_return_20",
    "dist_to_sma_20",
    "dist_to_sma_50",
    "sma_20_sma_50_ratio",
    "volume_z_score_20",
    "atr_pct_14",
    "realized_volatility_20",
    "rsi_14",
    "bollinger_percent_b_20_2",
    "bollinger_bandwidth_20_2",
    "macd_hist_12_26_9",
    "rsi_2",
    "stoch_k_14",
    "zscore_close_20"
  ],
  "NORM_STATS": {
    "log_return_1": {
      "mean": 0.00011033938053228253,
      "std": 0.020413463160887765
    },
    "log_return_5": {
      "mean": 0.000641639489401287,
      "std": 0.04540090253527196
    },
    "log_return_20": {
      "mean": 0.0024733945093797205,
      "std": 0.0887911060882566
    },
    "dist_to_sma_20": {
      "mean": 0.0017929254025155095,
      "std": 0.04903522132417723
    },
    "dist_to_sma_50": {
      "mean": 0.003886267752589295,
      "std": 0.07721528411349776
    },
    "sma_20_sma_50_ratio": {
      "mean": 0.001429232320364486,
      "std": 0.04708516170035613
    },
    "volume_z_score_20": {
      "mean": -0.005828515256878667,
      "std": 1.081325426127969
    },
    "atr_pct_14": {
      "mean": 2.829848588840134,
      "std": 0.9609005763309119
    },
    "realized_volatility_20": {
      "mean": 0.08333449374068949,
      "std": 0.03276336090823891
    },
    "rsi_14": {
      "mean": 50.18868503930507,
      "std": 12.164631454301956
    },
    "bollinger_percent_b_20_2": {
      "mean": 0.5195071317230691,
      "std": 0.33184468265760036
    },
    "bollinger_bandwidth_20_2": {
      "mean": 0.12819585494696203,
      "std": 0.06745785941988493
    },
    "macd_hist_12_26_9": {
      "mean": 0.0030390213738503277,
      "std": 0.3436977198129953
    },
    "rsi_2": {
      "mean": 50.75116683015254,
      "std": 31.32974850983308
    },
    "stoch_k_14": {
      "mean": 51.68691094133358,
      "std": 30.414279235546466
    },
    "zscore_close_20": {
      "mean": 0.07802852689227624,
      "std": 1.3273787306304015
    }
  },
  "TRAIN_WINDOW": "2017-01-01 -> 2023-12-31",
  "LABEL_CONTRACT": "TripleBarrier.ATR.daily.v1",
  "MODEL_HASH": "0e76a8d36cfc76d732da4142cae39179633b21cb5a8384ff47122c5092bebefa",
  "RANDOM_SEED": 42
}
