{
  "ticker": "PTC",
  "best_params": {
    "hidden": 32,
    "lr": 0.001,
    "dropout": 0.3,
    "weight_decay": 0.0001,
    "num_layers": 1,
    "refit_epochs": 5
  },
  "kelly_fraction": null,
  "THRESHOLD_ENTRY": 0.5,
  "DIRECTION_MODE": "both",
  "CALIBRATION": {
    "theta_entry": 0.5,
    "kelly_fraction": null,
    "direction_mode": "both",
    "oof_trades": 113,
    "trade_floor_met": true,
    "oof_log_growth": -0.15690727503993301
  },
  "cv_auc_pr": 0.40759342815140426,
  "cv_folds": 4,
  "SEQ_LEN": 60,
  "FEATURE_MANIFEST": [
    "log_return_1",
    "log_return_5",
    "log_return_20",
    "dist_to_sma_20",
    "dist_to_sma_50",
    "sma_20_sma_50_ratio",
    "volume_z_score_20",
    "atr_pct_14",
    "realized_volatility_20",
    "rsi_14",
    "bollinger_percent_b_20_2",
    "bollinger_bandwidth_20_2",
    "macd_hist_12_26_9",
    "volume_trend_5_20",
    "dist_from_low_20",
    "price_volume_rank_divergence",
    "trend_efficiency_20",
    "zscore_close_20"
  ],
  "NORM_STATS": {
    "log_return_1": {
      "mean": 0.0007558732237802482,
      "std": 0.021936282989612997
    },
    "log_return_5": {
      "mean": 0.003769425990795011,
      "std": 0.04826676748604125
    },
    "log_return_20": {
      "mean": 0.01449477189063754,
      "std": 0.09618875782259075
    },
    "dist_to_sma_20": {
      "mean": 0.007678124211185387,
      "std": 0.05212825633217822
    },
    "dist_to_sma_50": {
      "mean": 0.018732450702898532,
      "std": 0.078965054772821
    },
    "sma_20_sma_50_ratio": {
      "mean": 0.010424291351388313,
      "std": 0.04885005588089671
    },
    "volume_z_score_20": {
      "mean": 0.0023947150257028725,
      "std": 1.0940490286459748
    },
    "atr_pct_14": {
      "mean": 2.827385831795781,
      "std": 1.0066034739930598
    },
    "realized_volatility_20": {
      "mean": 0.08718744286978089,
      "std": 0.03955260490005489
    },
    "rsi_14": {
      "mean": 53.69934063698312,
      "std": 12.30273722698157
    },
    "bollinger_percent_b_20_2": {
      "mean": 0.5734390443187861,
      "std": 0.3287413110467129
    },
    "bollinger_bandwidth_20_2": {
      "mean": 0.1325046202927224,
      "std": 0.08260908728299014
    },
    "macd_hist_12_26_9": {
      "mean": 0.012529846718998705,
      "std": 0.6915960753287369
    },
    "volume_trend_5_20": {
      "mean": 0.00403267626209133,
      "std": 0.3248945717546966
    },
    "dist_from_low_20": {
      "mean": 0.08810533921514246,
      "std": 0.06738394015895306
    },
    "price_volume_rank_divergence": {
      "mean": 0.09890624999999999,
      "std": 0.46751641896984975
    },
    "trend_efficiency_20": {
      "mean": 4.888663087554368,
      "std": 3.5097001595361905
    },
    "zscore_close_20": {
      "mean": 0.2937561772751446,
      "std": 1.3149652441868516
    }
  },
  "TRAIN_WINDOW": "2017-01-01 -> 2023-12-31",
  "LABEL_CONTRACT": "TripleBarrier.ATR.daily.v1",
  "MODEL_HASH": "696085c1aaa9857470d5947a73daddbdfdd57172144c450150d233ff5e9d0d26",
  "RANDOM_SEED": 42
}
