{
  "ticker": "PLTR",
  "best_params": {
    "hidden": 32,
    "lr": 0.001,
    "dropout": 0.3,
    "weight_decay": 0.0001,
    "num_layers": 1,
    "refit_epochs": 5
  },
  "kelly_fraction": null,
  "THRESHOLD_ENTRY": 0.52,
  "DIRECTION_MODE": "long_only",
  "CALIBRATION": {
    "theta_entry": 0.52,
    "kelly_fraction": null,
    "direction_mode": "long_only",
    "oof_trades": 17,
    "trade_floor_met": true,
    "oof_log_growth": 0.03425732569918216
  },
  "cv_auc_pr": 0.4866299399164431,
  "cv_folds": 4,
  "SEQ_LEN": 60,
  "FEATURE_MANIFEST": [
    "log_return_1",
    "log_return_5",
    "log_return_20",
    "dist_to_sma_20",
    "dist_to_sma_50",
    "sma_20_sma_50_ratio",
    "volume_z_score_20",
    "atr_pct_14",
    "realized_volatility_20",
    "rsi_14",
    "bollinger_percent_b_20_2",
    "bollinger_bandwidth_20_2",
    "macd_hist_12_26_9",
    "atr_ratio_5_20",
    "sma_slope_50_20",
    "zscore_close_20"
  ],
  "NORM_STATS": {
    "log_return_1": {
      "mean": 0.0007201840556975386,
      "std": 0.04589764774936642
    },
    "log_return_5": {
      "mean": 0.0038003477815118994,
      "std": 0.10718799674141856
    },
    "log_return_20": {
      "mean": 0.015348289473832344,
      "std": 0.22272078758434333
    },
    "dist_to_sma_20": {
      "mean": 0.010774201887045311,
      "std": 0.12704202834540776
    },
    "dist_to_sma_50": {
      "mean": 0.00825580784748878,
      "std": 0.18230115226264737
    },
    "sma_20_sma_50_ratio": {
      "mean": 0.0064647030416313325,
      "std": 0.11779417763801787
    },
    "volume_z_score_20": {
      "mean": -0.008420472990373705,
      "std": 1.1303651315929852
    },
    "atr_pct_14": {
      "mean": 6.362846275416067,
      "std": 1.938018229162909
    },
    "realized_volatility_20": {
      "mean": 0.18856565258815247,
      "std": 0.06838672283187913
    },
    "rsi_14": {
      "mean": 50.32847476465005,
      "std": 12.478952753836294
    },
    "bollinger_percent_b_20_2": {
      "mean": 0.5128806551454587,
      "std": 0.3371920550942197
    },
    "bollinger_bandwidth_20_2": {
      "mean": 0.30261131252235063,
      "std": 0.17963949282254826
    },
    "macd_hist_12_26_9": {
      "mean": -0.005884800063873999,
      "std": 0.28975674083517766
    },
    "atr_ratio_5_20": {
      "mean": 0.9889880089870184,
      "std": 0.21497303873056817
    },
    "sma_slope_50_20": {
      "mean": -0.0004976934199825311,
      "std": 0.11596167827365349
    },
    "zscore_close_20": {
      "mean": 0.051522620581834634,
      "std": 1.3487682203768787
    }
  },
  "TRAIN_WINDOW": "2017-01-01 -> 2023-12-31",
  "LABEL_CONTRACT": "TripleBarrier.ATR.daily.v1",
  "MODEL_HASH": "e0adf499015e0517e8fd0ec10d422c9a2d92d10b16896ca86f98e06a8fe9e10f",
  "RANDOM_SEED": 42
}
