{
  "ticker": "VMC",
  "best_params": {
    "hidden": 32,
    "lr": 0.001,
    "dropout": 0.3,
    "weight_decay": 0.0001,
    "num_layers": 1,
    "refit_epochs": 5
  },
  "kelly_fraction": null,
  "THRESHOLD_ENTRY": 0.58,
  "DIRECTION_MODE": "both",
  "CALIBRATION": {
    "theta_entry": 0.58,
    "kelly_fraction": null,
    "direction_mode": "both",
    "oof_trades": 8,
    "trade_floor_met": true,
    "oof_log_growth": 0.1061374828940274
  },
  "cv_auc_pr": 0.44812682331252834,
  "cv_folds": 4,
  "SEQ_LEN": 60,
  "FEATURE_MANIFEST": [
    "log_return_1",
    "log_return_5",
    "log_return_20",
    "dist_to_sma_20",
    "dist_to_sma_50",
    "sma_20_sma_50_ratio",
    "volume_z_score_20",
    "atr_pct_14",
    "realized_volatility_20",
    "rsi_14",
    "bollinger_percent_b_20_2",
    "bollinger_bandwidth_20_2",
    "macd_hist_12_26_9",
    "close_position_in_range",
    "obv_z20",
    "range_compression_60",
    "vol_scaled_momentum_20"
  ],
  "NORM_STATS": {
    "log_return_1": {
      "mean": 0.000338215963079804,
      "std": 0.020154623152528653
    },
    "log_return_5": {
      "mean": 0.0016467512107981176,
      "std": 0.04304074872882373
    },
    "log_return_20": {
      "mean": 0.006349054504853173,
      "std": 0.07823135670989659
    },
    "dist_to_sma_20": {
      "mean": 0.003527414840253472,
      "std": 0.04413728588950671
    },
    "dist_to_sma_50": {
      "mean": 0.008553597941818284,
      "std": 0.0655210397367443
    },
    "sma_20_sma_50_ratio": {
      "mean": 0.004594280988712334,
      "std": 0.03976999155458333
    },
    "volume_z_score_20": {
      "mean": 0.02644370812009714,
      "std": 1.0842272300174074
    },
    "atr_pct_14": {
      "mean": 2.690032254200569,
      "std": 1.080077161924058
    },
    "realized_volatility_20": {
      "mean": 0.07811228984004193,
      "std": 0.04148328059327527
    },
    "rsi_14": {
      "mean": 51.87539254884173,
      "std": 11.347403262355948
    },
    "bollinger_percent_b_20_2": {
      "mean": 0.5382814893491047,
      "std": 0.3296028833797022
    },
    "bollinger_bandwidth_20_2": {
      "mean": 0.11320570367504718,
      "std": 0.07367211573410855
    },
    "macd_hist_12_26_9": {
      "mean": 0.006984706236289652,
      "std": 0.8667662235861845
    },
    "close_position_in_range": {
      "mean": 0.5049577966488079,
      "std": 0.29538729160731697
    },
    "obv_z20": {
      "mean": 0.08104526528772638,
      "std": 1.3109139962983702
    },
    "range_compression_60": {
      "mean": 0.5074853136251658,
      "std": 0.2956689440245263
    },
    "vol_scaled_momentum_20": {
      "mean": 0.5701310410352906,
      "std": 4.10459215915811
    }
  },
  "TRAIN_WINDOW": "2017-01-01 -> 2023-12-31",
  "LABEL_CONTRACT": "TripleBarrier.ATR.daily.v1",
  "MODEL_HASH": "3e100d331be12a053e3f640006ae4a133ba2eba4dfa282ee85cfff63fa30b726",
  "RANDOM_SEED": 42
}
