{
  "ticker": "LDOS",
  "best_params": {
    "hidden": 32,
    "lr": 0.001,
    "dropout": 0.3,
    "weight_decay": 0.0001,
    "num_layers": 1,
    "refit_epochs": 5
  },
  "kelly_fraction": null,
  "THRESHOLD_ENTRY": 0.5,
  "DIRECTION_MODE": "long_only",
  "CALIBRATION": {
    "theta_entry": 0.5,
    "kelly_fraction": null,
    "direction_mode": "long_only",
    "oof_trades": 97,
    "trade_floor_met": true,
    "oof_log_growth": 0.4604194555597061
  },
  "cv_auc_pr": 0.550095322313466,
  "cv_folds": 4,
  "SEQ_LEN": 60,
  "FEATURE_MANIFEST": [
    "log_return_1",
    "log_return_5",
    "log_return_20",
    "dist_to_sma_20",
    "dist_to_sma_50",
    "sma_20_sma_50_ratio",
    "volume_z_score_20",
    "atr_pct_14",
    "realized_volatility_20",
    "rsi_14",
    "bollinger_percent_b_20_2",
    "bollinger_bandwidth_20_2",
    "macd_hist_12_26_9",
    "return_120",
    "stoch_k_14",
    "dist_to_sma_10",
    "zscore_close_20"
  ],
  "NORM_STATS": {
    "log_return_1": {
      "mean": 0.00042601364431789547,
      "std": 0.017346359490540426
    },
    "log_return_5": {
      "mean": 0.002120796119882532,
      "std": 0.03860684738208755
    },
    "log_return_20": {
      "mean": 0.008479832755185166,
      "std": 0.07726733198113014
    },
    "dist_to_sma_20": {
      "mean": 0.004445799044264793,
      "std": 0.042280895563038844
    },
    "dist_to_sma_50": {
      "mean": 0.011485846838915697,
      "std": 0.06396403633044329
    },
    "sma_20_sma_50_ratio": {
      "mean": 0.006648214464197828,
      "std": 0.039386981583629195
    },
    "volume_z_score_20": {
      "mean": -0.01379401171611464,
      "std": 1.0790406129578778
    },
    "atr_pct_14": {
      "mean": 2.1817664748394745,
      "std": 0.898563860527962
    },
    "realized_volatility_20": {
      "mean": 0.06661347670806625,
      "std": 0.035825785785111496
    },
    "rsi_14": {
      "mean": 52.95585615576975,
      "std": 12.715377518378851
    },
    "bollinger_percent_b_20_2": {
      "mean": 0.5509114420415349,
      "std": 0.3406516499842295
    },
    "bollinger_bandwidth_20_2": {
      "mean": 0.10421008722989918,
      "std": 0.07045397006300572
    },
    "macd_hist_12_26_9": {
      "mean": 0.0003615119058356209,
      "std": 0.5456866323539933
    },
    "return_120": {
      "mean": 0.052207745054910326,
      "std": 0.1384882204163981
    },
    "stoch_k_14": {
      "mean": 55.59783033274767,
      "std": 30.734215015366622
    },
    "dist_to_sma_10": {
      "mean": 0.0020857788822822867,
      "std": 0.029105648666377472
    },
    "zscore_close_20": {
      "mean": 0.2036457681661395,
      "std": 1.362606599936918
    }
  },
  "TRAIN_WINDOW": "2017-01-01 -> 2023-12-31",
  "LABEL_CONTRACT": "TripleBarrier.ATR.daily.v1",
  "MODEL_HASH": "3842726cfe0156b6ed02cfeea7d6d53e2b8339282f2b8b0d52fda5399e91282d",
  "RANDOM_SEED": 42
}
