{
  "ticker": "WST",
  "best_params": {
    "hidden": 32,
    "lr": 0.001,
    "dropout": 0.3,
    "weight_decay": 0.0001,
    "num_layers": 1,
    "refit_epochs": 5
  },
  "kelly_fraction": null,
  "THRESHOLD_ENTRY": 0.5,
  "DIRECTION_MODE": "both",
  "CALIBRATION": {
    "theta_entry": 0.5,
    "kelly_fraction": null,
    "direction_mode": "both",
    "oof_trades": 112,
    "trade_floor_met": true,
    "oof_log_growth": 1.5166771337527334
  },
  "cv_auc_pr": 0.5309484375634643,
  "cv_folds": 4,
  "SEQ_LEN": 60,
  "FEATURE_MANIFEST": [
    "log_return_1",
    "log_return_5",
    "log_return_20",
    "dist_to_sma_20",
    "dist_to_sma_50",
    "sma_20_sma_50_ratio",
    "volume_z_score_20",
    "atr_pct_14",
    "realized_volatility_20",
    "rsi_14",
    "bollinger_percent_b_20_2",
    "bollinger_bandwidth_20_2",
    "macd_hist_12_26_9",
    "close_position_in_range",
    "ret_skew_20",
    "ret_kurt_20",
    "up_streak_10",
    "trend_efficiency_20",
    "trend_align_5_10"
  ],
  "NORM_STATS": {
    "log_return_1": {
      "mean": 0.0008091738731160587,
      "std": 0.019067200224744202
    },
    "log_return_5": {
      "mean": 0.0040715210890106225,
      "std": 0.041491080759228874
    },
    "log_return_20": {
      "mean": 0.0162528120083785,
      "std": 0.0864919424243296
    },
    "dist_to_sma_20": {
      "mean": 0.00827422411769337,
      "std": 0.04751571794335705
    },
    "dist_to_sma_50": {
      "mean": 0.021822298147287873,
      "std": 0.08025222913874965
    },
    "sma_20_sma_50_ratio": {
      "mean": 0.01259721664927162,
      "std": 0.04881520140320959
    },
    "volume_z_score_20": {
      "mean": 0.0006160309547465523,
      "std": 1.0737304925656228
    },
    "atr_pct_14": {
      "mean": 2.4710237521853875,
      "std": 0.8612210828366411
    },
    "realized_volatility_20": {
      "mean": 0.07507466751522869,
      "std": 0.035365527901275985
    },
    "rsi_14": {
      "mean": 54.3946538566877,
      "std": 13.499744361100815
    },
    "bollinger_percent_b_20_2": {
      "mean": 0.5717769977102322,
      "std": 0.33502457621284376
    },
    "bollinger_bandwidth_20_2": {
      "mean": 0.12048870976710262,
      "std": 0.06978301442975166
    },
    "macd_hist_12_26_9": {
      "mean": -0.0002986967676682091,
      "std": 1.7237639454419798
    },
    "close_position_in_range": {
      "mean": 0.5300885503731817,
      "std": 0.305925289409488
    },
    "ret_skew_20": {
      "mean": -0.012469316188712606,
      "std": 1.1445892703062928
    },
    "ret_kurt_20": {
      "mean": 1.8145874491430076,
      "std": 3.3697326457492554
    },
    "up_streak_10": {
      "mean": 0.11306818181818182,
      "std": 0.1506414915871564
    },
    "trend_efficiency_20": {
      "mean": 5.321981372244783,
      "std": 3.754261205873232
    },
    "trend_align_5_10": {
      "mean": 0.5272727272727272,
      "std": 0.849696105130758
    }
  },
  "TRAIN_WINDOW": "2017-01-01 -> 2023-12-31",
  "LABEL_CONTRACT": "TripleBarrier.ATR.daily.v1",
  "MODEL_HASH": "77edf25e2845a2d9922f2f3e8c19b31780d25e9b45294f4b3e8d87205217c5c1",
  "RANDOM_SEED": 42
}
