{
  "ticker": "CBOE",
  "best_params": {
    "hidden": 32,
    "lr": 0.001,
    "dropout": 0.3,
    "weight_decay": 0.0001,
    "num_layers": 1,
    "refit_epochs": 5
  },
  "kelly_fraction": null,
  "THRESHOLD_ENTRY": 0.54,
  "DIRECTION_MODE": "both",
  "CALIBRATION": {
    "theta_entry": 0.54,
    "kelly_fraction": null,
    "direction_mode": "both",
    "oof_trades": 46,
    "trade_floor_met": true,
    "oof_log_growth": 0.2820356048958768
  },
  "cv_auc_pr": 0.4901457510007304,
  "cv_folds": 4,
  "SEQ_LEN": 60,
  "FEATURE_MANIFEST": [
    "log_return_1",
    "log_return_5",
    "log_return_20",
    "dist_to_sma_20",
    "dist_to_sma_50",
    "sma_20_sma_50_ratio",
    "volume_z_score_20",
    "atr_pct_14",
    "realized_volatility_20",
    "rsi_14",
    "bollinger_percent_b_20_2",
    "bollinger_bandwidth_20_2",
    "macd_hist_12_26_9",
    "xas_rs_mkt_20",
    "price_volume_rank_divergence",
    "zscore_close_20"
  ],
  "NORM_STATS": {
    "log_return_1": {
      "mean": 0.000501295177571824,
      "std": 0.016080469657199028
    },
    "log_return_5": {
      "mean": 0.002480109855061416,
      "std": 0.03444001272172496
    },
    "log_return_20": {
      "mean": 0.009822272826762743,
      "std": 0.06681021836429693
    },
    "dist_to_sma_20": {
      "mean": 0.004976084983215857,
      "std": 0.03690453401405541
    },
    "dist_to_sma_50": {
      "mean": 0.01319699086870205,
      "std": 0.05381249786454452
    },
    "sma_20_sma_50_ratio": {
      "mean": 0.0079388672509703,
      "std": 0.032824141815997916
    },
    "volume_z_score_20": {
      "mean": -0.0018658295075036871,
      "std": 1.059800864050441
    },
    "atr_pct_14": {
      "mean": 2.396204335417676,
      "std": 0.9570106625164652
    },
    "realized_volatility_20": {
      "mean": 0.06245361629410356,
      "std": 0.03224080049805633
    },
    "rsi_14": {
      "mean": 54.232788780755,
      "std": 11.52454582385644
    },
    "bollinger_percent_b_20_2": {
      "mean": 0.5769688190047454,
      "std": 0.3236190457717743
    },
    "bollinger_bandwidth_20_2": {
      "mean": 0.09216266313448176,
      "std": 0.06419373739548202
    },
    "macd_hist_12_26_9": {
      "mean": -0.0022297976126901707,
      "std": 0.5741143874996402
    },
    "xas_rs_mkt_20": {
      "mean": 0.003280701876685548,
      "std": 0.06000359709610593
    },
    "price_volume_rank_divergence": {
      "mean": 0.11850852272727272,
      "std": 0.45848082260885287
    },
    "zscore_close_20": {
      "mean": 0.30787527601898174,
      "std": 1.2944761830870972
    }
  },
  "TRAIN_WINDOW": "2017-01-01 -> 2023-12-31",
  "LABEL_CONTRACT": "TripleBarrier.ATR.daily.v1",
  "MODEL_HASH": "6ae9f6523d2d94b417a706f1e9c1028dd67a3df351b0c633336c5b20aef14ec0",
  "RANDOM_SEED": 42
}
