{
  "ticker": "MAR",
  "best_params": {
    "hidden": 32,
    "lr": 0.001,
    "dropout": 0.3,
    "weight_decay": 0.0001,
    "num_layers": 1,
    "refit_epochs": 5
  },
  "kelly_fraction": null,
  "THRESHOLD_ENTRY": 0.54,
  "DIRECTION_MODE": "long_only",
  "CALIBRATION": {
    "theta_entry": 0.54,
    "kelly_fraction": null,
    "direction_mode": "long_only",
    "oof_trades": 59,
    "trade_floor_met": true,
    "oof_log_growth": 0.4412547741043678
  },
  "cv_auc_pr": 0.5015817008831128,
  "cv_folds": 4,
  "SEQ_LEN": 60,
  "FEATURE_MANIFEST": [
    "log_return_1",
    "log_return_5",
    "log_return_20",
    "dist_to_sma_20",
    "dist_to_sma_50",
    "sma_20_sma_50_ratio",
    "volume_z_score_20",
    "atr_pct_14",
    "realized_volatility_20",
    "rsi_14",
    "bollinger_percent_b_20_2",
    "bollinger_bandwidth_20_2",
    "macd_hist_12_26_9",
    "return_120",
    "overnight_intraday_spread_20"
  ],
  "NORM_STATS": {
    "log_return_1": {
      "mean": 0.0005702252321155859,
      "std": 0.022375822940730036
    },
    "log_return_5": {
      "mean": 0.002802990461914225,
      "std": 0.051454014622923025
    },
    "log_return_20": {
      "mean": 0.010831911566951473,
      "std": 0.09982785366638268
    },
    "dist_to_sma_20": {
      "mean": 0.005922033171880536,
      "std": 0.053705129047939636
    },
    "dist_to_sma_50": {
      "mean": 0.015112774477883109,
      "std": 0.08138075712295709
    },
    "sma_20_sma_50_ratio": {
      "mean": 0.008451187169068388,
      "std": 0.05136625918732845
    },
    "volume_z_score_20": {
      "mean": -0.012817934649340406,
      "std": 1.0781786088986136
    },
    "atr_pct_14": {
      "mean": 2.797922921518168,
      "std": 1.8156301096103784
    },
    "realized_volatility_20": {
      "mean": 0.08322624001408298,
      "std": 0.05081250235459228
    },
    "rsi_14": {
      "mean": 53.91511208749445,
      "std": 12.124510100394676
    },
    "bollinger_percent_b_20_2": {
      "mean": 0.5616195235471778,
      "std": 0.3286892251906775
    },
    "bollinger_bandwidth_20_2": {
      "mean": 0.13067475944130635,
      "std": 0.0944786999282623
    },
    "macd_hist_12_26_9": {
      "mean": 0.007186515424048772,
      "std": 0.9543385572095717
    },
    "return_120": {
      "mean": 0.06924049777328597,
      "std": 0.2017581938539744
    },
    "overnight_intraday_spread_20": {
      "mean": 0.00012077659945238523,
      "std": 0.004882532003028671
    }
  },
  "TRAIN_WINDOW": "2017-01-01 -> 2023-12-31",
  "LABEL_CONTRACT": "TripleBarrier.ATR.daily.v1",
  "MODEL_HASH": "969bd03c45b64efbaf85d39646e66f68d30d25eadb9e5d4c918ed6e7e4fd194b",
  "RANDOM_SEED": 42
}
