{
  "ticker": "ROL",
  "best_params": {
    "hidden": 32,
    "lr": 0.001,
    "dropout": 0.3,
    "weight_decay": 0.0001,
    "num_layers": 1,
    "refit_epochs": 5
  },
  "kelly_fraction": null,
  "THRESHOLD_ENTRY": 0.5,
  "DIRECTION_MODE": "long_only",
  "CALIBRATION": {
    "theta_entry": 0.5,
    "kelly_fraction": null,
    "direction_mode": "long_only",
    "oof_trades": 92,
    "trade_floor_met": true,
    "oof_log_growth": 0.6415096424819715
  },
  "cv_auc_pr": 0.5240221667095183,
  "cv_folds": 4,
  "SEQ_LEN": 60,
  "FEATURE_MANIFEST": [
    "log_return_1",
    "log_return_5",
    "log_return_20",
    "dist_to_sma_20",
    "dist_to_sma_50",
    "sma_20_sma_50_ratio",
    "volume_z_score_20",
    "atr_pct_14",
    "realized_volatility_20",
    "rsi_14",
    "bollinger_percent_b_20_2",
    "bollinger_bandwidth_20_2",
    "macd_hist_12_26_9",
    "momentum_60",
    "ret_skew_20",
    "rsi_2",
    "xas_rs_mkt_20",
    "vol_of_vol_20"
  ],
  "NORM_STATS": {
    "log_return_1": {
      "mean": 0.00014586672199457497,
      "std": 0.021408665160519272
    },
    "log_return_5": {
      "mean": 0.0007154178589014691,
      "std": 0.048061261975226234
    },
    "log_return_20": {
      "mean": 0.002668138948605508,
      "std": 0.09776946743074752
    },
    "dist_to_sma_20": {
      "mean": 0.002020461856605494,
      "std": 0.051894385650760225
    },
    "dist_to_sma_50": {
      "mean": 0.004892023554894596,
      "std": 0.08150180677592637
    },
    "sma_20_sma_50_ratio": {
      "mean": 0.0021347080858009223,
      "std": 0.05157830055667451
    },
    "volume_z_score_20": {
      "mean": 0.022763313326654294,
      "std": 1.0933836746900925
    },
    "atr_pct_14": {
      "mean": 2.1846275210664277,
      "std": 0.9326389939147249
    },
    "realized_volatility_20": {
      "mean": 0.07289253582703606,
      "std": 0.058032420531618896
    },
    "rsi_14": {
      "mean": 52.962479762159376,
      "std": 14.171871117793685
    },
    "bollinger_percent_b_20_2": {
      "mean": 0.5706993498981363,
      "std": 0.34504628354234057
    },
    "bollinger_bandwidth_20_2": {
      "mean": 0.11838888498529326,
      "std": 0.10524375159648368
    },
    "macd_hist_12_26_9": {
      "mean": 0.0010691461190609757,
      "std": 0.3343248728964513
    },
    "momentum_60": {
      "mean": 0.007471127288223763,
      "std": 0.15838885780493672
    },
    "ret_skew_20": {
      "mean": -0.2831290858548109,
      "std": 1.355483803147783
    },
    "rsi_2": {
      "mean": 55.047013737240164,
      "std": 32.04511283917712
    },
    "xas_rs_mkt_20": {
      "mean": -0.00388797637399988,
      "std": 0.09393052470142882
    },
    "vol_of_vol_20": {
      "mean": 0.005413334884550825,
      "std": 0.008137497287715173
    }
  },
  "TRAIN_WINDOW": "2017-01-01 -> 2023-12-31",
  "LABEL_CONTRACT": "TripleBarrier.ATR.daily.v1",
  "MODEL_HASH": "8fc7586d2c6778e0819b02b6fcc52aaa1ea72a2294280ab906c6b58e98a76bce",
  "RANDOM_SEED": 42
}
