{
  "ticker": "PCAR",
  "best_params": {
    "hidden": 32,
    "lr": 0.001,
    "dropout": 0.3,
    "weight_decay": 0.0001,
    "num_layers": 1,
    "refit_epochs": 5
  },
  "kelly_fraction": null,
  "THRESHOLD_ENTRY": 0.56,
  "DIRECTION_MODE": "long_only",
  "CALIBRATION": {
    "theta_entry": 0.56,
    "kelly_fraction": null,
    "direction_mode": "long_only",
    "oof_trades": 40,
    "trade_floor_met": true,
    "oof_log_growth": 0.3047340370124888
  },
  "cv_auc_pr": 0.5371819574167189,
  "cv_folds": 4,
  "SEQ_LEN": 60,
  "FEATURE_MANIFEST": [
    "log_return_1",
    "log_return_5",
    "log_return_20",
    "dist_to_sma_20",
    "dist_to_sma_50",
    "sma_20_sma_50_ratio",
    "volume_z_score_20",
    "atr_pct_14",
    "realized_volatility_20",
    "rsi_14",
    "bollinger_percent_b_20_2",
    "bollinger_bandwidth_20_2",
    "macd_hist_12_26_9",
    "return_120",
    "ret_skew_20",
    "ret_kurt_20",
    "down_streak_10",
    "trend_efficiency_20",
    "vol_of_vol_20"
  ],
  "NORM_STATS": {
    "log_return_1": {
      "mean": 0.00024094575474115364,
      "std": 0.019279234264540028
    },
    "log_return_5": {
      "mean": 0.0011645823793625123,
      "std": 0.04144571072565233
    },
    "log_return_20": {
      "mean": 0.0043583021178915235,
      "std": 0.07847473253027487
    },
    "dist_to_sma_20": {
      "mean": 0.002572202355599968,
      "std": 0.04336444725214469
    },
    "dist_to_sma_50": {
      "mean": 0.006467848351268557,
      "std": 0.06556243072823588
    },
    "sma_20_sma_50_ratio": {
      "mean": 0.0034711081507592676,
      "std": 0.0403048841077548
    },
    "volume_z_score_20": {
      "mean": 0.008460237614956151,
      "std": 1.0812378457010465
    },
    "atr_pct_14": {
      "mean": 2.3590651300025445,
      "std": 0.7346100114034675
    },
    "realized_volatility_20": {
      "mean": 0.07083026569529163,
      "std": 0.04595386596333493
    },
    "rsi_14": {
      "mean": 51.95730631075237,
      "std": 11.8920201131798
    },
    "bollinger_percent_b_20_2": {
      "mean": 0.523045665600957,
      "std": 0.3320112302400619
    },
    "bollinger_bandwidth_20_2": {
      "mean": 0.10571597104898098,
      "std": 0.07915885165881553
    },
    "macd_hist_12_26_9": {
      "mean": 0.001540962250442118,
      "std": 0.497098458146752
    },
    "return_120": {
      "mean": 0.02679766333996654,
      "std": 0.13816034589156703
    },
    "ret_skew_20": {
      "mean": -0.03488690271255345,
      "std": 0.9405943446698365
    },
    "ret_kurt_20": {
      "mean": 1.085847495892476,
      "std": 2.6234206307946475
    },
    "down_streak_10": {
      "mean": 0.08392045454545453,
      "std": 0.11940893464276725
    },
    "trend_efficiency_20": {
      "mean": 4.627911595034676,
      "std": 3.501138927545286
    },
    "vol_of_vol_20": {
      "mean": 0.004036302570437995,
      "std": 0.006327945579122087
    }
  },
  "TRAIN_WINDOW": "2017-01-01 -> 2023-12-31",
  "LABEL_CONTRACT": "TripleBarrier.ATR.daily.v1",
  "MODEL_HASH": "674db8e896bff74f3d85c9026159c24ab9de39437fa51b9229df99e2d4eef814",
  "RANDOM_SEED": 42
}
