{
  "ticker": "LVS",
  "best_params": {
    "hidden": 32,
    "lr": 0.001,
    "dropout": 0.3,
    "weight_decay": 0.0001,
    "num_layers": 1,
    "refit_epochs": 5
  },
  "kelly_fraction": null,
  "THRESHOLD_ENTRY": 0.6,
  "DIRECTION_MODE": "both",
  "CALIBRATION": {
    "theta_entry": 0.6,
    "kelly_fraction": null,
    "direction_mode": "both",
    "oof_trades": 10,
    "trade_floor_met": true,
    "oof_log_growth": -0.27800632519609597
  },
  "cv_auc_pr": 0.4149939715337599,
  "cv_folds": 4,
  "SEQ_LEN": 60,
  "FEATURE_MANIFEST": [
    "log_return_1",
    "log_return_5",
    "log_return_20",
    "dist_to_sma_20",
    "dist_to_sma_50",
    "sma_20_sma_50_ratio",
    "volume_z_score_20",
    "atr_pct_14",
    "realized_volatility_20",
    "rsi_14",
    "bollinger_percent_b_20_2",
    "bollinger_bandwidth_20_2",
    "macd_hist_12_26_9",
    "obv_z20",
    "vol_of_vol_20",
    "overnight_vol_20"
  ],
  "NORM_STATS": {
    "log_return_1": {
      "mean": -4.650797024660074e-05,
      "std": 0.025566189405364485
    },
    "log_return_5": {
      "mean": -0.0002757899867222269,
      "std": 0.053940253538044894
    },
    "log_return_20": {
      "mean": -0.0019335396547496345,
      "std": 0.09970783262711656
    },
    "dist_to_sma_20": {
      "mean": -1.6654385666544185e-05,
      "std": 0.0550776406858475
    },
    "dist_to_sma_50": {
      "mean": -0.0008787323285406046,
      "std": 0.08418657176872195
    },
    "sma_20_sma_50_ratio": {
      "mean": -0.0016288034489501653,
      "std": 0.051708879112076236
    },
    "volume_z_score_20": {
      "mean": 0.005523457185734717,
      "std": 1.0723087199884307
    },
    "atr_pct_14": {
      "mean": 3.302880699994165,
      "std": 1.5391365221606452
    },
    "realized_volatility_20": {
      "mean": 0.09969337301831543,
      "std": 0.05167547331758344
    },
    "rsi_14": {
      "mean": 50.46211415293576,
      "std": 12.070524489362047
    },
    "bollinger_percent_b_20_2": {
      "mean": 0.5111629719411962,
      "std": 0.334886175307898
    },
    "bollinger_bandwidth_20_2": {
      "mean": 0.14679706183876315,
      "std": 0.08003581074003777
    },
    "macd_hist_12_26_9": {
      "mean": 0.0034950466828506466,
      "std": 0.3968974769398356
    },
    "obv_z20": {
      "mean": 0.06370154901743992,
      "std": 1.3620427366361707
    },
    "vol_of_vol_20": {
      "mean": 0.004916104439862981,
      "std": 0.0038612900870811286
    },
    "overnight_vol_20": {
      "mean": 0.013067702628933515,
      "std": 0.008891316264599403
    }
  },
  "TRAIN_WINDOW": "2017-01-01 -> 2023-12-31",
  "LABEL_CONTRACT": "TripleBarrier.ATR.daily.v1",
  "MODEL_HASH": "10abaed53f3f5e5050b12d333bc70d97d2d046de3aec94fa5d4352c83b7931d7",
  "RANDOM_SEED": 42
}
