{
  "ticker": "NI",
  "best_params": {
    "hidden": 32,
    "lr": 0.001,
    "dropout": 0.3,
    "weight_decay": 0.0001,
    "num_layers": 1,
    "refit_epochs": 5
  },
  "kelly_fraction": null,
  "THRESHOLD_ENTRY": 0.54,
  "DIRECTION_MODE": "both",
  "CALIBRATION": {
    "theta_entry": 0.54,
    "kelly_fraction": null,
    "direction_mode": "both",
    "oof_trades": 14,
    "trade_floor_met": true,
    "oof_log_growth": 0.009447905618072586
  },
  "cv_auc_pr": 0.4350576775174676,
  "cv_folds": 4,
  "SEQ_LEN": 60,
  "FEATURE_MANIFEST": [
    "log_return_1",
    "log_return_5",
    "log_return_20",
    "dist_to_sma_20",
    "dist_to_sma_50",
    "sma_20_sma_50_ratio",
    "volume_z_score_20",
    "atr_pct_14",
    "realized_volatility_20",
    "rsi_14",
    "bollinger_percent_b_20_2",
    "bollinger_bandwidth_20_2",
    "macd_hist_12_26_9",
    "down_streak_10",
    "dist_from_low_20",
    "downside_upside_vol_ratio_20"
  ],
  "NORM_STATS": {
    "log_return_1": {
      "mean": 0.00010273609796188426,
      "std": 0.01580875644809187
    },
    "log_return_5": {
      "mean": 0.0004968617309761556,
      "std": 0.031917710331698976
    },
    "log_return_20": {
      "mean": 0.002075717930511982,
      "std": 0.05712525176891498
    },
    "dist_to_sma_20": {
      "mean": 0.001180882546515894,
      "std": 0.032383813962739504
    },
    "dist_to_sma_50": {
      "mean": 0.00285271052218284,
      "std": 0.04613097114599781
    },
    "sma_20_sma_50_ratio": {
      "mean": 0.0015048806023961205,
      "std": 0.027742910663679916
    },
    "volume_z_score_20": {
      "mean": 0.016870431875191508,
      "std": 1.0851812143901902
    },
    "atr_pct_14": {
      "mean": 2.030497963088718,
      "std": 0.9396240258764315
    },
    "realized_volatility_20": {
      "mean": 0.05817831647969057,
      "std": 0.0380583452649731
    },
    "rsi_14": {
      "mean": 51.94060437329379,
      "std": 10.808725173780772
    },
    "bollinger_percent_b_20_2": {
      "mean": 0.5515572623084285,
      "std": 0.3281697467617644
    },
    "bollinger_bandwidth_20_2": {
      "mean": 0.08326153260730672,
      "std": 0.05517320569759409
    },
    "macd_hist_12_26_9": {
      "mean": 0.00032029100572736563,
      "std": 0.12264131956965732
    },
    "down_streak_10": {
      "mean": 0.08301136363636363,
      "std": 0.12079763264520521
    },
    "dist_from_low_20": {
      "mean": 0.05222948778084582,
      "std": 0.041598395808329205
    },
    "downside_upside_vol_ratio_20": {
      "mean": 0.9559551749630955,
      "std": 0.4248013454815269
    }
  },
  "TRAIN_WINDOW": "2017-01-01 -> 2023-12-31",
  "LABEL_CONTRACT": "TripleBarrier.ATR.daily.v1",
  "MODEL_HASH": "491a20a3c793c6cc5c7654804aeb5ef9d21584e691795846bbdd0487a9526e0f",
  "RANDOM_SEED": 42
}
