{
  "ticker": "ELV",
  "best_params": {
    "hidden": 32,
    "lr": 0.001,
    "dropout": 0.3,
    "weight_decay": 0.0001,
    "num_layers": 1,
    "refit_epochs": 5
  },
  "kelly_fraction": null,
  "THRESHOLD_ENTRY": 0.58,
  "DIRECTION_MODE": "both",
  "CALIBRATION": {
    "theta_entry": 0.58,
    "kelly_fraction": null,
    "direction_mode": "both",
    "oof_trades": 31,
    "trade_floor_met": true,
    "oof_log_growth": 0.19940037305779584
  },
  "cv_auc_pr": 0.4439731004553248,
  "cv_folds": 4,
  "SEQ_LEN": 60,
  "FEATURE_MANIFEST": [
    "log_return_1",
    "log_return_5",
    "log_return_20",
    "dist_to_sma_20",
    "dist_to_sma_50",
    "sma_20_sma_50_ratio",
    "volume_z_score_20",
    "atr_pct_14",
    "realized_volatility_20",
    "rsi_14",
    "bollinger_percent_b_20_2",
    "bollinger_bandwidth_20_2",
    "macd_hist_12_26_9",
    "close_position_in_range",
    "ret_skew_20",
    "price_volume_rank_divergence",
    "ma_slope_10"
  ],
  "NORM_STATS": {
    "log_return_1": {
      "mean": 0.0006748252531728838,
      "std": 0.01941821786754709
    },
    "log_return_5": {
      "mean": 0.003330731510729929,
      "std": 0.04208915575885737
    },
    "log_return_20": {
      "mean": 0.013439887608343543,
      "std": 0.07476334004717453
    },
    "dist_to_sma_20": {
      "mean": 0.0067334842798469595,
      "std": 0.04226415802221141
    },
    "dist_to_sma_50": {
      "mean": 0.017481203238390586,
      "std": 0.06017403955605184
    },
    "sma_20_sma_50_ratio": {
      "mean": 0.010410616752599971,
      "std": 0.03616555814381345
    },
    "volume_z_score_20": {
      "mean": 0.016961470928765026,
      "std": 1.0812066021334616
    },
    "atr_pct_14": {
      "mean": 2.4591695634480897,
      "std": 1.0666146385576132
    },
    "realized_volatility_20": {
      "mean": 0.0739785683055806,
      "std": 0.042296808259011574
    },
    "rsi_14": {
      "mean": 53.82698277107482,
      "std": 11.371836339699161
    },
    "bollinger_percent_b_20_2": {
      "mean": 0.5551472408444789,
      "std": 0.3280239849607378
    },
    "bollinger_bandwidth_20_2": {
      "mean": 0.1093937472046115,
      "std": 0.07033798210635742
    },
    "macd_hist_12_26_9": {
      "mean": -0.00379590642656119,
      "std": 1.9593571904157159
    },
    "close_position_in_range": {
      "mean": 0.5149892971866618,
      "std": 0.2924852322703431
    },
    "ret_skew_20": {
      "mean": -0.012538194088470175,
      "std": 0.9104260952939061
    },
    "price_volume_rank_divergence": {
      "mean": 0.09255681818181818,
      "std": 0.48568060511079203
    },
    "ma_slope_10": {
      "mean": 0.0006792034746960306,
      "std": 0.005593012808018239
    }
  },
  "TRAIN_WINDOW": "2017-01-01 -> 2023-12-31",
  "LABEL_CONTRACT": "TripleBarrier.ATR.daily.v1",
  "MODEL_HASH": "96e37ebafc501023b5f8405e70946f7f9deb6c9f2c5cae9bcf0094f9617b0cde",
  "RANDOM_SEED": 42
}
