{
  "ticker": "OXY",
  "best_params": {
    "hidden": 32,
    "lr": 0.001,
    "dropout": 0.3,
    "weight_decay": 0.0001,
    "num_layers": 1,
    "refit_epochs": 5
  },
  "kelly_fraction": null,
  "THRESHOLD_ENTRY": 0.58,
  "DIRECTION_MODE": "both",
  "CALIBRATION": {
    "theta_entry": 0.58,
    "kelly_fraction": null,
    "direction_mode": "both",
    "oof_trades": 25,
    "trade_floor_met": true,
    "oof_log_growth": 0.6609813973468107
  },
  "cv_auc_pr": 0.40125381058150805,
  "cv_folds": 4,
  "SEQ_LEN": 60,
  "FEATURE_MANIFEST": [
    "log_return_1",
    "log_return_5",
    "log_return_20",
    "dist_to_sma_20",
    "dist_to_sma_50",
    "sma_20_sma_50_ratio",
    "volume_z_score_20",
    "atr_pct_14",
    "realized_volatility_20",
    "rsi_14",
    "bollinger_percent_b_20_2",
    "bollinger_bandwidth_20_2",
    "macd_hist_12_26_9",
    "high_low_range_pct",
    "atr_ratio_5_20",
    "xas_rs_mkt_20",
    "momentum_acceleration_10"
  ],
  "NORM_STATS": {
    "log_return_1": {
      "mean": -0.00010031531128554488,
      "std": 0.03646738622705474
    },
    "log_return_5": {
      "mean": -0.0004835089736884149,
      "std": 0.08247154624766741
    },
    "log_return_20": {
      "mean": -0.0022417518547367316,
      "std": 0.17787852914364222
    },
    "dist_to_sma_20": {
      "mean": 0.001249403303842614,
      "std": 0.0890543810118091
    },
    "dist_to_sma_50": {
      "mean": 0.0038425487818094435,
      "std": 0.146184026472549
    },
    "sma_20_sma_50_ratio": {
      "mean": -0.00016660343836332798,
      "std": 0.09300646944443527
    },
    "volume_z_score_20": {
      "mean": 0.0010069088534739544,
      "std": 1.0965734253698907
    },
    "atr_pct_14": {
      "mean": 3.9531625340925025,
      "std": 3.0264241128020553
    },
    "realized_volatility_20": {
      "mean": 0.12027259479981248,
      "std": 0.10267221574009605
    },
    "rsi_14": {
      "mean": 49.73278748760054,
      "std": 12.697745868120391
    },
    "bollinger_percent_b_20_2": {
      "mean": 0.4954875426519633,
      "std": 0.3353806896295775
    },
    "bollinger_bandwidth_20_2": {
      "mean": 0.18525806389571187,
      "std": 0.20305893336101843
    },
    "macd_hist_12_26_9": {
      "mean": -0.0017509583415166962,
      "std": 0.4286464278765309
    },
    "high_low_range_pct": {
      "mean": 3.5697673266016436,
      "std": 3.18000772867165
    },
    "atr_ratio_5_20": {
      "mean": 0.9897738129940205,
      "std": 0.1658295796349687
    },
    "xas_rs_mkt_20": {
      "mean": -0.008808836190035254,
      "std": 0.14969715067132108
    },
    "momentum_acceleration_10": {
      "mean": 0.00016444640006012552,
      "std": 0.1603799999543114
    }
  },
  "TRAIN_WINDOW": "2017-01-01 -> 2023-12-31",
  "LABEL_CONTRACT": "TripleBarrier.ATR.daily.v1",
  "MODEL_HASH": "af1d529db72f03c8c4a56a58129f161a41a25f287008b5bca6a089c71aab9969",
  "RANDOM_SEED": 42
}
