{
  "ticker": "XYZ",
  "best_params": {
    "hidden": 32,
    "lr": 0.001,
    "dropout": 0.3,
    "weight_decay": 0.0001,
    "num_layers": 1,
    "refit_epochs": 5
  },
  "kelly_fraction": null,
  "THRESHOLD_ENTRY": 0.52,
  "DIRECTION_MODE": "both",
  "CALIBRATION": {
    "theta_entry": 0.52,
    "kelly_fraction": null,
    "direction_mode": "both",
    "oof_trades": 77,
    "trade_floor_met": true,
    "oof_log_growth": 0.12755074404862932
  },
  "cv_auc_pr": 0.4802241237364981,
  "cv_folds": 4,
  "SEQ_LEN": 60,
  "FEATURE_MANIFEST": [
    "log_return_1",
    "log_return_5",
    "log_return_20",
    "dist_to_sma_20",
    "dist_to_sma_50",
    "sma_20_sma_50_ratio",
    "volume_z_score_20",
    "atr_pct_14",
    "realized_volatility_20",
    "rsi_14",
    "bollinger_percent_b_20_2",
    "bollinger_bandwidth_20_2",
    "macd_hist_12_26_9",
    "momentum_60",
    "downside_vol_20",
    "zscore_close_20"
  ],
  "NORM_STATS": {
    "log_return_1": {
      "mean": 0.000985911723729454,
      "std": 0.03805539127802696
    },
    "log_return_5": {
      "mean": 0.004916988441634384,
      "std": 0.08665340359725365
    },
    "log_return_20": {
      "mean": 0.018760380393551195,
      "std": 0.1701331962123418
    },
    "dist_to_sma_20": {
      "mean": 0.01112162841225492,
      "std": 0.09205355425258228
    },
    "dist_to_sma_50": {
      "mean": 0.028466381045608224,
      "std": 0.15330190709751787
    },
    "sma_20_sma_50_ratio": {
      "mean": 0.01407429382248579,
      "std": 0.0931324387095228
    },
    "volume_z_score_20": {
      "mean": 0.01332880830022597,
      "std": 1.0923108325122755
    },
    "atr_pct_14": {
      "mean": 4.9944498290304535,
      "std": 2.1132599391088696
    },
    "realized_volatility_20": {
      "mean": 0.14976942338372706,
      "std": 0.07108343708417056
    },
    "rsi_14": {
      "mean": 53.32252714977932,
      "std": 13.713168172925927
    },
    "bollinger_percent_b_20_2": {
      "mean": 0.5562522301014479,
      "std": 0.3409565069853179
    },
    "bollinger_bandwidth_20_2": {
      "mean": 0.24106110857063676,
      "std": 0.13000878382045603
    },
    "macd_hist_12_26_9": {
      "mean": 0.011328288271549105,
      "std": 1.3079309432535624
    },
    "momentum_60": {
      "mean": 0.05120524978417257,
      "std": 0.2957284552982703
    },
    "downside_vol_20": {
      "mean": 0.0194708415094718,
      "std": 0.011487463836704119
    },
    "zscore_close_20": {
      "mean": 0.22500892040579173,
      "std": 1.3638260279412715
    }
  },
  "TRAIN_WINDOW": "2017-01-01 -> 2023-12-31",
  "LABEL_CONTRACT": "TripleBarrier.ATR.daily.v1",
  "MODEL_HASH": "5ad31ec4bfe872533a560d7ca5967cf1ffa2f27461343733511c832d9d083a7d",
  "RANDOM_SEED": 42
}
