{
  "ticker": "GDDY",
  "best_params": {
    "hidden": 32,
    "lr": 0.001,
    "dropout": 0.3,
    "weight_decay": 0.0001,
    "num_layers": 1,
    "refit_epochs": 5
  },
  "kelly_fraction": null,
  "THRESHOLD_ENTRY": 0.56,
  "DIRECTION_MODE": "both",
  "CALIBRATION": {
    "theta_entry": 0.56,
    "kelly_fraction": null,
    "direction_mode": "both",
    "oof_trades": 27,
    "trade_floor_met": true,
    "oof_log_growth": 0.1927603617390275
  },
  "cv_auc_pr": 0.46292742362494205,
  "cv_folds": 4,
  "SEQ_LEN": 60,
  "FEATURE_MANIFEST": [
    "log_return_1",
    "log_return_5",
    "log_return_20",
    "dist_to_sma_20",
    "dist_to_sma_50",
    "sma_20_sma_50_ratio",
    "volume_z_score_20",
    "atr_pct_14",
    "realized_volatility_20",
    "rsi_14",
    "bollinger_percent_b_20_2",
    "bollinger_bandwidth_20_2",
    "macd_hist_12_26_9",
    "momentum_60",
    "close_position_in_range",
    "price_volume_rank_divergence",
    "vol_of_vol_20"
  ],
  "NORM_STATS": {
    "log_return_1": {
      "mean": 0.0006314290257488856,
      "std": 0.022051485967039132
    },
    "log_return_5": {
      "mean": 0.003170527925447922,
      "std": 0.04804056120648607
    },
    "log_return_20": {
      "mean": 0.01245038022289246,
      "std": 0.09105793739375563
    },
    "dist_to_sma_20": {
      "mean": 0.006567979000747182,
      "std": 0.050455846705537814
    },
    "dist_to_sma_50": {
      "mean": 0.015786410238953646,
      "std": 0.07314576642021275
    },
    "sma_20_sma_50_ratio": {
      "mean": 0.00875419630036125,
      "std": 0.04374772196142578
    },
    "volume_z_score_20": {
      "mean": 0.008165688027326637,
      "std": 1.0927023688019517
    },
    "atr_pct_14": {
      "mean": 2.7852668216257164,
      "std": 1.0260521006925039
    },
    "realized_volatility_20": {
      "mean": 0.08573966747465622,
      "std": 0.044337723063141155
    },
    "rsi_14": {
      "mean": 53.11972951243611,
      "std": 11.829568559484574
    },
    "bollinger_percent_b_20_2": {
      "mean": 0.5623300259374786,
      "std": 0.32996225994235207
    },
    "bollinger_bandwidth_20_2": {
      "mean": 0.12887335746996295,
      "std": 0.08068531516848665
    },
    "macd_hist_12_26_9": {
      "mean": 0.009775164879636276,
      "std": 0.5167538945450859
    },
    "momentum_60": {
      "mean": 0.031829289003448724,
      "std": 0.1278842037544576
    },
    "close_position_in_range": {
      "mean": 0.5221719100272906,
      "std": 0.31395142781117225
    },
    "price_volume_rank_divergence": {
      "mean": 0.09603693181818183,
      "std": 0.47509896253751455
    },
    "vol_of_vol_20": {
      "mean": 0.004942916284057992,
      "std": 0.004181637646152854
    }
  },
  "TRAIN_WINDOW": "2017-01-01 -> 2023-12-31",
  "LABEL_CONTRACT": "TripleBarrier.ATR.daily.v1",
  "MODEL_HASH": "7ecfc53c73e117dc6177773933a86575fc28e33d5e0b1724d62dd0cf6fb26200",
  "RANDOM_SEED": 42
}
