{
  "ticker": "INTU",
  "best_params": {
    "hidden": 32,
    "lr": 0.001,
    "dropout": 0.3,
    "weight_decay": 0.0001,
    "num_layers": 1,
    "refit_epochs": 5
  },
  "kelly_fraction": null,
  "THRESHOLD_ENTRY": 0.5,
  "DIRECTION_MODE": "both",
  "CALIBRATION": {
    "theta_entry": 0.5,
    "kelly_fraction": null,
    "direction_mode": "both",
    "oof_trades": 117,
    "trade_floor_met": true,
    "oof_log_growth": 0.3078459545101191
  },
  "cv_auc_pr": 0.443005910547414,
  "cv_folds": 4,
  "SEQ_LEN": 60,
  "FEATURE_MANIFEST": [
    "log_return_1",
    "log_return_5",
    "log_return_20",
    "dist_to_sma_20",
    "dist_to_sma_50",
    "sma_20_sma_50_ratio",
    "volume_z_score_20",
    "atr_pct_14",
    "realized_volatility_20",
    "rsi_14",
    "bollinger_percent_b_20_2",
    "bollinger_bandwidth_20_2",
    "macd_hist_12_26_9",
    "dist_to_high_252",
    "stochastic_k_20",
    "trend_align_5_10"
  ],
  "NORM_STATS": {
    "log_return_1": {
      "mean": 0.0009639552541634538,
      "std": 0.02120058019829675
    },
    "log_return_5": {
      "mean": 0.004796709158335925,
      "std": 0.04305666985041841
    },
    "log_return_20": {
      "mean": 0.01865266775057315,
      "std": 0.0766745215696295
    },
    "dist_to_sma_20": {
      "mean": 0.009401407493422317,
      "std": 0.04373379948204014
    },
    "dist_to_sma_50": {
      "mean": 0.023711926932816534,
      "std": 0.06574055044955576
    },
    "sma_20_sma_50_ratio": {
      "mean": 0.013742961909415359,
      "std": 0.03900220227075844
    },
    "volume_z_score_20": {
      "mean": -0.014504731762589174,
      "std": 1.0726297029160903
    },
    "atr_pct_14": {
      "mean": 2.631020974833652,
      "std": 1.1239644353191973
    },
    "realized_volatility_20": {
      "mean": 0.08192704657615368,
      "std": 0.044467605642530945
    },
    "rsi_14": {
      "mean": 55.47263418536809,
      "std": 11.562225572187666
    },
    "bollinger_percent_b_20_2": {
      "mean": 0.5997366399609729,
      "std": 0.3227662237752976
    },
    "bollinger_bandwidth_20_2": {
      "mean": 0.1208940723975099,
      "std": 0.06151824141561475
    },
    "macd_hist_12_26_9": {
      "mean": 0.0415955729246841,
      "std": 2.338224585960768
    },
    "dist_to_high_252": {
      "mean": -0.1086864671261639,
      "std": 0.13020993918531618
    },
    "stochastic_k_20": {
      "mean": 0.606933037276088,
      "std": 0.2982792940596651
    },
    "trend_align_5_10": {
      "mean": 0.522159090909091,
      "std": 0.8525149277067293
    }
  },
  "TRAIN_WINDOW": "2017-01-01 -> 2023-12-31",
  "LABEL_CONTRACT": "TripleBarrier.ATR.daily.v1",
  "MODEL_HASH": "c7c43e07db37b81753b9078e370a25c599102ec99f7c00572562afa835b4e3fe",
  "RANDOM_SEED": 42
}
