{
  "ticker": "AMZN",
  "best_params": {
    "hidden": 32,
    "lr": 0.001,
    "dropout": 0.3,
    "weight_decay": 0.0001,
    "num_layers": 1,
    "refit_epochs": 5
  },
  "kelly_fraction": null,
  "THRESHOLD_ENTRY": 0.52,
  "DIRECTION_MODE": "long_only",
  "CALIBRATION": {
    "theta_entry": 0.52,
    "kelly_fraction": null,
    "direction_mode": "long_only",
    "oof_trades": 85,
    "trade_floor_met": true,
    "oof_log_growth": 0.27844228848052854
  },
  "cv_auc_pr": 0.4632914854690801,
  "cv_folds": 4,
  "SEQ_LEN": 60,
  "FEATURE_MANIFEST": [
    "log_return_1",
    "log_return_5",
    "log_return_20",
    "dist_to_sma_20",
    "dist_to_sma_50",
    "sma_20_sma_50_ratio",
    "volume_z_score_20",
    "atr_pct_14",
    "realized_volatility_20",
    "rsi_14",
    "bollinger_percent_b_20_2",
    "bollinger_bandwidth_20_2",
    "macd_hist_12_26_9",
    "dist_to_sma_10",
    "xas_mkt_lead_ret_1",
    "downside_upside_vol_ratio_20"
  ],
  "NORM_STATS": {
    "log_return_1": {
      "mean": -0.0009073645399976904,
      "std": 0.07403922844562158
    },
    "log_return_5": {
      "mean": -0.004565730557128418,
      "std": 0.16715561612949537
    },
    "log_return_20": {
      "mean": -0.018519536626915353,
      "std": 0.3320437707298534
    },
    "dist_to_sma_20": {
      "mean": -0.0011363874479226428,
      "std": 0.10340613956328161
    },
    "dist_to_sma_50": {
      "mean": -0.0033188275736151743,
      "std": 0.1618436164154465
    },
    "sma_20_sma_50_ratio": {
      "mean": -0.006024178565319799,
      "std": 0.12561289028358097
    },
    "volume_z_score_20": {
      "mean": 0.02413486268606626,
      "std": 1.087391804277523
    },
    "atr_pct_14": {
      "mean": 4.535798521684876,
      "std": 15.380094775011877
    },
    "realized_volatility_20": {
      "mean": 0.11539469806354193,
      "std": 0.3013406195806296
    },
    "rsi_14": {
      "mean": 52.98981146919873,
      "std": 13.511478982686457
    },
    "bollinger_percent_b_20_2": {
      "mean": 0.5821058839238805,
      "std": 0.33190841873981364
    },
    "bollinger_bandwidth_20_2": {
      "mean": 0.17098874291876603,
      "std": 0.4805417347856971
    },
    "macd_hist_12_26_9": {
      "mean": 0.010575361361077899,
      "std": 21.114951784422075
    },
    "dist_to_sma_10": {
      "mean": -0.00048214301986432333,
      "std": 0.07200863754709784
    },
    "xas_mkt_lead_ret_1": {
      "mean": 0.0003464338077794024,
      "std": 0.012755820606215962
    },
    "downside_upside_vol_ratio_20": {
      "mean": 1.0419823229541247,
      "std": 1.2361184823327753
    }
  },
  "TRAIN_WINDOW": "2017-01-01 -> 2023-12-31",
  "LABEL_CONTRACT": "TripleBarrier.ATR.daily.v1",
  "MODEL_HASH": "7535da6e2b6b0d21cfbd7adbeb3d2c3ca5077c7f94c1d9d0c29d39107aba282b",
  "RANDOM_SEED": 42
}
