{
  "ticker": "STT",
  "best_params": {
    "hidden": 32,
    "lr": 0.001,
    "dropout": 0.3,
    "weight_decay": 0.0001,
    "num_layers": 1,
    "refit_epochs": 5
  },
  "kelly_fraction": null,
  "THRESHOLD_ENTRY": 0.54,
  "DIRECTION_MODE": "long_only",
  "CALIBRATION": {
    "theta_entry": 0.54,
    "kelly_fraction": null,
    "direction_mode": "long_only",
    "oof_trades": 28,
    "trade_floor_met": true,
    "oof_log_growth": 0.7625046996729277
  },
  "cv_auc_pr": 0.4678989541897278,
  "cv_folds": 4,
  "SEQ_LEN": 60,
  "FEATURE_MANIFEST": [
    "log_return_1",
    "log_return_5",
    "log_return_20",
    "dist_to_sma_20",
    "dist_to_sma_50",
    "sma_20_sma_50_ratio",
    "volume_z_score_20",
    "atr_pct_14",
    "realized_volatility_20",
    "rsi_14",
    "bollinger_percent_b_20_2",
    "bollinger_bandwidth_20_2",
    "macd_hist_12_26_9",
    "dist_to_sma_10",
    "xas_mkt_lead_ret_1",
    "overnight_intraday_spread_20"
  ],
  "NORM_STATS": {
    "log_return_1": {
      "mean": -1.9037037490456604e-06,
      "std": 0.02248628756059857
    },
    "log_return_5": {
      "mean": -1.9928591500633944e-05,
      "std": 0.04789098630264129
    },
    "log_return_20": {
      "mean": -0.0004798967453336174,
      "std": 0.0970557008104612
    },
    "dist_to_sma_20": {
      "mean": 0.0005696921351459242,
      "std": 0.054077643184890674
    },
    "dist_to_sma_50": {
      "mean": 0.000597190489574463,
      "std": 0.0792156495265301
    },
    "sma_20_sma_50_ratio": {
      "mean": -0.0005413800406143918,
      "std": 0.04846599301660932
    },
    "volume_z_score_20": {
      "mean": 0.004887516320843084,
      "std": 1.1016807741513912
    },
    "atr_pct_14": {
      "mean": 2.7777754011483147,
      "std": 1.1261012895724223
    },
    "realized_volatility_20": {
      "mean": 0.08637978846542418,
      "std": 0.046584444530341905
    },
    "rsi_14": {
      "mean": 50.86348382539093,
      "std": 12.336680487485165
    },
    "bollinger_percent_b_20_2": {
      "mean": 0.5242663679144751,
      "std": 0.3339860661289741
    },
    "bollinger_bandwidth_20_2": {
      "mean": 0.13684738222949513,
      "std": 0.08296605430543655
    },
    "macd_hist_12_26_9": {
      "mean": 0.0031258645549784594,
      "std": 0.5555143165699971
    },
    "dist_to_sma_10": {
      "mean": 0.00026798131996093604,
      "std": 0.036561192620436826
    },
    "xas_mkt_lead_ret_1": {
      "mean": 0.0003446396522147115,
      "std": 0.012744909079031582
    },
    "overnight_intraday_spread_20": {
      "mean": 0.0003737342709337849,
      "std": 0.004742042066107656
    }
  },
  "TRAIN_WINDOW": "2017-01-01 -> 2023-12-31",
  "LABEL_CONTRACT": "TripleBarrier.ATR.daily.v1",
  "MODEL_HASH": "7f348e75eb16ec571a69c6ec3801990a55811407ba41baf66b2ce3f330382061",
  "RANDOM_SEED": 42
}
