{
  "ticker": "EQIX",
  "best_params": {
    "hidden": 32,
    "lr": 0.001,
    "dropout": 0.3,
    "weight_decay": 0.0001,
    "num_layers": 1,
    "refit_epochs": 5
  },
  "kelly_fraction": null,
  "THRESHOLD_ENTRY": 0.52,
  "DIRECTION_MODE": "both",
  "CALIBRATION": {
    "theta_entry": 0.52,
    "kelly_fraction": null,
    "direction_mode": "both",
    "oof_trades": 85,
    "trade_floor_met": true,
    "oof_log_growth": 0.618765108447108
  },
  "cv_auc_pr": 0.5197516877011306,
  "cv_folds": 4,
  "SEQ_LEN": 60,
  "FEATURE_MANIFEST": [
    "log_return_1",
    "log_return_5",
    "log_return_20",
    "dist_to_sma_20",
    "dist_to_sma_50",
    "sma_20_sma_50_ratio",
    "volume_z_score_20",
    "atr_pct_14",
    "realized_volatility_20",
    "rsi_14",
    "bollinger_percent_b_20_2",
    "bollinger_bandwidth_20_2",
    "macd_hist_12_26_9",
    "return_120",
    "close_position_in_range",
    "atr_ratio_5_20",
    "price_volume_rank_divergence"
  ],
  "NORM_STATS": {
    "log_return_1": {
      "mean": 0.0004615391972119428,
      "std": 0.017583134682226442
    },
    "log_return_5": {
      "mean": 0.0023190784820735664,
      "std": 0.03622818979034569
    },
    "log_return_20": {
      "mean": 0.009521486223371447,
      "std": 0.0687020624318979
    },
    "dist_to_sma_20": {
      "mean": 0.004778502753485405,
      "std": 0.038760300378148996
    },
    "dist_to_sma_50": {
      "mean": 0.012336897752525321,
      "std": 0.057407141994664984
    },
    "sma_20_sma_50_ratio": {
      "mean": 0.007235665120567716,
      "std": 0.03486632846447842
    },
    "volume_z_score_20": {
      "mean": 0.00017499732451669428,
      "std": 1.0815757483136126
    },
    "atr_pct_14": {
      "mean": 2.3537004024814263,
      "std": 0.7889609105783104
    },
    "realized_volatility_20": {
      "mean": 0.06988118005506755,
      "std": 0.03273125860373241
    },
    "rsi_14": {
      "mean": 52.841902794753004,
      "std": 11.468346397269801
    },
    "bollinger_percent_b_20_2": {
      "mean": 0.5565665842115908,
      "std": 0.3280795009716167
    },
    "bollinger_bandwidth_20_2": {
      "mean": 0.10381778584702478,
      "std": 0.052595652656600766
    },
    "macd_hist_12_26_9": {
      "mean": 0.011444993654807136,
      "std": 3.4757883820768485
    },
    "return_120": {
      "mean": 0.052128420330021984,
      "std": 0.14143421580642423
    },
    "close_position_in_range": {
      "mean": 0.5261182243672385,
      "std": 0.3073004070903794
    },
    "atr_ratio_5_20": {
      "mean": 0.9973754708358697,
      "std": 0.14796488439465924
    },
    "price_volume_rank_divergence": {
      "mean": 0.09713068181818181,
      "std": 0.5108631065207984
    }
  },
  "TRAIN_WINDOW": "2017-01-01 -> 2023-12-31",
  "LABEL_CONTRACT": "TripleBarrier.ATR.daily.v1",
  "MODEL_HASH": "0bbbde3db090df590ec6654f8be6653d7c160aa250e519b9db5c88b88295801b",
  "RANDOM_SEED": 42
}
