{
  "ticker": "IT",
  "best_params": {
    "hidden": 32,
    "lr": 0.001,
    "dropout": 0.3,
    "weight_decay": 0.0001,
    "num_layers": 1,
    "refit_epochs": 5
  },
  "kelly_fraction": null,
  "THRESHOLD_ENTRY": 0.5,
  "DIRECTION_MODE": "both",
  "CALIBRATION": {
    "theta_entry": 0.5,
    "kelly_fraction": null,
    "direction_mode": "both",
    "oof_trades": 97,
    "trade_floor_met": true,
    "oof_log_growth": 0.4998855746890236
  },
  "cv_auc_pr": 0.5098399880753337,
  "cv_folds": 4,
  "SEQ_LEN": 60,
  "FEATURE_MANIFEST": [
    "log_return_1",
    "log_return_5",
    "log_return_20",
    "dist_to_sma_20",
    "dist_to_sma_50",
    "sma_20_sma_50_ratio",
    "volume_z_score_20",
    "atr_pct_14",
    "realized_volatility_20",
    "rsi_14",
    "bollinger_percent_b_20_2",
    "bollinger_bandwidth_20_2",
    "macd_hist_12_26_9",
    "ret_kurt_20",
    "price_volume_rank_divergence",
    "momentum_acceleration_10"
  ],
  "NORM_STATS": {
    "log_return_1": {
      "mean": 0.0008499419693839611,
      "std": 0.019938524946301085
    },
    "log_return_5": {
      "mean": 0.004213398196762449,
      "std": 0.04590537900104765
    },
    "log_return_20": {
      "mean": 0.016732925457408992,
      "std": 0.09410630343066674
    },
    "dist_to_sma_20": {
      "mean": 0.00862605642991325,
      "std": 0.05154048334672882
    },
    "dist_to_sma_50": {
      "mean": 0.02182811874792663,
      "std": 0.07983617462495861
    },
    "sma_20_sma_50_ratio": {
      "mean": 0.012442728249219116,
      "std": 0.049713198103418337
    },
    "volume_z_score_20": {
      "mean": 0.010303533513135569,
      "std": 1.098325342633968
    },
    "atr_pct_14": {
      "mean": 2.3808685907785803,
      "std": 1.0610883982204855
    },
    "realized_volatility_20": {
      "mean": 0.07483352490438801,
      "std": 0.04359058227317062
    },
    "rsi_14": {
      "mean": 55.10146407058583,
      "std": 13.093354726106936
    },
    "bollinger_percent_b_20_2": {
      "mean": 0.5999216631396146,
      "std": 0.33543196821754256
    },
    "bollinger_bandwidth_20_2": {
      "mean": 0.12166632857979032,
      "std": 0.0919178543676927
    },
    "macd_hist_12_26_9": {
      "mean": 0.023614546673293876,
      "std": 1.5100845715832811
    },
    "ret_kurt_20": {
      "mean": 1.4137950172488918,
      "std": 3.42356404312174
    },
    "price_volume_rank_divergence": {
      "mean": 0.12563920454545455,
      "std": 0.4979830945326119
    },
    "momentum_acceleration_10": {
      "mean": -2.1598178155631133e-05,
      "std": 0.09300546382554917
    }
  },
  "TRAIN_WINDOW": "2017-01-01 -> 2023-12-31",
  "LABEL_CONTRACT": "TripleBarrier.ATR.daily.v1",
  "MODEL_HASH": "fbb6fb348c5baed0ad18e77c70d0187743ac464c17f52794da53e3e00c62be31",
  "RANDOM_SEED": 42
}
