{
  "ticker": "RMD",
  "best_params": {
    "hidden": 32,
    "lr": 0.001,
    "dropout": 0.3,
    "weight_decay": 0.0001,
    "num_layers": 1,
    "refit_epochs": 5
  },
  "kelly_fraction": null,
  "THRESHOLD_ENTRY": 0.5,
  "DIRECTION_MODE": "long_only",
  "CALIBRATION": {
    "theta_entry": 0.5,
    "kelly_fraction": null,
    "direction_mode": "long_only",
    "oof_trades": 97,
    "trade_floor_met": true,
    "oof_log_growth": 0.12868563159949153
  },
  "cv_auc_pr": 0.4582840013917717,
  "cv_folds": 4,
  "SEQ_LEN": 60,
  "FEATURE_MANIFEST": [
    "log_return_1",
    "log_return_5",
    "log_return_20",
    "dist_to_sma_20",
    "dist_to_sma_50",
    "sma_20_sma_50_ratio",
    "volume_z_score_20",
    "atr_pct_14",
    "realized_volatility_20",
    "rsi_14",
    "bollinger_percent_b_20_2",
    "bollinger_bandwidth_20_2",
    "macd_hist_12_26_9",
    "atr_ratio_5_20",
    "drawdown_from_max_60",
    "ret_skew_20",
    "downside_upside_vol_ratio_20",
    "momentum_acceleration_10"
  ],
  "NORM_STATS": {
    "log_return_1": {
      "mean": 0.0005792334975216287,
      "std": 0.02041063889557293
    },
    "log_return_5": {
      "mean": 0.00290762115402318,
      "std": 0.04319781639225427
    },
    "log_return_20": {
      "mean": 0.011428466319453112,
      "std": 0.08218778047497108
    },
    "dist_to_sma_20": {
      "mean": 0.0059630762798663,
      "std": 0.04546848870808468
    },
    "dist_to_sma_50": {
      "mean": 0.014962176138443507,
      "std": 0.07178115670743469
    },
    "sma_20_sma_50_ratio": {
      "mean": 0.00835209888616046,
      "std": 0.04360563035871761
    },
    "volume_z_score_20": {
      "mean": 0.012111269633985672,
      "std": 1.0966530451022496
    },
    "atr_pct_14": {
      "mean": 2.309071267153276,
      "std": 0.9062715365963919
    },
    "realized_volatility_20": {
      "mean": 0.07587287103441387,
      "std": 0.047168347359870036
    },
    "rsi_14": {
      "mean": 53.892611422402254,
      "std": 12.776259645988901
    },
    "bollinger_percent_b_20_2": {
      "mean": 0.5795036668999776,
      "std": 0.3313016905826956
    },
    "bollinger_bandwidth_20_2": {
      "mean": 0.11600203745566763,
      "std": 0.07324139734414031
    },
    "macd_hist_12_26_9": {
      "mean": 0.011083561913985986,
      "std": 1.1150335163680678
    },
    "atr_ratio_5_20": {
      "mean": 0.9991285898820094,
      "std": 0.18694464997720384
    },
    "drawdown_from_max_60": {
      "mean": -0.07015078753906231,
      "std": 0.07449079569036077
    },
    "ret_skew_20": {
      "mean": -0.25136236366064685,
      "std": 1.2684817335486198
    },
    "downside_upside_vol_ratio_20": {
      "mean": 1.081399761339197,
      "std": 0.8583293688905774
    },
    "momentum_acceleration_10": {
      "mean": 0.00019162327282107292,
      "std": 0.08430867634501414
    }
  },
  "TRAIN_WINDOW": "2017-01-01 -> 2023-12-31",
  "LABEL_CONTRACT": "TripleBarrier.ATR.daily.v1",
  "MODEL_HASH": "c93d27df0d539e61e3c027907ec5fc45304ca5a8392f284ec3c9f69efd9461e9",
  "RANDOM_SEED": 42
}
