{
  "ticker": "ABT",
  "best_params": {
    "hidden": 32,
    "lr": 0.001,
    "dropout": 0.3,
    "weight_decay": 0.0001,
    "num_layers": 1,
    "refit_epochs": 5
  },
  "kelly_fraction": null,
  "THRESHOLD_ENTRY": 0.52,
  "DIRECTION_MODE": "long_only",
  "CALIBRATION": {
    "theta_entry": 0.52,
    "kelly_fraction": null,
    "direction_mode": "long_only",
    "oof_trades": 84,
    "trade_floor_met": true,
    "oof_log_growth": 0.39288611115356986
  },
  "cv_auc_pr": 0.5042633215041505,
  "cv_folds": 4,
  "SEQ_LEN": 60,
  "FEATURE_MANIFEST": [
    "log_return_1",
    "log_return_5",
    "log_return_20",
    "dist_to_sma_20",
    "dist_to_sma_50",
    "sma_20_sma_50_ratio",
    "volume_z_score_20",
    "atr_pct_14",
    "realized_volatility_20",
    "rsi_14",
    "bollinger_percent_b_20_2",
    "bollinger_bandwidth_20_2",
    "macd_hist_12_26_9",
    "gap_open_z20",
    "vol_regime_20_60",
    "sma_slope_50_20"
  ],
  "NORM_STATS": {
    "log_return_1": {
      "mean": 0.0005981880036296716,
      "std": 0.015401680234744648
    },
    "log_return_5": {
      "mean": 0.0029829217247492193,
      "std": 0.031766391827057365
    },
    "log_return_20": {
      "mean": 0.011631963903213827,
      "std": 0.058610785557864774
    },
    "dist_to_sma_20": {
      "mean": 0.0058364401050893305,
      "std": 0.03325720435674918
    },
    "dist_to_sma_50": {
      "mean": 0.014353503837471044,
      "std": 0.0484545080234641
    },
    "sma_20_sma_50_ratio": {
      "mean": 0.008278720381230401,
      "std": 0.029216994815081263
    },
    "volume_z_score_20": {
      "mean": -0.014341695479979526,
      "std": 1.0600215277955967
    },
    "atr_pct_14": {
      "mean": 2.014137654082271,
      "std": 0.7859688273448316
    },
    "realized_volatility_20": {
      "mean": 0.06014182120723505,
      "std": 0.0309267038821619
    },
    "rsi_14": {
      "mean": 53.66657669920916,
      "std": 11.559114058384113
    },
    "bollinger_percent_b_20_2": {
      "mean": 0.5682206416774199,
      "std": 0.32972668009871847
    },
    "bollinger_bandwidth_20_2": {
      "mean": 0.08926297734197736,
      "std": 0.04625836091470157
    },
    "macd_hist_12_26_9": {
      "mean": 0.006038687198969487,
      "std": 0.4497479958638812
    },
    "gap_open_z20": {
      "mean": -0.0028249846854362507,
      "std": 1.004647497921469
    },
    "vol_regime_20_60": {
      "mean": 0.9535346166119633,
      "std": 0.24028878968390138
    },
    "sma_slope_50_20": {
      "mean": 0.01034748503217627,
      "std": 0.027583665118053498
    }
  },
  "TRAIN_WINDOW": "2017-01-01 -> 2023-12-31",
  "LABEL_CONTRACT": "TripleBarrier.ATR.daily.v1",
  "MODEL_HASH": "fcff25e8f02600145a81821906b5ae3021b7f27b73efe02dc7e6aa170786d174",
  "RANDOM_SEED": 42
}
