{
  "ticker": "FTV",
  "best_params": {
    "hidden": 32,
    "lr": 0.001,
    "dropout": 0.3,
    "weight_decay": 0.0001,
    "num_layers": 1,
    "refit_epochs": 5
  },
  "kelly_fraction": null,
  "THRESHOLD_ENTRY": 0.5,
  "DIRECTION_MODE": "both",
  "CALIBRATION": {
    "theta_entry": 0.5,
    "kelly_fraction": null,
    "direction_mode": "both",
    "oof_trades": 99,
    "trade_floor_met": true,
    "oof_log_growth": -0.17723696793814747
  },
  "cv_auc_pr": 0.4050828988857381,
  "cv_folds": 4,
  "SEQ_LEN": 60,
  "FEATURE_MANIFEST": [
    "log_return_1",
    "log_return_5",
    "log_return_20",
    "dist_to_sma_20",
    "dist_to_sma_50",
    "sma_20_sma_50_ratio",
    "volume_z_score_20",
    "atr_pct_14",
    "realized_volatility_20",
    "rsi_14",
    "bollinger_percent_b_20_2",
    "bollinger_bandwidth_20_2",
    "macd_hist_12_26_9",
    "momentum_60",
    "atr_ratio_5_20",
    "drawdown_from_max_60",
    "overnight_vol_20",
    "downside_upside_vol_ratio_20"
  ],
  "NORM_STATS": {
    "log_return_1": {
      "mean": 0.0001799434402316086,
      "std": 0.017505417064984933
    },
    "log_return_5": {
      "mean": 0.0008702350287065506,
      "std": 0.03881366831593376
    },
    "log_return_20": {
      "mean": 0.0031257437109271403,
      "std": 0.0747598917059343
    },
    "dist_to_sma_20": {
      "mean": 0.0019586163829573584,
      "std": 0.04127153706503499
    },
    "dist_to_sma_50": {
      "mean": 0.004440030449050112,
      "std": 0.06096178610987936
    },
    "sma_20_sma_50_ratio": {
      "mean": 0.0021336563209654754,
      "std": 0.03770841570610027
    },
    "volume_z_score_20": {
      "mean": 0.02026275185808914,
      "std": 1.103478241551303
    },
    "atr_pct_14": {
      "mean": 2.1952535527642842,
      "std": 1.0215026259368571
    },
    "realized_volatility_20": {
      "mean": 0.0666065136326963,
      "std": 0.03751172712022674
    },
    "rsi_14": {
      "mean": 52.20400744670731,
      "std": 11.82404784182643
    },
    "bollinger_percent_b_20_2": {
      "mean": 0.5497314610613406,
      "std": 0.3281409356180068
    },
    "bollinger_bandwidth_20_2": {
      "mean": 0.10143837260084916,
      "std": 0.07247731763235263
    },
    "macd_hist_12_26_9": {
      "mean": 0.001890333490473236,
      "std": 0.3937300108094075
    },
    "momentum_60": {
      "mean": 0.009688210163858698,
      "std": 0.11607688981618838
    },
    "atr_ratio_5_20": {
      "mean": 0.9933687870435971,
      "std": 0.1568380868569837
    },
    "drawdown_from_max_60": {
      "mean": -0.0663098139395439,
      "std": 0.06994906390402082
    },
    "overnight_vol_20": {
      "mean": 0.008556737473514327,
      "std": 0.008190756464452139
    },
    "downside_upside_vol_ratio_20": {
      "mean": 0.9760819297479199,
      "std": 0.5758995606451331
    }
  },
  "TRAIN_WINDOW": "2017-01-01 -> 2023-12-31",
  "LABEL_CONTRACT": "TripleBarrier.ATR.daily.v1",
  "MODEL_HASH": "5d0e1623130ad5b6095b1e8c34e22f44bd69c8ed5eddd8195bd8299fb7831224",
  "RANDOM_SEED": 42
}
