{
  "ticker": "VRSK",
  "best_params": {
    "hidden": 32,
    "lr": 0.001,
    "dropout": 0.3,
    "weight_decay": 0.0001,
    "num_layers": 1,
    "refit_epochs": 5
  },
  "kelly_fraction": null,
  "THRESHOLD_ENTRY": 0.5,
  "DIRECTION_MODE": "long_only",
  "CALIBRATION": {
    "theta_entry": 0.5,
    "kelly_fraction": null,
    "direction_mode": "long_only",
    "oof_trades": 104,
    "trade_floor_met": true,
    "oof_log_growth": 0.4714813256614916
  },
  "cv_auc_pr": 0.560207968823204,
  "cv_folds": 4,
  "SEQ_LEN": 60,
  "FEATURE_MANIFEST": [
    "log_return_1",
    "log_return_5",
    "log_return_20",
    "dist_to_sma_20",
    "dist_to_sma_50",
    "sma_20_sma_50_ratio",
    "volume_z_score_20",
    "atr_pct_14",
    "realized_volatility_20",
    "rsi_14",
    "bollinger_percent_b_20_2",
    "bollinger_bandwidth_20_2",
    "macd_hist_12_26_9",
    "momentum_60",
    "ret_kurt_20",
    "dist_to_sma_200"
  ],
  "NORM_STATS": {
    "log_return_1": {
      "mean": 0.0006136372214009395,
      "std": 0.015150477709772191
    },
    "log_return_5": {
      "mean": 0.0030291148313650682,
      "std": 0.03144829639544901
    },
    "log_return_20": {
      "mean": 0.012039149011580796,
      "std": 0.06252142768542052
    },
    "dist_to_sma_20": {
      "mean": 0.006015431304720984,
      "std": 0.034526662357792864
    },
    "dist_to_sma_50": {
      "mean": 0.01546220709458768,
      "std": 0.054577433293050086
    },
    "sma_20_sma_50_ratio": {
      "mean": 0.009068048404878667,
      "std": 0.03374028863976848
    },
    "volume_z_score_20": {
      "mean": 0.011541516581024893,
      "std": 1.0939373750140005
    },
    "atr_pct_14": {
      "mean": 1.9445108122568122,
      "std": 0.8347461326013016
    },
    "realized_volatility_20": {
      "mean": 0.05717685109450977,
      "std": 0.03329415298297251
    },
    "rsi_14": {
      "mean": 54.992410861721254,
      "std": 12.609514833953565
    },
    "bollinger_percent_b_20_2": {
      "mean": 0.6021224758064608,
      "std": 0.33063711513238714
    },
    "bollinger_bandwidth_20_2": {
      "mean": 0.08881214566159677,
      "std": 0.052456223927920584
    },
    "macd_hist_12_26_9": {
      "mean": 0.00016663955259662224,
      "std": 0.837010087842553
    },
    "momentum_60": {
      "mean": 0.03612580568843296,
      "std": 0.09452812516054533
    },
    "ret_kurt_20": {
      "mean": 1.1304926960729342,
      "std": 2.862822569206224
    },
    "dist_to_sma_200": {
      "mean": 0.06216768212549258,
      "std": 0.09136184168859658
    }
  },
  "TRAIN_WINDOW": "2017-01-01 -> 2023-12-31",
  "LABEL_CONTRACT": "TripleBarrier.ATR.daily.v1",
  "MODEL_HASH": "2444f3192702876258276188c99dc29f7b357167be18738d2709375b5710355c",
  "RANDOM_SEED": 42
}
