{
  "ticker": "PGR",
  "best_params": {
    "hidden": 32,
    "lr": 0.001,
    "dropout": 0.3,
    "weight_decay": 0.0001,
    "num_layers": 1,
    "refit_epochs": 5
  },
  "kelly_fraction": null,
  "THRESHOLD_ENTRY": 0.56,
  "DIRECTION_MODE": "both",
  "CALIBRATION": {
    "theta_entry": 0.56,
    "kelly_fraction": null,
    "direction_mode": "both",
    "oof_trades": 62,
    "trade_floor_met": true,
    "oof_log_growth": 0.6080521384510891
  },
  "cv_auc_pr": 0.4951700133063176,
  "cv_folds": 4,
  "SEQ_LEN": 60,
  "FEATURE_MANIFEST": [
    "log_return_1",
    "log_return_5",
    "log_return_20",
    "dist_to_sma_20",
    "dist_to_sma_50",
    "sma_20_sma_50_ratio",
    "volume_z_score_20",
    "atr_pct_14",
    "realized_volatility_20",
    "rsi_14",
    "bollinger_percent_b_20_2",
    "bollinger_bandwidth_20_2",
    "macd_hist_12_26_9",
    "momentum_60",
    "overnight_intraday_spread_20",
    "vol_scaled_momentum_20",
    "zscore_close_20"
  ],
  "NORM_STATS": {
    "log_return_1": {
      "mean": 0.0008527379773803814,
      "std": 0.016222476117634933
    },
    "log_return_5": {
      "mean": 0.004238120810523607,
      "std": 0.032275909551957395
    },
    "log_return_20": {
      "mean": 0.0172504998077383,
      "std": 0.05722414647799452
    },
    "dist_to_sma_20": {
      "mean": 0.008322014175992588,
      "std": 0.03279457617435163
    },
    "dist_to_sma_50": {
      "mean": 0.022050883133991846,
      "std": 0.04831249636037776
    },
    "sma_20_sma_50_ratio": {
      "mean": 0.013420063453570006,
      "std": 0.02868654533635114
    },
    "volume_z_score_20": {
      "mean": -0.020241071170477788,
      "std": 1.0422784936509943
    },
    "atr_pct_14": {
      "mean": 2.0664803234598383,
      "std": 0.7636968353729642
    },
    "realized_volatility_20": {
      "mean": 0.06397177149813582,
      "std": 0.03147157613789794
    },
    "rsi_14": {
      "mean": 55.42195106077966,
      "std": 11.725047578213408
    },
    "bollinger_percent_b_20_2": {
      "mean": 0.5918680537776889,
      "std": 0.3226805802411453
    },
    "bollinger_bandwidth_20_2": {
      "mean": 0.09287771442420793,
      "std": 0.04210256842790545
    },
    "macd_hist_12_26_9": {
      "mean": -0.002268359703501676,
      "std": 0.4306752193723911
    },
    "momentum_60": {
      "mean": 0.053095239933100676,
      "std": 0.08611691556403547
    },
    "overnight_intraday_spread_20": {
      "mean": -0.0005091331556879584,
      "std": 0.004452055684640964
    },
    "vol_scaled_momentum_20": {
      "mean": 1.7080553635519131,
      "std": 4.109930980046359
    },
    "zscore_close_20": {
      "mean": 0.36747221511075556,
      "std": 1.2907223209645813
    }
  },
  "TRAIN_WINDOW": "2017-01-01 -> 2023-12-31",
  "LABEL_CONTRACT": "TripleBarrier.ATR.daily.v1",
  "MODEL_HASH": "eb64191ade55813d26695f28d190648f15831316435346b546f642cf7ec822d4",
  "RANDOM_SEED": 42
}
