{
  "ticker": "HON",
  "best_params": {
    "hidden": 32,
    "lr": 0.001,
    "dropout": 0.3,
    "weight_decay": 0.0001,
    "num_layers": 1,
    "refit_epochs": 5
  },
  "kelly_fraction": null,
  "THRESHOLD_ENTRY": 0.56,
  "DIRECTION_MODE": "both",
  "CALIBRATION": {
    "theta_entry": 0.56,
    "kelly_fraction": null,
    "direction_mode": "both",
    "oof_trades": 15,
    "trade_floor_met": true,
    "oof_log_growth": 0.2784171701584784
  },
  "cv_auc_pr": 0.49495190163933916,
  "cv_folds": 4,
  "SEQ_LEN": 60,
  "FEATURE_MANIFEST": [
    "log_return_1",
    "log_return_5",
    "log_return_20",
    "dist_to_sma_20",
    "dist_to_sma_50",
    "sma_20_sma_50_ratio",
    "volume_z_score_20",
    "atr_pct_14",
    "realized_volatility_20",
    "rsi_14",
    "bollinger_percent_b_20_2",
    "bollinger_bandwidth_20_2",
    "macd_hist_12_26_9",
    "ret_skew_20",
    "xas_rs_mkt_20",
    "bb_bandwidth_20"
  ],
  "NORM_STATS": {
    "log_return_1": {
      "mean": 0.0003370828501652596,
      "std": 0.0153620254869037
    },
    "log_return_5": {
      "mean": 0.0016554937808300877,
      "std": 0.033522685057632486
    },
    "log_return_20": {
      "mean": 0.006330794185171111,
      "std": 0.06638212207505899
    },
    "dist_to_sma_20": {
      "mean": 0.003362292956385311,
      "std": 0.03627461245769529
    },
    "dist_to_sma_50": {
      "mean": 0.008356764907860182,
      "std": 0.05592891866522265
    },
    "sma_20_sma_50_ratio": {
      "mean": 0.004654010017928144,
      "std": 0.03442760851978365
    },
    "volume_z_score_20": {
      "mean": -0.018222399007229703,
      "std": 1.0842072539326417
    },
    "atr_pct_14": {
      "mean": 1.9135631479165542,
      "std": 0.9951869604850117
    },
    "realized_volatility_20": {
      "mean": 0.056783140774188764,
      "std": 0.03567572131176603
    },
    "rsi_14": {
      "mean": 53.10029433284264,
      "std": 12.108761681199953
    },
    "bollinger_percent_b_20_2": {
      "mean": 0.5560279341926574,
      "std": 0.3342918646393874
    },
    "bollinger_bandwidth_20_2": {
      "mean": 0.08721239853999783,
      "std": 0.06322206376117301
    },
    "macd_hist_12_26_9": {
      "mean": 0.006756504586182601,
      "std": 0.869048984575206
    },
    "ret_skew_20": {
      "mean": -0.14133574272294835,
      "std": 0.7541094725536558
    },
    "xas_rs_mkt_20": {
      "mean": -0.0002176251062239576,
      "std": 0.03850892653677968
    },
    "bb_bandwidth_20": {
      "mean": 0.02180309963499946,
      "std": 0.015805515940293252
    }
  },
  "TRAIN_WINDOW": "2017-01-01 -> 2023-12-31",
  "LABEL_CONTRACT": "TripleBarrier.ATR.daily.v1",
  "MODEL_HASH": "39f345d3c90da091b7b64c52a874292f3f2a2ca54cd71d796e5771b6bffaa5b4",
  "RANDOM_SEED": 42
}
