{
  "ticker": "VRT",
  "best_params": {
    "hidden": 32,
    "lr": 0.001,
    "dropout": 0.3,
    "weight_decay": 0.0001,
    "num_layers": 1,
    "refit_epochs": 5
  },
  "kelly_fraction": null,
  "THRESHOLD_ENTRY": 0.54,
  "DIRECTION_MODE": "both",
  "CALIBRATION": {
    "theta_entry": 0.54,
    "kelly_fraction": null,
    "direction_mode": "both",
    "oof_trades": 38,
    "trade_floor_met": true,
    "oof_log_growth": 0.47038582919158206
  },
  "cv_auc_pr": 0.5864440243929873,
  "cv_folds": 3,
  "SEQ_LEN": 60,
  "FEATURE_MANIFEST": [
    "log_return_1",
    "log_return_5",
    "log_return_20",
    "dist_to_sma_20",
    "dist_to_sma_50",
    "sma_20_sma_50_ratio",
    "volume_z_score_20",
    "atr_pct_14",
    "realized_volatility_20",
    "rsi_14",
    "bollinger_percent_b_20_2",
    "bollinger_bandwidth_20_2",
    "macd_hist_12_26_9",
    "up_streak_10",
    "dist_to_sma_200",
    "day_range_pos_20"
  ],
  "NORM_STATS": {
    "log_return_1": {
      "mean": 0.0011876719344023517,
      "std": 0.032412997569369016
    },
    "log_return_5": {
      "mean": 0.005982461482473543,
      "std": 0.07582096991121569
    },
    "log_return_20": {
      "mean": 0.023902424463423173,
      "std": 0.15225574593294208
    },
    "dist_to_sma_20": {
      "mean": 0.013151492383829677,
      "std": 0.08123275817399479
    },
    "dist_to_sma_50": {
      "mean": 0.034021057412737137,
      "std": 0.1341466595102134
    },
    "sma_20_sma_50_ratio": {
      "mean": 0.01811532379197533,
      "std": 0.08182288140548466
    },
    "volume_z_score_20": {
      "mean": 0.0027714463277121962,
      "std": 1.0817617367685806
    },
    "atr_pct_14": {
      "mean": 3.6478704960772577,
      "std": 2.5868941100756078
    },
    "realized_volatility_20": {
      "mean": 0.10746403316011252,
      "std": 0.09242215400739746
    },
    "rsi_14": {
      "mean": 55.13045456046445,
      "std": 12.693248548123549
    },
    "bollinger_percent_b_20_2": {
      "mean": 0.5979941063645708,
      "std": 0.3272798573838811
    },
    "bollinger_bandwidth_20_2": {
      "mean": 0.1760230357571927,
      "std": 0.17108176182174026
    },
    "macd_hist_12_26_9": {
      "mean": 0.005188840279845054,
      "std": 0.1863285560468032
    },
    "up_streak_10": {
      "mean": 0.10292134831460674,
      "std": 0.14435341240022798
    },
    "dist_to_sma_200": {
      "mean": 0.14343256459787782,
      "std": 0.3308593465986565
    },
    "day_range_pos_20": {
      "mean": 0.5713727590436736,
      "std": 0.2865158287235895
    }
  },
  "TRAIN_WINDOW": "2017-01-01 -> 2023-12-31",
  "LABEL_CONTRACT": "TripleBarrier.ATR.daily.v1",
  "MODEL_HASH": "9814395f7dd9292c5f3643fbd9ad968dcc2df940df3e2fa7ef5707a9436127d6",
  "RANDOM_SEED": 42
}
