{
  "ticker": "FITB",
  "best_params": {
    "hidden": 32,
    "lr": 0.001,
    "dropout": 0.3,
    "weight_decay": 0.0001,
    "num_layers": 1,
    "refit_epochs": 5
  },
  "kelly_fraction": null,
  "THRESHOLD_ENTRY": 0.56,
  "DIRECTION_MODE": "long_only",
  "CALIBRATION": {
    "theta_entry": 0.56,
    "kelly_fraction": null,
    "direction_mode": "long_only",
    "oof_trades": 19,
    "trade_floor_met": true,
    "oof_log_growth": 0.5144123353901833
  },
  "cv_auc_pr": 0.4190320022498326,
  "cv_folds": 4,
  "SEQ_LEN": 60,
  "FEATURE_MANIFEST": [
    "log_return_1",
    "log_return_5",
    "log_return_20",
    "dist_to_sma_20",
    "dist_to_sma_50",
    "sma_20_sma_50_ratio",
    "volume_z_score_20",
    "atr_pct_14",
    "realized_volatility_20",
    "rsi_14",
    "bollinger_percent_b_20_2",
    "bollinger_bandwidth_20_2",
    "macd_hist_12_26_9",
    "obv_z20",
    "dist_to_sma_200",
    "range_compression_60"
  ],
  "NORM_STATS": {
    "log_return_1": {
      "mean": 0.00013990578800322488,
      "std": 0.024505949133010147
    },
    "log_return_5": {
      "mean": 0.0006895001617468199,
      "std": 0.0549880689757985
    },
    "log_return_20": {
      "mean": 0.0022691618024365985,
      "std": 0.11062911383736512
    },
    "dist_to_sma_20": {
      "mean": 0.002095716592450641,
      "std": 0.05914522989642135
    },
    "dist_to_sma_50": {
      "mean": 0.0043563987242738605,
      "std": 0.09030386944762075
    },
    "sma_20_sma_50_ratio": {
      "mean": 0.0013597558256595434,
      "std": 0.05604187814516738
    },
    "volume_z_score_20": {
      "mean": -0.01681710189551292,
      "std": 1.1008826707777923
    },
    "atr_pct_14": {
      "mean": 3.0230176187057656,
      "std": 1.5482858829901471
    },
    "realized_volatility_20": {
      "mean": 0.09114631033012342,
      "std": 0.05516305854506225
    },
    "rsi_14": {
      "mean": 51.265527781178854,
      "std": 11.503748384354868
    },
    "bollinger_percent_b_20_2": {
      "mean": 0.5334111964278382,
      "std": 0.32991453852016334
    },
    "bollinger_bandwidth_20_2": {
      "mean": 0.13893799995020525,
      "std": 0.1117838219732593
    },
    "macd_hist_12_26_9": {
      "mean": 0.002564128989910208,
      "std": 0.2278765333217836
    },
    "obv_z20": {
      "mean": -0.026634159905975046,
      "std": 1.2966150220695387
    },
    "dist_to_sma_200": {
      "mean": 0.020615583086075348,
      "std": 0.18057836690706416
    },
    "range_compression_60": {
      "mean": 0.5047348484848484,
      "std": 0.29165691394556337
    }
  },
  "TRAIN_WINDOW": "2017-01-01 -> 2023-12-31",
  "LABEL_CONTRACT": "TripleBarrier.ATR.daily.v1",
  "MODEL_HASH": "1d9b224698f136efc401d5d944ac2941fe7e7e867aa29ec57797fb2b4607f405",
  "RANDOM_SEED": 42
}
