{
  "ticker": "T",
  "best_params": {
    "hidden": 32,
    "lr": 0.001,
    "dropout": 0.3,
    "weight_decay": 0.0001,
    "num_layers": 1,
    "refit_epochs": 5
  },
  "kelly_fraction": null,
  "THRESHOLD_ENTRY": 0.5,
  "DIRECTION_MODE": "both",
  "CALIBRATION": {
    "theta_entry": 0.5,
    "kelly_fraction": null,
    "direction_mode": "both",
    "oof_trades": 78,
    "trade_floor_met": true,
    "oof_log_growth": 0.5795018722540185
  },
  "cv_auc_pr": 0.4402232940234347,
  "cv_folds": 4,
  "SEQ_LEN": 60,
  "FEATURE_MANIFEST": [
    "log_return_1",
    "log_return_5",
    "log_return_20",
    "dist_to_sma_20",
    "dist_to_sma_50",
    "sma_20_sma_50_ratio",
    "volume_z_score_20",
    "atr_pct_14",
    "realized_volatility_20",
    "rsi_14",
    "bollinger_percent_b_20_2",
    "bollinger_bandwidth_20_2",
    "macd_hist_12_26_9",
    "momentum_60",
    "return_120",
    "high_low_range_pct",
    "volume_trend_5_20",
    "ma_slope_10"
  ],
  "NORM_STATS": {
    "log_return_1": {
      "mean": -0.0005276738111357133,
      "std": 0.016426679243967613
    },
    "log_return_5": {
      "mean": -0.002669406712728325,
      "std": 0.03514822410991039
    },
    "log_return_20": {
      "mean": -0.01031900459623466,
      "std": 0.06538545381691786
    },
    "dist_to_sma_20": {
      "mean": -0.00470978300880108,
      "std": 0.036668539008096836
    },
    "dist_to_sma_50": {
      "mean": -0.011783305075998602,
      "std": 0.053584939136652694
    },
    "sma_20_sma_50_ratio": {
      "mean": -0.007357436572847272,
      "std": 0.03299375972774141
    },
    "volume_z_score_20": {
      "mean": 0.0049214872931677865,
      "std": 1.0946892185884953
    },
    "atr_pct_14": {
      "mean": 1.9892661332097028,
      "std": 0.773480603405723
    },
    "realized_volatility_20": {
      "mean": 0.06308438388984594,
      "std": 0.03465077411442997
    },
    "rsi_14": {
      "mean": 48.0478298123385,
      "std": 11.747763996088382
    },
    "bollinger_percent_b_20_2": {
      "mean": 0.4614778378038653,
      "std": 0.33107639688449303
    },
    "bollinger_bandwidth_20_2": {
      "mean": 0.09458607925587534,
      "std": 0.05951659669737538
    },
    "macd_hist_12_26_9": {
      "mean": -0.0019598573142477573,
      "std": 0.14320645149687983
    },
    "momentum_60": {
      "mean": -0.030722802488424756,
      "std": 0.10174582708422127
    },
    "return_120": {
      "mean": -0.06654324303643372,
      "std": 0.12994726470959456
    },
    "high_low_range_pct": {
      "mean": 1.8259012389020641,
      "std": 1.4106929282633438
    },
    "volume_trend_5_20": {
      "mean": 0.006129956853821097,
      "std": 0.2658641385885185
    },
    "ma_slope_10": {
      "mean": -0.0005226254152586627,
      "std": 0.00478205088746228
    }
  },
  "TRAIN_WINDOW": "2017-01-01 -> 2023-12-31",
  "LABEL_CONTRACT": "TripleBarrier.ATR.daily.v1",
  "MODEL_HASH": "5d070653f1366fef5069cdbd72da8c148df3f0dfee7c7b14fa3dde2c21be0571",
  "RANDOM_SEED": 42
}
