{
  "ticker": "TPR",
  "best_params": {
    "hidden": 32,
    "lr": 0.001,
    "dropout": 0.3,
    "weight_decay": 0.0001,
    "num_layers": 1,
    "refit_epochs": 5
  },
  "kelly_fraction": null,
  "THRESHOLD_ENTRY": 0.52,
  "DIRECTION_MODE": "long_only",
  "CALIBRATION": {
    "theta_entry": 0.52,
    "kelly_fraction": null,
    "direction_mode": "long_only",
    "oof_trades": 71,
    "trade_floor_met": true,
    "oof_log_growth": -0.12002109740272776
  },
  "cv_auc_pr": 0.4209589121605408,
  "cv_folds": 4,
  "SEQ_LEN": 60,
  "FEATURE_MANIFEST": [
    "log_return_1",
    "log_return_5",
    "log_return_20",
    "dist_to_sma_20",
    "dist_to_sma_50",
    "sma_20_sma_50_ratio",
    "volume_z_score_20",
    "atr_pct_14",
    "realized_volatility_20",
    "rsi_14",
    "bollinger_percent_b_20_2",
    "bollinger_bandwidth_20_2",
    "macd_hist_12_26_9",
    "gap_open_z20",
    "up_streak_10",
    "vol_regime_20_60",
    "price_volume_rank_divergence",
    "range_compression_60",
    "bb_bandwidth_20"
  ],
  "NORM_STATS": {
    "log_return_1": {
      "mean": 2.8169612680216014e-05,
      "std": 0.029908780147411284
    },
    "log_return_5": {
      "mean": 0.00018862030083745338,
      "std": 0.06418895425831492
    },
    "log_return_20": {
      "mean": -0.0003715620518746339,
      "std": 0.128401160167762
    },
    "dist_to_sma_20": {
      "mean": 0.001249133331850076,
      "std": 0.06799967821443947
    },
    "dist_to_sma_50": {
      "mean": 0.002171161175142281,
      "std": 0.11299017001449747
    },
    "sma_20_sma_50_ratio": {
      "mean": -0.0008629840018055497,
      "std": 0.06937144051118817
    },
    "volume_z_score_20": {
      "mean": -0.00784086122813125,
      "std": 1.077648549177521
    },
    "atr_pct_14": {
      "mean": 3.536265171781342,
      "std": 1.8501162025662738
    },
    "realized_volatility_20": {
      "mean": 0.11006309936130039,
      "std": 0.07032526312401444
    },
    "rsi_14": {
      "mean": 51.04191523504036,
      "std": 12.799376942823995
    },
    "bollinger_percent_b_20_2": {
      "mean": 0.5324737059461416,
      "std": 0.3328156836875486
    },
    "bollinger_bandwidth_20_2": {
      "mean": 0.16281813434496117,
      "std": 0.12467896037300318
    },
    "macd_hist_12_26_9": {
      "mean": 0.004956918713067789,
      "std": 0.2710486727474478
    },
    "gap_open_z20": {
      "mean": -0.00827289852949471,
      "std": 1.0109823349746145
    },
    "up_streak_10": {
      "mean": 0.09931818181818182,
      "std": 0.13622170644131984
    },
    "vol_regime_20_60": {
      "mean": 0.9404666925648849,
      "std": 0.2954970521590763
    },
    "price_volume_rank_divergence": {
      "mean": 0.04181818181818181,
      "std": 0.4917456046264384
    },
    "range_compression_60": {
      "mean": 0.5041666666666667,
      "std": 0.29314990821569203
    },
    "bb_bandwidth_20": {
      "mean": 0.040704533586240293,
      "std": 0.031169740093250794
    }
  },
  "TRAIN_WINDOW": "2017-01-01 -> 2023-12-31",
  "LABEL_CONTRACT": "TripleBarrier.ATR.daily.v1",
  "MODEL_HASH": "0969bc5b1600d32a7bb955f8a7d9c846671b5cd05376c718c3ad170957cc0a3e",
  "RANDOM_SEED": 42
}
