{
  "ticker": "FAST",
  "best_params": {
    "hidden": 32,
    "lr": 0.001,
    "dropout": 0.3,
    "weight_decay": 0.0001,
    "num_layers": 1,
    "refit_epochs": 5
  },
  "kelly_fraction": null,
  "THRESHOLD_ENTRY": 0.54,
  "DIRECTION_MODE": "both",
  "CALIBRATION": {
    "theta_entry": 0.54,
    "kelly_fraction": null,
    "direction_mode": "both",
    "oof_trades": 30,
    "trade_floor_met": true,
    "oof_log_growth": 0.5200004812938052
  },
  "cv_auc_pr": 0.47754319120719524,
  "cv_folds": 4,
  "SEQ_LEN": 60,
  "FEATURE_MANIFEST": [
    "log_return_1",
    "log_return_5",
    "log_return_20",
    "dist_to_sma_20",
    "dist_to_sma_50",
    "sma_20_sma_50_ratio",
    "volume_z_score_20",
    "atr_pct_14",
    "realized_volatility_20",
    "rsi_14",
    "bollinger_percent_b_20_2",
    "bollinger_bandwidth_20_2",
    "macd_hist_12_26_9",
    "return_120",
    "close_position_in_range",
    "atr_ratio_5_20",
    "xas_rs_mkt_20",
    "range_compression_60",
    "zscore_close_20"
  ],
  "NORM_STATS": {
    "log_return_1": {
      "mean": 0.00018233393186369175,
      "std": 0.024419616632078884
    },
    "log_return_5": {
      "mean": 0.0008914879377175344,
      "std": 0.05315621970023596
    },
    "log_return_20": {
      "mean": 0.003152539541248419,
      "std": 0.10626020485930761
    },
    "dist_to_sma_20": {
      "mean": 0.002393906293761966,
      "std": 0.0534456784407999
    },
    "dist_to_sma_50": {
      "mean": 0.006044406522224319,
      "std": 0.08418985931970942
    },
    "sma_20_sma_50_ratio": {
      "mean": 0.002806890981653567,
      "std": 0.0550510101378696
    },
    "volume_z_score_20": {
      "mean": 0.006779148314130319,
      "std": 1.1043347408939186
    },
    "atr_pct_14": {
      "mean": 2.421735145659763,
      "std": 0.9492549608796541
    },
    "realized_volatility_20": {
      "mean": 0.07686029930157719,
      "std": 0.07387534060346893
    },
    "rsi_14": {
      "mean": 52.38252540377707,
      "std": 12.609284900406854
    },
    "bollinger_percent_b_20_2": {
      "mean": 0.5498050378307359,
      "std": 0.33510750002176226
    },
    "bollinger_bandwidth_20_2": {
      "mean": 0.11448382173784949,
      "std": 0.1265777902132788
    },
    "macd_hist_12_26_9": {
      "mean": 0.0007731855411022165,
      "std": 0.38735241561186495
    },
    "return_120": {
      "mean": 0.020918833047603752,
      "std": 0.21701036628661108
    },
    "close_position_in_range": {
      "mean": 0.5315095782432456,
      "std": 0.3028496053778296
    },
    "atr_ratio_5_20": {
      "mean": 0.9907635262596588,
      "std": 0.16688171481268638
    },
    "xas_rs_mkt_20": {
      "mean": -0.003402941824329061,
      "std": 0.0951757197432401
    },
    "range_compression_60": {
      "mean": 0.504782196969697,
      "std": 0.2929361171372628
    },
    "zscore_close_20": {
      "mean": 0.1992201513229437,
      "std": 1.340430000087049
    }
  },
  "TRAIN_WINDOW": "2017-01-01 -> 2023-12-31",
  "LABEL_CONTRACT": "TripleBarrier.ATR.daily.v1",
  "MODEL_HASH": "9bda47b6b4e5c4d04776c07398d9829182ed12dc0d058736d5c296aefe52daf3",
  "RANDOM_SEED": 42
}
