{
  "ticker": "ARE",
  "best_params": {
    "hidden": 32,
    "lr": 0.001,
    "dropout": 0.3,
    "weight_decay": 0.0001,
    "num_layers": 1,
    "refit_epochs": 5
  },
  "kelly_fraction": null,
  "THRESHOLD_ENTRY": 0.5,
  "DIRECTION_MODE": "long_only",
  "CALIBRATION": {
    "theta_entry": 0.5,
    "kelly_fraction": null,
    "direction_mode": "long_only",
    "oof_trades": 103,
    "trade_floor_met": true,
    "oof_log_growth": 0.10784129338616069
  },
  "cv_auc_pr": 0.4455813337019914,
  "cv_folds": 4,
  "SEQ_LEN": 60,
  "FEATURE_MANIFEST": [
    "log_return_1",
    "log_return_5",
    "log_return_20",
    "dist_to_sma_20",
    "dist_to_sma_50",
    "sma_20_sma_50_ratio",
    "volume_z_score_20",
    "atr_pct_14",
    "realized_volatility_20",
    "rsi_14",
    "bollinger_percent_b_20_2",
    "bollinger_bandwidth_20_2",
    "macd_hist_12_26_9",
    "atr_ratio_5_20",
    "rsi_2",
    "vol_of_vol_20"
  ],
  "NORM_STATS": {
    "log_return_1": {
      "mean": 7.500432021609214e-05,
      "std": 0.01716909499336747
    },
    "log_return_5": {
      "mean": 0.000444451254550458,
      "std": 0.03640600342146781
    },
    "log_return_20": {
      "mean": 0.0015218941367249978,
      "std": 0.07311773703056032
    },
    "dist_to_sma_20": {
      "mean": 0.0011969571363322114,
      "std": 0.0399139424492143
    },
    "dist_to_sma_50": {
      "mean": 0.001904940759944991,
      "std": 0.061276102037169156
    },
    "sma_20_sma_50_ratio": {
      "mean": 0.0002973168382378068,
      "std": 0.0374564749740618
    },
    "volume_z_score_20": {
      "mean": 0.012718714839840639,
      "std": 1.0833564500123352
    },
    "atr_pct_14": {
      "mean": 2.1082372920094263,
      "std": 0.8982390012964745
    },
    "realized_volatility_20": {
      "mean": 0.06380950541437584,
      "std": 0.03876001847498594
    },
    "rsi_14": {
      "mean": 51.725802715088065,
      "std": 11.595402966286324
    },
    "bollinger_percent_b_20_2": {
      "mean": 0.5416995839772187,
      "std": 0.3309736753694054
    },
    "bollinger_bandwidth_20_2": {
      "mean": 0.09766503641474257,
      "std": 0.06614886675685175
    },
    "macd_hist_12_26_9": {
      "mean": 0.012837845543199349,
      "std": 0.833284765322521
    },
    "atr_ratio_5_20": {
      "mean": 0.9973775712167614,
      "std": 0.14756042398310265
    },
    "rsi_2": {
      "mean": 52.892518090569716,
      "std": 31.354981919346425
    },
    "vol_of_vol_20": {
      "mean": 0.0031920796075855205,
      "std": 0.0031662062553544403
    }
  },
  "TRAIN_WINDOW": "2017-01-01 -> 2023-12-31",
  "LABEL_CONTRACT": "TripleBarrier.ATR.daily.v1",
  "MODEL_HASH": "44cbbc495b96a63f27c6f0145a7313d965dd603882b7a1f6d7892426d7a00ed6",
  "RANDOM_SEED": 42
}
