{
  "ticker": "IBM",
  "best_params": {
    "hidden": 32,
    "lr": 0.001,
    "dropout": 0.3,
    "weight_decay": 0.0001,
    "num_layers": 1,
    "refit_epochs": 5
  },
  "kelly_fraction": null,
  "THRESHOLD_ENTRY": 0.5,
  "DIRECTION_MODE": "long_only",
  "CALIBRATION": {
    "theta_entry": 0.5,
    "kelly_fraction": null,
    "direction_mode": "long_only",
    "oof_trades": 87,
    "trade_floor_met": true,
    "oof_log_growth": 0.3344798787861076
  },
  "cv_auc_pr": 0.4659856623878891,
  "cv_folds": 4,
  "SEQ_LEN": 60,
  "FEATURE_MANIFEST": [
    "log_return_1",
    "log_return_5",
    "log_return_20",
    "dist_to_sma_20",
    "dist_to_sma_50",
    "sma_20_sma_50_ratio",
    "volume_z_score_20",
    "atr_pct_14",
    "realized_volatility_20",
    "rsi_14",
    "bollinger_percent_b_20_2",
    "bollinger_bandwidth_20_2",
    "macd_hist_12_26_9",
    "up_streak_10",
    "xas_mkt_lead_ret_1",
    "vol_scaled_momentum_20"
  ],
  "NORM_STATS": {
    "log_return_1": {
      "mean": -8.377821261823988e-06,
      "std": 0.015809827535113553
    },
    "log_return_5": {
      "mean": -5.666105615623701e-05,
      "std": 0.0342397519578832
    },
    "log_return_20": {
      "mean": -0.00024576410139661066,
      "std": 0.07105738450866117
    },
    "dist_to_sma_20": {
      "mean": 0.00022983098188731748,
      "std": 0.03877599421609754
    },
    "dist_to_sma_50": {
      "mean": 0.0002639285897723861,
      "std": 0.05679780437203694
    },
    "sma_20_sma_50_ratio": {
      "mean": -0.00021108015955703487,
      "std": 0.03552925033165632
    },
    "volume_z_score_20": {
      "mean": -0.025859515486570867,
      "std": 1.0814460598294091
    },
    "atr_pct_14": {
      "mean": 1.8771338117068068,
      "std": 0.7931175663970118
    },
    "realized_volatility_20": {
      "mean": 0.060170218842252064,
      "std": 0.033560656614443726
    },
    "rsi_14": {
      "mean": 50.66728527969413,
      "std": 12.98987941007373
    },
    "bollinger_percent_b_20_2": {
      "mean": 0.5223322627240063,
      "std": 0.33931937460447326
    },
    "bollinger_bandwidth_20_2": {
      "mean": 0.09529190135914935,
      "std": 0.062326844515594594
    },
    "macd_hist_12_26_9": {
      "mean": 0.0018603044734260827,
      "std": 0.7442162688309801
    },
    "up_streak_10": {
      "mean": 0.10829545454545456,
      "std": 0.15150548738118885
    },
    "xas_mkt_lead_ret_1": {
      "mean": 0.0003446847509156199,
      "std": 0.012757674640601903
    },
    "vol_scaled_momentum_20": {
      "mean": 0.4303310084058401,
      "std": 4.419008277526811
    }
  },
  "TRAIN_WINDOW": "2017-01-01 -> 2023-12-31",
  "LABEL_CONTRACT": "TripleBarrier.ATR.daily.v1",
  "MODEL_HASH": "001ed84603315ea66e9c94ac6aef8ba83d295228cb3e767425384b71f3dda3a5",
  "RANDOM_SEED": 42
}
