{
  "ticker": "ADI",
  "best_params": {
    "hidden": 32,
    "lr": 0.001,
    "dropout": 0.3,
    "weight_decay": 0.0001,
    "num_layers": 1,
    "refit_epochs": 5
  },
  "kelly_fraction": null,
  "THRESHOLD_ENTRY": 0.58,
  "DIRECTION_MODE": "both",
  "CALIBRATION": {
    "theta_entry": 0.58,
    "kelly_fraction": null,
    "direction_mode": "both",
    "oof_trades": 13,
    "trade_floor_met": true,
    "oof_log_growth": 0.1419859977686702
  },
  "cv_auc_pr": 0.4654737818645554,
  "cv_folds": 4,
  "SEQ_LEN": 60,
  "FEATURE_MANIFEST": [
    "log_return_1",
    "log_return_5",
    "log_return_20",
    "dist_to_sma_20",
    "dist_to_sma_50",
    "sma_20_sma_50_ratio",
    "volume_z_score_20",
    "atr_pct_14",
    "realized_volatility_20",
    "rsi_14",
    "bollinger_percent_b_20_2",
    "bollinger_bandwidth_20_2",
    "macd_hist_12_26_9",
    "xas_rs_mkt_20",
    "illiquidity_amihud_20",
    "ma_slope_10"
  ],
  "NORM_STATS": {
    "log_return_1": {
      "mean": 0.0005716416978484609,
      "std": 0.020281683759970526
    },
    "log_return_5": {
      "mean": 0.0028243809629125206,
      "std": 0.03891711761563895
    },
    "log_return_20": {
      "mean": 0.011030808351703648,
      "std": 0.07306609483525994
    },
    "dist_to_sma_20": {
      "mean": 0.0056995168401037825,
      "std": 0.041371835911970634
    },
    "dist_to_sma_50": {
      "mean": 0.014155976274264234,
      "std": 0.059209743751128495
    },
    "sma_20_sma_50_ratio": {
      "mean": 0.008165048379747183,
      "std": 0.03578466055201127
    },
    "volume_z_score_20": {
      "mean": -0.019071934332166952,
      "std": 1.0491063995616046
    },
    "atr_pct_14": {
      "mean": 2.585883551285522,
      "std": 0.89139533742268
    },
    "realized_volatility_20": {
      "mean": 0.08011056243422751,
      "std": 0.039061055515133995
    },
    "rsi_14": {
      "mean": 52.571222447419935,
      "std": 10.591017238689487
    },
    "bollinger_percent_b_20_2": {
      "mean": 0.543504976407961,
      "std": 0.3298132313697842
    },
    "bollinger_bandwidth_20_2": {
      "mean": 0.11193030326230678,
      "std": 0.05475568527118632
    },
    "macd_hist_12_26_9": {
      "mean": 0.009013606159316939,
      "std": 0.7620352336382616
    },
    "xas_rs_mkt_20": {
      "mean": 0.0044919797258721125,
      "std": 0.048653978670019776
    },
    "illiquidity_amihud_20": {
      "mean": 0.0009659902464416855,
      "std": 0.00046384102701167024
    },
    "ma_slope_10": {
      "mean": 0.0005779562146891823,
      "std": 0.005277022663991802
    }
  },
  "TRAIN_WINDOW": "2017-01-01 -> 2023-12-31",
  "LABEL_CONTRACT": "TripleBarrier.ATR.daily.v1",
  "MODEL_HASH": "603ecb3242556a081b4efd32fc070fe8651b753e32e026f4099ef6a10586b0a2",
  "RANDOM_SEED": 42
}
