{
  "ticker": "GE",
  "best_params": {
    "hidden": 32,
    "lr": 0.001,
    "dropout": 0.3,
    "weight_decay": 0.0001,
    "num_layers": 1,
    "refit_epochs": 5
  },
  "kelly_fraction": null,
  "THRESHOLD_ENTRY": 0.5,
  "DIRECTION_MODE": "long_only",
  "CALIBRATION": {
    "theta_entry": 0.5,
    "kelly_fraction": null,
    "direction_mode": "long_only",
    "oof_trades": 52,
    "trade_floor_met": true,
    "oof_log_growth": 1.9115591636681062
  },
  "cv_auc_pr": 0.43732149429411993,
  "cv_folds": 4,
  "SEQ_LEN": 60,
  "FEATURE_MANIFEST": [
    "log_return_1",
    "log_return_5",
    "log_return_20",
    "dist_to_sma_20",
    "dist_to_sma_50",
    "sma_20_sma_50_ratio",
    "volume_z_score_20",
    "atr_pct_14",
    "realized_volatility_20",
    "rsi_14",
    "bollinger_percent_b_20_2",
    "bollinger_bandwidth_20_2",
    "macd_hist_12_26_9",
    "return_120",
    "atr_ratio_5_20",
    "range_compression_60"
  ],
  "NORM_STATS": {
    "log_return_1": {
      "mean": 0.0007928545281981329,
      "std": 0.05478535489488405
    },
    "log_return_5": {
      "mean": 0.00395210704598353,
      "std": 0.12305535514271392
    },
    "log_return_20": {
      "mean": 0.015462380284197278,
      "std": 0.25172866891129414
    },
    "dist_to_sma_20": {
      "mean": 0.011008608256085682,
      "std": 0.19997488126090288
    },
    "dist_to_sma_50": {
      "mean": 0.0299514778589532,
      "std": 0.33834363168501913
    },
    "sma_20_sma_50_ratio": {
      "mean": 0.01025977045233505,
      "std": 0.1295333991341316
    },
    "volume_z_score_20": {
      "mean": -0.014857005002029982,
      "std": 1.0800924953764426
    },
    "atr_pct_14": {
      "mean": 3.2109257013913695,
      "std": 1.5573707274958675
    },
    "realized_volatility_20": {
      "mean": 0.11747147915046896,
      "std": 0.20748560577863734
    },
    "rsi_14": {
      "mean": 49.863526026702836,
      "std": 13.757505454918734
    },
    "bollinger_percent_b_20_2": {
      "mean": 0.48913824448813314,
      "std": 0.3362989044304014
    },
    "bollinger_bandwidth_20_2": {
      "mean": 0.18321659000499899,
      "std": 0.3468574164769655
    },
    "macd_hist_12_26_9": {
      "mean": 0.004900904898007777,
      "std": 0.8064513486980577
    },
    "return_120": {
      "mean": 0.08989623064043924,
      "std": 0.6095370849877841
    },
    "atr_ratio_5_20": {
      "mean": 0.9908019416554497,
      "std": 0.19988194236717866
    },
    "range_compression_60": {
      "mean": 0.5129450757575758,
      "std": 0.2946378011254063
    }
  },
  "TRAIN_WINDOW": "2017-01-01 -> 2023-12-31",
  "LABEL_CONTRACT": "TripleBarrier.ATR.daily.v1",
  "MODEL_HASH": "356bac6b091e1907f8361551309e327dd9adec7f28b782de3c28a42f7d82f688",
  "RANDOM_SEED": 42
}
