{
  "ticker": "SNPS",
  "best_params": {
    "hidden": 32,
    "lr": 0.001,
    "dropout": 0.3,
    "weight_decay": 0.0001,
    "num_layers": 1,
    "refit_epochs": 5
  },
  "kelly_fraction": null,
  "THRESHOLD_ENTRY": 0.52,
  "DIRECTION_MODE": "both",
  "CALIBRATION": {
    "theta_entry": 0.52,
    "kelly_fraction": null,
    "direction_mode": "both",
    "oof_trades": 97,
    "trade_floor_met": true,
    "oof_log_growth": 1.20434553359622
  },
  "cv_auc_pr": 0.5458009886967368,
  "cv_folds": 4,
  "SEQ_LEN": 60,
  "FEATURE_MANIFEST": [
    "log_return_1",
    "log_return_5",
    "log_return_20",
    "dist_to_sma_20",
    "dist_to_sma_50",
    "sma_20_sma_50_ratio",
    "volume_z_score_20",
    "atr_pct_14",
    "realized_volatility_20",
    "rsi_14",
    "bollinger_percent_b_20_2",
    "bollinger_bandwidth_20_2",
    "macd_hist_12_26_9",
    "xas_mkt_lead_ret_1",
    "vol_regime_20_60",
    "sma_slope_50_20"
  ],
  "NORM_STATS": {
    "log_return_1": {
      "mean": 0.0012320030199813885,
      "std": 0.019619042767473775
    },
    "log_return_5": {
      "mean": 0.006156473497811629,
      "std": 0.04153778270706599
    },
    "log_return_20": {
      "mean": 0.025116383429417168,
      "std": 0.08143029767163423
    },
    "dist_to_sma_20": {
      "mean": 0.012391216753955405,
      "std": 0.04581394752140822
    },
    "dist_to_sma_50": {
      "mean": 0.03171190944509906,
      "std": 0.06616076680523675
    },
    "sma_20_sma_50_ratio": {
      "mean": 0.018789631866210726,
      "std": 0.04003269773058864
    },
    "volume_z_score_20": {
      "mean": -0.014234499202926451,
      "std": 1.0775602431236755
    },
    "atr_pct_14": {
      "mean": 2.4814433275561947,
      "std": 0.9652414907573921
    },
    "realized_volatility_20": {
      "mean": 0.0768591078759824,
      "std": 0.03756479659119798
    },
    "rsi_14": {
      "mean": 56.31955491500054,
      "std": 12.077789641288728
    },
    "bollinger_percent_b_20_2": {
      "mean": 0.6096558625796118,
      "std": 0.3246367534067969
    },
    "bollinger_bandwidth_20_2": {
      "mean": 0.12092852005885461,
      "std": 0.06588710868426882
    },
    "macd_hist_12_26_9": {
      "mean": 0.012715032509212893,
      "std": 1.7613633608196726
    },
    "xas_mkt_lead_ret_1": {
      "mean": 0.00034210054240674123,
      "std": 0.012752454447551157
    },
    "vol_regime_20_60": {
      "mean": 0.9522658807303052,
      "std": 0.2539753525352181
    },
    "sma_slope_50_20": {
      "mean": 0.02438439343983037,
      "std": 0.03865823577712241
    }
  },
  "TRAIN_WINDOW": "2017-01-01 -> 2023-12-31",
  "LABEL_CONTRACT": "TripleBarrier.ATR.daily.v1",
  "MODEL_HASH": "ca441aac47b7e54103a00f67f3132ffb70c33648c9f320a6db34fea09d315444",
  "RANDOM_SEED": 42
}
