{
  "ticker": "CMCSA",
  "best_params": {
    "hidden": 32,
    "lr": 0.001,
    "dropout": 0.3,
    "weight_decay": 0.0001,
    "num_layers": 1,
    "refit_epochs": 5
  },
  "kelly_fraction": null,
  "THRESHOLD_ENTRY": 0.54,
  "DIRECTION_MODE": "both",
  "CALIBRATION": {
    "theta_entry": 0.54,
    "kelly_fraction": null,
    "direction_mode": "both",
    "oof_trades": 12,
    "trade_floor_met": true,
    "oof_log_growth": 0.1592898798851407
  },
  "cv_auc_pr": 0.48003879419224205,
  "cv_folds": 4,
  "SEQ_LEN": 60,
  "FEATURE_MANIFEST": [
    "log_return_1",
    "log_return_5",
    "log_return_20",
    "dist_to_sma_20",
    "dist_to_sma_50",
    "sma_20_sma_50_ratio",
    "volume_z_score_20",
    "atr_pct_14",
    "realized_volatility_20",
    "rsi_14",
    "bollinger_percent_b_20_2",
    "bollinger_bandwidth_20_2",
    "macd_hist_12_26_9",
    "ret_kurt_20",
    "downside_upside_vol_ratio_20"
  ],
  "NORM_STATS": {
    "log_return_1": {
      "mean": -0.0002584201265362151,
      "std": 0.023546633938719082
    },
    "log_return_5": {
      "mean": -0.0013289654096637475,
      "std": 0.05051642881719027
    },
    "log_return_20": {
      "mean": -0.005404214179399724,
      "std": 0.09875011862259414
    },
    "dist_to_sma_20": {
      "mean": -0.0018333442387463584,
      "std": 0.0505225983750677
    },
    "dist_to_sma_50": {
      "mean": -0.004787235611565473,
      "std": 0.07914868768559438
    },
    "sma_20_sma_50_ratio": {
      "mean": -0.0036856064933523183,
      "std": 0.051015415616663486
    },
    "volume_z_score_20": {
      "mean": 0.018428847905657138,
      "std": 1.0835473804242275
    },
    "atr_pct_14": {
      "mean": 2.3962344232506148,
      "std": 0.8707063645236071
    },
    "realized_volatility_20": {
      "mean": 0.07509429651788345,
      "std": 0.07041104368947444
    },
    "rsi_14": {
      "mean": 50.76035989577804,
      "std": 12.02408595861327
    },
    "bollinger_percent_b_20_2": {
      "mean": 0.5368470203759065,
      "std": 0.3331567196475959
    },
    "bollinger_bandwidth_20_2": {
      "mean": 0.10830180817101966,
      "std": 0.12125927728644309
    },
    "macd_hist_12_26_9": {
      "mean": -0.0011490513952868303,
      "std": 0.3763821673835735
    },
    "ret_kurt_20": {
      "mean": 1.4381549373766893,
      "std": 3.2059830802421003
    },
    "downside_upside_vol_ratio_20": {
      "mean": 1.4096725623735933,
      "std": 3.8948131694190025
    }
  },
  "TRAIN_WINDOW": "2017-01-01 -> 2023-12-31",
  "LABEL_CONTRACT": "TripleBarrier.ATR.daily.v1",
  "MODEL_HASH": "58c4ff033d6b6a5ce9e1ea2798348e47aeac8f16c1579f842bcc6fab98f946b8",
  "RANDOM_SEED": 42
}
