{
  "ticker": "NVR",
  "best_params": {
    "hidden": 32,
    "lr": 0.001,
    "dropout": 0.3,
    "weight_decay": 0.0001,
    "num_layers": 1,
    "refit_epochs": 5
  },
  "kelly_fraction": null,
  "THRESHOLD_ENTRY": 0.58,
  "DIRECTION_MODE": "both",
  "CALIBRATION": {
    "theta_entry": 0.58,
    "kelly_fraction": null,
    "direction_mode": "both",
    "oof_trades": 8,
    "trade_floor_met": true,
    "oof_log_growth": -0.10643778778387841
  },
  "cv_auc_pr": 0.45636661352407515,
  "cv_folds": 4,
  "SEQ_LEN": 60,
  "FEATURE_MANIFEST": [
    "log_return_1",
    "log_return_5",
    "log_return_20",
    "dist_to_sma_20",
    "dist_to_sma_50",
    "sma_20_sma_50_ratio",
    "volume_z_score_20",
    "atr_pct_14",
    "realized_volatility_20",
    "rsi_14",
    "bollinger_percent_b_20_2",
    "bollinger_bandwidth_20_2",
    "macd_hist_12_26_9",
    "volume_trend_5_20",
    "atr_ratio_5_20",
    "ret_skew_20",
    "stoch_k_14",
    "sma_slope_50_20",
    "day_range_pos_20"
  ],
  "NORM_STATS": {
    "log_return_1": {
      "mean": 0.0008151243651569852,
      "std": 0.02150122682964834
    },
    "log_return_5": {
      "mean": 0.0040655777016492065,
      "std": 0.046332187532880896
    },
    "log_return_20": {
      "mean": 0.01599006499299636,
      "std": 0.08214174577274007
    },
    "dist_to_sma_20": {
      "mean": 0.008144429171502522,
      "std": 0.04540789347439937
    },
    "dist_to_sma_50": {
      "mean": 0.02066913848819361,
      "std": 0.07049836349549594
    },
    "sma_20_sma_50_ratio": {
      "mean": 0.011856102782110082,
      "std": 0.04245837635437286
    },
    "volume_z_score_20": {
      "mean": -0.0034628796748594364,
      "std": 1.0805084522986885
    },
    "atr_pct_14": {
      "mean": 2.853636609571449,
      "std": 1.2366408732404992
    },
    "realized_volatility_20": {
      "mean": 0.082399307653401,
      "std": 0.045949666333940674
    },
    "rsi_14": {
      "mean": 54.469335915332046,
      "std": 11.377726357566976
    },
    "bollinger_percent_b_20_2": {
      "mean": 0.5840663967437174,
      "std": 0.3167690617967446
    },
    "bollinger_bandwidth_20_2": {
      "mean": 0.11712594990975411,
      "std": 0.08082886625801754
    },
    "macd_hist_12_26_9": {
      "mean": 0.44598160630978023,
      "std": 24.048362490315288
    },
    "volume_trend_5_20": {
      "mean": 0.0023628865962563314,
      "std": 0.25190602662188477
    },
    "atr_ratio_5_20": {
      "mean": 1.0059971869462099,
      "std": 0.14944634196858966
    },
    "ret_skew_20": {
      "mean": -0.044088974582242695,
      "std": 0.8977961376909237
    },
    "stoch_k_14": {
      "mean": 57.37821532189661,
      "std": 28.334802722292057
    },
    "sma_slope_50_20": {
      "mean": 0.015228335720059057,
      "std": 0.04558400921893979
    },
    "day_range_pos_20": {
      "mean": 0.5842665448281681,
      "std": 0.28356047810394236
    }
  },
  "TRAIN_WINDOW": "2017-01-01 -> 2023-12-31",
  "LABEL_CONTRACT": "TripleBarrier.ATR.daily.v1",
  "MODEL_HASH": "517c2bca86fee7649ead6888f38765a55369ea5678bbce1a82c233d56097021f",
  "RANDOM_SEED": 42
}
