{
  "ticker": "DXCM",
  "best_params": {
    "hidden": 32,
    "lr": 0.001,
    "dropout": 0.3,
    "weight_decay": 0.0001,
    "num_layers": 1,
    "refit_epochs": 5
  },
  "kelly_fraction": null,
  "THRESHOLD_ENTRY": 0.52,
  "DIRECTION_MODE": "both",
  "CALIBRATION": {
    "theta_entry": 0.52,
    "kelly_fraction": null,
    "direction_mode": "both",
    "oof_trades": 78,
    "trade_floor_met": true,
    "oof_log_growth": 0.7073930714276359
  },
  "cv_auc_pr": 0.48995726623048896,
  "cv_folds": 4,
  "SEQ_LEN": 60,
  "FEATURE_MANIFEST": [
    "log_return_1",
    "log_return_5",
    "log_return_20",
    "dist_to_sma_20",
    "dist_to_sma_50",
    "sma_20_sma_50_ratio",
    "volume_z_score_20",
    "atr_pct_14",
    "realized_volatility_20",
    "rsi_14",
    "bollinger_percent_b_20_2",
    "bollinger_bandwidth_20_2",
    "macd_hist_12_26_9",
    "momentum_60",
    "gap_open_z20",
    "zscore_close_20"
  ],
  "NORM_STATS": {
    "log_return_1": {
      "mean": 0.00041594974197500155,
      "std": 0.04658363808410124
    },
    "log_return_5": {
      "mean": 0.001993379401320045,
      "std": 0.10497291694425663
    },
    "log_return_20": {
      "mean": 0.00732644280684851,
      "std": 0.20861247170877725
    },
    "dist_to_sma_20": {
      "mean": 0.0066487421444608626,
      "std": 0.09877679957649312
    },
    "dist_to_sma_50": {
      "mean": 0.016438462503412913,
      "std": 0.15838130678900422
    },
    "sma_20_sma_50_ratio": {
      "mean": 0.006159917966481263,
      "std": 0.10575326287198043
    },
    "volume_z_score_20": {
      "mean": -0.02063925959457442,
      "std": 1.060584030446295
    },
    "atr_pct_14": {
      "mean": 4.234026185096558,
      "std": 3.02951215378148
    },
    "realized_volatility_20": {
      "mean": 0.13655521019087558,
      "std": 0.15015563671062596
    },
    "rsi_14": {
      "mean": 52.79041223149695,
      "std": 13.983672756005332
    },
    "bollinger_percent_b_20_2": {
      "mean": 0.5589832752669681,
      "std": 0.3376942732306935
    },
    "bollinger_bandwidth_20_2": {
      "mean": 0.21885845939784557,
      "std": 0.2503773642127972
    },
    "macd_hist_12_26_9": {
      "mean": 0.016059978536021875,
      "std": 3.220840218832504
    },
    "momentum_60": {
      "mean": 0.01274612935506567,
      "std": 0.37318377082261556
    },
    "gap_open_z20": {
      "mean": -0.00795430466678794,
      "std": 1.0095926105778765
    },
    "zscore_close_20": {
      "mean": 0.23593310106787288,
      "std": 1.350777092922774
    }
  },
  "TRAIN_WINDOW": "2017-01-01 -> 2023-12-31",
  "LABEL_CONTRACT": "TripleBarrier.ATR.daily.v1",
  "MODEL_HASH": "1a953114e6f8871b2624abf6d9d84feb87e2b42ef72988c4fb727618924be616",
  "RANDOM_SEED": 42
}
