{
  "ticker": "CPAY",
  "best_params": {
    "hidden": 32,
    "lr": 0.001,
    "dropout": 0.3,
    "weight_decay": 0.0001,
    "num_layers": 1,
    "refit_epochs": 5
  },
  "kelly_fraction": null,
  "THRESHOLD_ENTRY": 0.56,
  "DIRECTION_MODE": "both",
  "CALIBRATION": {
    "theta_entry": 0.56,
    "kelly_fraction": null,
    "direction_mode": "both",
    "oof_trades": 26,
    "trade_floor_met": true,
    "oof_log_growth": -0.055615882986712016
  },
  "cv_auc_pr": 0.48498036808881234,
  "cv_folds": 4,
  "SEQ_LEN": 60,
  "FEATURE_MANIFEST": [
    "log_return_1",
    "log_return_5",
    "log_return_20",
    "dist_to_sma_20",
    "dist_to_sma_50",
    "sma_20_sma_50_ratio",
    "volume_z_score_20",
    "atr_pct_14",
    "realized_volatility_20",
    "rsi_14",
    "bollinger_percent_b_20_2",
    "bollinger_bandwidth_20_2",
    "macd_hist_12_26_9",
    "high_low_range_pct",
    "ret_skew_20",
    "overnight_intraday_spread_20",
    "illiquidity_amihud_20",
    "day_range_pos_20",
    "bb_percent_b_20"
  ],
  "NORM_STATS": {
    "log_return_1": {
      "mean": 0.0003926286584770624,
      "std": 0.020538125948904563
    },
    "log_return_5": {
      "mean": 0.0019253856048549285,
      "std": 0.04391340016963745
    },
    "log_return_20": {
      "mean": 0.006827824199520231,
      "std": 0.08439916427701387
    },
    "dist_to_sma_20": {
      "mean": 0.003952214762726206,
      "std": 0.046021764272856036
    },
    "dist_to_sma_50": {
      "mean": 0.008917407999435708,
      "std": 0.07160521053175019
    },
    "sma_20_sma_50_ratio": {
      "mean": 0.0043677009559803005,
      "std": 0.04432194779162039
    },
    "volume_z_score_20": {
      "mean": 0.004006804868376803,
      "std": 1.108934741770845
    },
    "atr_pct_14": {
      "mean": 2.6006293739508246,
      "std": 1.1726616762636262
    },
    "realized_volatility_20": {
      "mean": 0.07993499795141848,
      "std": 0.041143414150913125
    },
    "rsi_14": {
      "mean": 52.87336363867172,
      "std": 12.313960532188425
    },
    "bollinger_percent_b_20_2": {
      "mean": 0.554526515339252,
      "std": 0.3320891099753195
    },
    "bollinger_bandwidth_20_2": {
      "mean": 0.11960390560186256,
      "std": 0.06946815342008227
    },
    "macd_hist_12_26_9": {
      "mean": 0.02804726453648108,
      "std": 1.4794160114404624
    },
    "high_low_range_pct": {
      "mean": 2.4132199998617807,
      "std": 1.6880018028839219
    },
    "ret_skew_20": {
      "mean": 0.0880109532365302,
      "std": 1.0318637957964925
    },
    "overnight_intraday_spread_20": {
      "mean": 0.0007175848722341099,
      "std": 0.003767753600262267
    },
    "illiquidity_amihud_20": {
      "mean": 0.0010363246203842435,
      "std": 0.0005377349709916857
    },
    "day_range_pos_20": {
      "mean": 0.572608869157194,
      "std": 0.2979119436418037
    },
    "bb_percent_b_20": {
      "mean": 0.5545237129025689,
      "std": 0.3320873734184259
    }
  },
  "TRAIN_WINDOW": "2017-01-01 -> 2023-12-31",
  "LABEL_CONTRACT": "TripleBarrier.ATR.daily.v1",
  "MODEL_HASH": "2273e7a821641e463cc71074bc6d88d9e230b8963d978ceca9954611a3fa5289",
  "RANDOM_SEED": 42
}
