{
  "ticker": "ALL",
  "best_params": {
    "hidden": 32,
    "lr": 0.001,
    "dropout": 0.3,
    "weight_decay": 0.0001,
    "num_layers": 1,
    "refit_epochs": 5
  },
  "kelly_fraction": null,
  "THRESHOLD_ENTRY": 0.5,
  "DIRECTION_MODE": "both",
  "CALIBRATION": {
    "theta_entry": 0.5,
    "kelly_fraction": null,
    "direction_mode": "both",
    "oof_trades": 112,
    "trade_floor_met": true,
    "oof_log_growth": 0.5160808543516628
  },
  "cv_auc_pr": 0.5493136702252471,
  "cv_folds": 4,
  "SEQ_LEN": 60,
  "FEATURE_MANIFEST": [
    "log_return_1",
    "log_return_5",
    "log_return_20",
    "dist_to_sma_20",
    "dist_to_sma_50",
    "sma_20_sma_50_ratio",
    "volume_z_score_20",
    "atr_pct_14",
    "realized_volatility_20",
    "rsi_14",
    "bollinger_percent_b_20_2",
    "bollinger_bandwidth_20_2",
    "macd_hist_12_26_9",
    "return_120",
    "up_streak_10",
    "rsi_2",
    "stoch_k_14",
    "dist_to_sma_10"
  ],
  "NORM_STATS": {
    "log_return_1": {
      "mean": 0.0003612625647390197,
      "std": 0.016502651616393735
    },
    "log_return_5": {
      "mean": 0.0017715352388994786,
      "std": 0.035241500425814316
    },
    "log_return_20": {
      "mean": 0.007308574073588898,
      "std": 0.07060617721350036
    },
    "dist_to_sma_20": {
      "mean": 0.00376334755301741,
      "std": 0.03855478059605756
    },
    "dist_to_sma_50": {
      "mean": 0.009664904945011191,
      "std": 0.05693091703350582
    },
    "sma_20_sma_50_ratio": {
      "mean": 0.005602955277166695,
      "std": 0.03524190997722147
    },
    "volume_z_score_20": {
      "mean": -0.018024618400219735,
      "std": 1.0664639403840652
    },
    "atr_pct_14": {
      "mean": 2.0706568269162164,
      "std": 1.0346308430852489
    },
    "realized_volatility_20": {
      "mean": 0.06146253029758399,
      "std": 0.03750121586871239
    },
    "rsi_14": {
      "mean": 53.81069855118556,
      "std": 12.458083026627442
    },
    "bollinger_percent_b_20_2": {
      "mean": 0.5599516299458677,
      "std": 0.3319542691828459
    },
    "bollinger_bandwidth_20_2": {
      "mean": 0.09351006478451052,
      "std": 0.0669470812195908
    },
    "macd_hist_12_26_9": {
      "mean": 0.0016065697839922541,
      "std": 0.6004233717331534
    },
    "return_120": {
      "mean": 0.036925974811176585,
      "std": 0.13301579918621395
    },
    "up_streak_10": {
      "mean": 0.10857954545454547,
      "std": 0.13948046634099873
    },
    "rsi_2": {
      "mean": 54.77243545769938,
      "std": 30.914032729071838
    },
    "stoch_k_14": {
      "mean": 56.98076832294947,
      "std": 29.305477738829158
    },
    "dist_to_sma_10": {
      "mean": 0.0017322115222322132,
      "std": 0.026229329867543203
    }
  },
  "TRAIN_WINDOW": "2017-01-01 -> 2023-12-31",
  "LABEL_CONTRACT": "TripleBarrier.ATR.daily.v1",
  "MODEL_HASH": "49a424ce767756ff8b994b532c9fdc30899c4dd12e800233410c7ef40bbd7ac7",
  "RANDOM_SEED": 42
}
