{
  "ticker": "BAC",
  "best_params": {
    "hidden": 32,
    "lr": 0.001,
    "dropout": 0.3,
    "weight_decay": 0.0001,
    "num_layers": 1,
    "refit_epochs": 5
  },
  "kelly_fraction": null,
  "THRESHOLD_ENTRY": 0.5,
  "DIRECTION_MODE": "long_only",
  "CALIBRATION": {
    "theta_entry": 0.5,
    "kelly_fraction": null,
    "direction_mode": "long_only",
    "oof_trades": 96,
    "trade_floor_met": true,
    "oof_log_growth": 0.5292733323936475
  },
  "cv_auc_pr": 0.48282460631270113,
  "cv_folds": 4,
  "SEQ_LEN": 60,
  "FEATURE_MANIFEST": [
    "log_return_1",
    "log_return_5",
    "log_return_20",
    "dist_to_sma_20",
    "dist_to_sma_50",
    "sma_20_sma_50_ratio",
    "volume_z_score_20",
    "atr_pct_14",
    "realized_volatility_20",
    "rsi_14",
    "bollinger_percent_b_20_2",
    "bollinger_bandwidth_20_2",
    "macd_hist_12_26_9",
    "ret_skew_20",
    "mr_dist_atr_20",
    "range_compression_60"
  ],
  "NORM_STATS": {
    "log_return_1": {
      "mean": 0.000237903747738214,
      "std": 0.020665275257624523
    },
    "log_return_5": {
      "mean": 0.001173086948437718,
      "std": 0.04473117105818369
    },
    "log_return_20": {
      "mean": 0.004139980798877002,
      "std": 0.09055697687595773
    },
    "dist_to_sma_20": {
      "mean": 0.0026782471748491798,
      "std": 0.04955604815271762
    },
    "dist_to_sma_50": {
      "mean": 0.006646762948879219,
      "std": 0.07539353964517977
    },
    "sma_20_sma_50_ratio": {
      "mean": 0.0033818136259945353,
      "std": 0.04689157012044212
    },
    "volume_z_score_20": {
      "mean": -0.03171448421188012,
      "std": 1.07141964464307
    },
    "atr_pct_14": {
      "mean": 2.5870029372560333,
      "std": 1.110011228772121
    },
    "realized_volatility_20": {
      "mean": 0.07831399226222523,
      "std": 0.044509124819672174
    },
    "rsi_14": {
      "mean": 51.98276908330728,
      "std": 12.568567688263977
    },
    "bollinger_percent_b_20_2": {
      "mean": 0.5361002451083176,
      "std": 0.3367155359182263
    },
    "bollinger_bandwidth_20_2": {
      "mean": 0.12557439240049853,
      "std": 0.07545656615204227
    },
    "macd_hist_12_26_9": {
      "mean": 0.0007699896145323945,
      "std": 0.21387376995458604
    },
    "ret_skew_20": {
      "mean": 0.08234662515112319,
      "std": 0.8362305063518651
    },
    "mr_dist_atr_20": {
      "mean": 0.19187788862846292,
      "std": 1.7494349963540128
    },
    "range_compression_60": {
      "mean": 0.5056187227591434,
      "std": 0.2943204310180005
    }
  },
  "TRAIN_WINDOW": "2017-01-01 -> 2023-12-31",
  "LABEL_CONTRACT": "TripleBarrier.ATR.daily.v1",
  "MODEL_HASH": "3271df892e0cedd30e982f4abc7518b9b4ebf77a7f960b30c4b6d048f53a9f87",
  "RANDOM_SEED": 42
}
