{
  "ticker": "DHI",
  "best_params": {
    "hidden": 32,
    "lr": 0.001,
    "dropout": 0.3,
    "weight_decay": 0.0001,
    "num_layers": 1,
    "refit_epochs": 5
  },
  "kelly_fraction": null,
  "THRESHOLD_ENTRY": 0.52,
  "DIRECTION_MODE": "both",
  "CALIBRATION": {
    "theta_entry": 0.52,
    "kelly_fraction": null,
    "direction_mode": "both",
    "oof_trades": 83,
    "trade_floor_met": true,
    "oof_log_growth": 0.043195563979043256
  },
  "cv_auc_pr": 0.43707715542036696,
  "cv_folds": 4,
  "SEQ_LEN": 60,
  "FEATURE_MANIFEST": [
    "log_return_1",
    "log_return_5",
    "log_return_20",
    "dist_to_sma_20",
    "dist_to_sma_50",
    "sma_20_sma_50_ratio",
    "volume_z_score_20",
    "atr_pct_14",
    "realized_volatility_20",
    "rsi_14",
    "bollinger_percent_b_20_2",
    "bollinger_bandwidth_20_2",
    "macd_hist_12_26_9",
    "return_120",
    "drawdown_from_max_60",
    "dist_from_low_20"
  ],
  "NORM_STATS": {
    "log_return_1": {
      "mean": 0.0009747327781536773,
      "std": 0.02313547773464849
    },
    "log_return_5": {
      "mean": 0.004833795145371303,
      "std": 0.051779914278275795
    },
    "log_return_20": {
      "mean": 0.018543475869185637,
      "std": 0.10334964182859661
    },
    "dist_to_sma_20": {
      "mean": 0.009772218516333347,
      "std": 0.05484813971696784
    },
    "dist_to_sma_50": {
      "mean": 0.02419126085535725,
      "std": 0.09003124932304117
    },
    "sma_20_sma_50_ratio": {
      "mean": 0.013293351935798902,
      "std": 0.05559432988725281
    },
    "volume_z_score_20": {
      "mean": 0.006059005995893552,
      "std": 1.080607218295988
    },
    "atr_pct_14": {
      "mean": 3.01486483235694,
      "std": 1.2736375909238353
    },
    "realized_volatility_20": {
      "mean": 0.08983791169242555,
      "std": 0.04568430222769969
    },
    "rsi_14": {
      "mean": 54.21755552727752,
      "std": 12.350902891668445
    },
    "bollinger_percent_b_20_2": {
      "mean": 0.5773088095410208,
      "std": 0.32992121821176235
    },
    "bollinger_bandwidth_20_2": {
      "mean": 0.13505773872606494,
      "std": 0.09694035520184112
    },
    "macd_hist_12_26_9": {
      "mean": 0.01670984418921427,
      "std": 0.5017003969831088
    },
    "return_120": {
      "mean": 0.0947043255083925,
      "std": 0.20715120271831933
    },
    "drawdown_from_max_60": {
      "mean": -0.07464844473712041,
      "std": 0.08400184193454392
    },
    "dist_from_low_20": {
      "mean": 0.09216529569724034,
      "std": 0.07673953069705254
    }
  },
  "TRAIN_WINDOW": "2017-01-01 -> 2023-12-31",
  "LABEL_CONTRACT": "TripleBarrier.ATR.daily.v1",
  "MODEL_HASH": "17558159b8a4c0b6a54e1bc80a4aee82d947858c3c4f2e3975d45d5c736f49aa",
  "RANDOM_SEED": 42
}
