{
  "ticker": "BR",
  "best_params": {
    "hidden": 32,
    "lr": 0.001,
    "dropout": 0.3,
    "weight_decay": 0.0001,
    "num_layers": 1,
    "refit_epochs": 5
  },
  "kelly_fraction": null,
  "THRESHOLD_ENTRY": 0.56,
  "DIRECTION_MODE": "both",
  "CALIBRATION": {
    "theta_entry": 0.56,
    "kelly_fraction": null,
    "direction_mode": "both",
    "oof_trades": 38,
    "trade_floor_met": true,
    "oof_log_growth": 0.4011917540486081
  },
  "cv_auc_pr": 0.5098485038005206,
  "cv_folds": 4,
  "SEQ_LEN": 60,
  "FEATURE_MANIFEST": [
    "log_return_1",
    "log_return_5",
    "log_return_20",
    "dist_to_sma_20",
    "dist_to_sma_50",
    "sma_20_sma_50_ratio",
    "volume_z_score_20",
    "atr_pct_14",
    "realized_volatility_20",
    "rsi_14",
    "bollinger_percent_b_20_2",
    "bollinger_bandwidth_20_2",
    "macd_hist_12_26_9",
    "dist_to_high_252",
    "mr_dist_atr_20",
    "xas_mkt_lead_ret_1",
    "momentum_acceleration_10"
  ],
  "NORM_STATS": {
    "log_return_1": {
      "mean": 0.0006434195027264568,
      "std": 0.01549709778175564
    },
    "log_return_5": {
      "mean": 0.003180930285599348,
      "std": 0.0323390811585071
    },
    "log_return_20": {
      "mean": 0.01247718813293187,
      "std": 0.06694423260006684
    },
    "dist_to_sma_20": {
      "mean": 0.006274577442429959,
      "std": 0.036167125059455706
    },
    "dist_to_sma_50": {
      "mean": 0.016053092232810758,
      "std": 0.061280158168301985
    },
    "sma_20_sma_50_ratio": {
      "mean": 0.00920451622899223,
      "std": 0.03803214842201919
    },
    "volume_z_score_20": {
      "mean": 0.012957752795385922,
      "std": 1.0858012984755059
    },
    "atr_pct_14": {
      "mean": 1.9730062490619158,
      "std": 0.7832389895237953
    },
    "realized_volatility_20": {
      "mean": 0.06051461345202824,
      "std": 0.03023317797505374
    },
    "rsi_14": {
      "mean": 54.88657696341209,
      "std": 12.822263042258674
    },
    "bollinger_percent_b_20_2": {
      "mean": 0.5823364794969101,
      "std": 0.3310047501154014
    },
    "bollinger_bandwidth_20_2": {
      "mean": 0.09321564825869,
      "std": 0.05120901978571561
    },
    "macd_hist_12_26_9": {
      "mean": 0.008668282526835491,
      "std": 0.6600347766834981
    },
    "dist_to_high_252": {
      "mean": -0.0988956929907636,
      "std": 0.08826008785068734
    },
    "mr_dist_atr_20": {
      "mean": 0.47505304564923523,
      "std": 1.7084164647175093
    },
    "xas_mkt_lead_ret_1": {
      "mean": 0.0003433186162307893,
      "std": 0.012758000075585762
    },
    "momentum_acceleration_10": {
      "mean": 8.843041124870442e-05,
      "std": 0.06093127489814181
    }
  },
  "TRAIN_WINDOW": "2017-01-01 -> 2023-12-31",
  "LABEL_CONTRACT": "TripleBarrier.ATR.daily.v1",
  "MODEL_HASH": "887e0f07035da16645b0204172ccaa1bac651d4e52cfba4426f11d9815f7dd07",
  "RANDOM_SEED": 42
}
