{
  "ticker": "TRMB",
  "best_params": {
    "hidden": 32,
    "lr": 0.001,
    "dropout": 0.3,
    "weight_decay": 0.0001,
    "num_layers": 1,
    "refit_epochs": 5
  },
  "kelly_fraction": null,
  "THRESHOLD_ENTRY": 0.56,
  "DIRECTION_MODE": "long_only",
  "CALIBRATION": {
    "theta_entry": 0.56,
    "kelly_fraction": null,
    "direction_mode": "long_only",
    "oof_trades": 30,
    "trade_floor_met": true,
    "oof_log_growth": 0.08161098102648232
  },
  "cv_auc_pr": 0.49446309458179494,
  "cv_folds": 4,
  "SEQ_LEN": 60,
  "FEATURE_MANIFEST": [
    "log_return_1",
    "log_return_5",
    "log_return_20",
    "dist_to_sma_20",
    "dist_to_sma_50",
    "sma_20_sma_50_ratio",
    "volume_z_score_20",
    "atr_pct_14",
    "realized_volatility_20",
    "rsi_14",
    "bollinger_percent_b_20_2",
    "bollinger_bandwidth_20_2",
    "macd_hist_12_26_9",
    "price_volume_rank_divergence",
    "zscore_close_20"
  ],
  "NORM_STATS": {
    "log_return_1": {
      "mean": 0.0003223853951348338,
      "std": 0.022157472006648717
    },
    "log_return_5": {
      "mean": 0.001593846420653324,
      "std": 0.05043408289345154
    },
    "log_return_20": {
      "mean": 0.0058334107063701705,
      "std": 0.09934788549229626
    },
    "dist_to_sma_20": {
      "mean": 0.0035881282179474395,
      "std": 0.05334715274564263
    },
    "dist_to_sma_50": {
      "mean": 0.008511021935673671,
      "std": 0.08198935704907491
    },
    "sma_20_sma_50_ratio": {
      "mean": 0.004239020743793316,
      "std": 0.05066560795085706
    },
    "volume_z_score_20": {
      "mean": -0.0029441454951245464,
      "std": 1.0841169914704052
    },
    "atr_pct_14": {
      "mean": 2.7672789639700928,
      "std": 1.1402521088946318
    },
    "realized_volatility_20": {
      "mean": 0.08525142982894422,
      "std": 0.04518484515347169
    },
    "rsi_14": {
      "mean": 52.489592250936454,
      "std": 12.114443379962529
    },
    "bollinger_percent_b_20_2": {
      "mean": 0.5498551045073179,
      "std": 0.3320529709416475
    },
    "bollinger_bandwidth_20_2": {
      "mean": 0.13054113061121014,
      "std": 0.09192675988832706
    },
    "macd_hist_12_26_9": {
      "mean": 0.0026809365052305424,
      "std": 0.37610140033531364
    },
    "price_volume_rank_divergence": {
      "mean": 0.08038352272727273,
      "std": 0.48699981106618456
    },
    "zscore_close_20": {
      "mean": 0.1994204180292715,
      "std": 1.32821188376659
    }
  },
  "TRAIN_WINDOW": "2017-01-01 -> 2023-12-31",
  "LABEL_CONTRACT": "TripleBarrier.ATR.daily.v1",
  "MODEL_HASH": "afc0cabb238356e1731d446c5bb3d45f3bcf6ec70284a2adabb43bdfd8faf55c",
  "RANDOM_SEED": 42
}
