{
  "ticker": "F",
  "best_params": {
    "hidden": 32,
    "lr": 0.001,
    "dropout": 0.3,
    "weight_decay": 0.0001,
    "num_layers": 1,
    "refit_epochs": 5
  },
  "kelly_fraction": null,
  "THRESHOLD_ENTRY": 0.54,
  "DIRECTION_MODE": "both",
  "CALIBRATION": {
    "theta_entry": 0.54,
    "kelly_fraction": null,
    "direction_mode": "both",
    "oof_trades": 25,
    "trade_floor_met": true,
    "oof_log_growth": 0.48822921556588783
  },
  "cv_auc_pr": 0.4732966034802921,
  "cv_folds": 4,
  "SEQ_LEN": 60,
  "FEATURE_MANIFEST": [
    "log_return_1",
    "log_return_5",
    "log_return_20",
    "dist_to_sma_20",
    "dist_to_sma_50",
    "sma_20_sma_50_ratio",
    "volume_z_score_20",
    "atr_pct_14",
    "realized_volatility_20",
    "rsi_14",
    "bollinger_percent_b_20_2",
    "bollinger_bandwidth_20_2",
    "macd_hist_12_26_9",
    "volume_trend_5_20",
    "down_streak_10",
    "reversal_2d",
    "ma_slope_10"
  ],
  "NORM_STATS": {
    "log_return_1": {
      "mean": 2.335316966946971e-06,
      "std": 0.024313949848704743
    },
    "log_return_5": {
      "mean": 1.1586691790366955e-05,
      "std": 0.055189142879769164
    },
    "log_return_20": {
      "mean": -0.0009568911930907031,
      "std": 0.11738561941435921
    },
    "dist_to_sma_20": {
      "mean": 0.0007514732508932693,
      "std": 0.06332845827282708
    },
    "dist_to_sma_50": {
      "mean": 0.0013208270813561936,
      "std": 0.10355302517070931
    },
    "sma_20_sma_50_ratio": {
      "mean": -0.0007709559479859942,
      "std": 0.0644823488639421
    },
    "volume_z_score_20": {
      "mean": 0.00993638663822571,
      "std": 1.0757186861289987
    },
    "atr_pct_14": {
      "mean": 3.1144087391839497,
      "std": 1.3897939624106839
    },
    "realized_volatility_20": {
      "mean": 0.09469448886152779,
      "std": 0.0461564866169654
    },
    "rsi_14": {
      "mean": 49.77319466070424,
      "std": 13.050300169488805
    },
    "bollinger_percent_b_20_2": {
      "mean": 0.5037166242074766,
      "std": 0.33863116453912145
    },
    "bollinger_bandwidth_20_2": {
      "mean": 0.1508759726177735,
      "std": 0.10173902940448667
    },
    "macd_hist_12_26_9": {
      "mean": 0.0006265837662793551,
      "std": 0.10679976309851566
    },
    "volume_trend_5_20": {
      "mean": 0.005723696025635464,
      "std": 0.2336048646994522
    },
    "down_streak_10": {
      "mean": 0.09477272727272727,
      "std": 0.12883196660702928
    },
    "reversal_2d": {
      "mean": -6.9584654857319944e-06,
      "std": 0.034709937630021045
    },
    "ma_slope_10": {
      "mean": 1.785225038844251e-05,
      "std": 0.007810471113666871
    }
  },
  "TRAIN_WINDOW": "2017-01-01 -> 2023-12-31",
  "LABEL_CONTRACT": "TripleBarrier.ATR.daily.v1",
  "MODEL_HASH": "b4a317f08b96b3029073cb26dc79f0b094281b8158117c01723546b038851db7",
  "RANDOM_SEED": 42
}
