{
  "ticker": "GM",
  "best_params": {
    "hidden": 32,
    "lr": 0.001,
    "dropout": 0.3,
    "weight_decay": 0.0001,
    "num_layers": 1,
    "refit_epochs": 5
  },
  "kelly_fraction": null,
  "THRESHOLD_ENTRY": 0.5,
  "DIRECTION_MODE": "both",
  "CALIBRATION": {
    "theta_entry": 0.5,
    "kelly_fraction": null,
    "direction_mode": "both",
    "oof_trades": 91,
    "trade_floor_met": true,
    "oof_log_growth": -0.008011297720547364
  },
  "cv_auc_pr": 0.4472646367169106,
  "cv_folds": 4,
  "SEQ_LEN": 60,
  "FEATURE_MANIFEST": [
    "log_return_1",
    "log_return_5",
    "log_return_20",
    "dist_to_sma_20",
    "dist_to_sma_50",
    "sma_20_sma_50_ratio",
    "volume_z_score_20",
    "atr_pct_14",
    "realized_volatility_20",
    "rsi_14",
    "bollinger_percent_b_20_2",
    "bollinger_bandwidth_20_2",
    "macd_hist_12_26_9",
    "momentum_60",
    "gap_open_z20",
    "vol_regime_20_60",
    "price_volume_rank_divergence",
    "sma_slope_50_20",
    "trend_align_5_10"
  ],
  "NORM_STATS": {
    "log_return_1": {
      "mean": 1.718244672015297e-05,
      "std": 0.02417448910138947
    },
    "log_return_5": {
      "mean": 6.339849753619633e-05,
      "std": 0.05479167099207579
    },
    "log_return_20": {
      "mean": -0.0004192087689991671,
      "std": 0.11037203603749626
    },
    "dist_to_sma_20": {
      "mean": 0.0008114977624397343,
      "std": 0.06021890208863206
    },
    "dist_to_sma_50": {
      "mean": 0.0010913143284974347,
      "std": 0.09363765660596746
    },
    "sma_20_sma_50_ratio": {
      "mean": -0.0006882496097125732,
      "std": 0.05738270542538146
    },
    "volume_z_score_20": {
      "mean": 0.0014985931496073878,
      "std": 1.0432088845786256
    },
    "atr_pct_14": {
      "mean": 3.1308609239022633,
      "std": 1.3595823693983635
    },
    "realized_volatility_20": {
      "mean": 0.09456433662916823,
      "std": 0.046081758001973123
    },
    "rsi_14": {
      "mean": 50.25288289985266,
      "std": 12.372544758051157
    },
    "bollinger_percent_b_20_2": {
      "mean": 0.49349593126146307,
      "std": 0.33985613730030434
    },
    "bollinger_bandwidth_20_2": {
      "mean": 0.1514496135447338,
      "std": 0.09131992172353635
    },
    "macd_hist_12_26_9": {
      "mean": 0.002194408258372264,
      "std": 0.3136396332160945
    },
    "momentum_60": {
      "mean": -0.0030481427291151734,
      "std": 0.17637156150382122
    },
    "gap_open_z20": {
      "mean": -0.005154500184056042,
      "std": 1.0099065676300625
    },
    "vol_regime_20_60": {
      "mean": 0.9596429614516772,
      "std": 0.20386821534470057
    },
    "price_volume_rank_divergence": {
      "mean": -0.009431818181818182,
      "std": 0.4706112634227219
    },
    "sma_slope_50_20": {
      "mean": -0.001146400769231385,
      "std": 0.05978316616841462
    },
    "trend_align_5_10": {
      "mean": 0.49318181818181817,
      "std": 0.8686189998740235
    }
  },
  "TRAIN_WINDOW": "2017-01-01 -> 2023-12-31",
  "LABEL_CONTRACT": "TripleBarrier.ATR.daily.v1",
  "MODEL_HASH": "f76a3cf6cbb8f62450c6ba476cad2476445838936b89d0404617cbdaa6d22792",
  "RANDOM_SEED": 42
}
