{
  "ticker": "HST",
  "best_params": {
    "hidden": 32,
    "lr": 0.001,
    "dropout": 0.3,
    "weight_decay": 0.0001,
    "num_layers": 1,
    "refit_epochs": 5
  },
  "kelly_fraction": null,
  "THRESHOLD_ENTRY": 0.56,
  "DIRECTION_MODE": "both",
  "CALIBRATION": {
    "theta_entry": 0.56,
    "kelly_fraction": null,
    "direction_mode": "both",
    "oof_trades": 9,
    "trade_floor_met": true,
    "oof_log_growth": -0.11476172071588181
  },
  "cv_auc_pr": 0.450270647277222,
  "cv_folds": 4,
  "SEQ_LEN": 60,
  "FEATURE_MANIFEST": [
    "log_return_1",
    "log_return_5",
    "log_return_20",
    "dist_to_sma_20",
    "dist_to_sma_50",
    "sma_20_sma_50_ratio",
    "volume_z_score_20",
    "atr_pct_14",
    "realized_volatility_20",
    "rsi_14",
    "bollinger_percent_b_20_2",
    "bollinger_bandwidth_20_2",
    "macd_hist_12_26_9",
    "ret_skew_20",
    "overnight_vol_20",
    "day_range_pos_20",
    "zscore_close_20"
  ],
  "NORM_STATS": {
    "log_return_1": {
      "mean": 1.882010386883482e-05,
      "std": 0.02292784881557327
    },
    "log_return_5": {
      "mean": 0.0001527236734071917,
      "std": 0.04943732403077016
    },
    "log_return_20": {
      "mean": 1.7646652774131163e-05,
      "std": 0.08938666047962344
    },
    "dist_to_sma_20": {
      "mean": 0.0006780036213584533,
      "std": 0.05034779271462329
    },
    "dist_to_sma_50": {
      "mean": 0.001296992179016251,
      "std": 0.07252846624355667
    },
    "sma_20_sma_50_ratio": {
      "mean": 0.00017798778372230992,
      "std": 0.04413685094664791
    },
    "volume_z_score_20": {
      "mean": 0.004696598141501382,
      "std": 1.073230469908824
    },
    "atr_pct_14": {
      "mean": 3.018723695292522,
      "std": 1.5778721769271877
    },
    "realized_volatility_20": {
      "mean": 0.08661696423768174,
      "std": 0.05095470725805017
    },
    "rsi_14": {
      "mean": 50.495588844668355,
      "std": 10.464506547597916
    },
    "bollinger_percent_b_20_2": {
      "mean": 0.514381663793281,
      "std": 0.3255654771457051
    },
    "bollinger_bandwidth_20_2": {
      "mean": 0.12616228985027209,
      "std": 0.08711149437917075
    },
    "macd_hist_12_26_9": {
      "mean": 0.0002950183080931928,
      "std": 0.11207307656463944
    },
    "ret_skew_20": {
      "mean": 0.03282192336363755,
      "std": 0.8121290001041954
    },
    "overnight_vol_20": {
      "mean": 0.009845716266788498,
      "std": 0.008503566689942852
    },
    "day_range_pos_20": {
      "mean": 0.5113274034755546,
      "std": 0.2840909510430511
    },
    "zscore_close_20": {
      "mean": 0.05752665517312387,
      "std": 1.3022619085828206
    }
  },
  "TRAIN_WINDOW": "2017-01-01 -> 2023-12-31",
  "LABEL_CONTRACT": "TripleBarrier.ATR.daily.v1",
  "MODEL_HASH": "91001b13536835d5f4b56578ab52faf9e1c5fba4241ecbb08db56ebae1899a2a",
  "RANDOM_SEED": 42
}
