{
  "ticker": "FIX",
  "best_params": {
    "hidden": 32,
    "lr": 0.001,
    "dropout": 0.3,
    "weight_decay": 0.0001,
    "num_layers": 1,
    "refit_epochs": 5
  },
  "kelly_fraction": null,
  "THRESHOLD_ENTRY": 0.52,
  "DIRECTION_MODE": "long_only",
  "CALIBRATION": {
    "theta_entry": 0.52,
    "kelly_fraction": null,
    "direction_mode": "long_only",
    "oof_trades": 57,
    "trade_floor_met": true,
    "oof_log_growth": 1.0010553050416555
  },
  "cv_auc_pr": 0.525830645273803,
  "cv_folds": 4,
  "SEQ_LEN": 60,
  "FEATURE_MANIFEST": [
    "log_return_1",
    "log_return_5",
    "log_return_20",
    "dist_to_sma_20",
    "dist_to_sma_50",
    "sma_20_sma_50_ratio",
    "volume_z_score_20",
    "atr_pct_14",
    "realized_volatility_20",
    "rsi_14",
    "bollinger_percent_b_20_2",
    "bollinger_bandwidth_20_2",
    "macd_hist_12_26_9",
    "return_120",
    "obv_z20",
    "range_compression_60"
  ],
  "NORM_STATS": {
    "log_return_1": {
      "mean": 0.0010342049729615754,
      "std": 0.02419666213162779
    },
    "log_return_5": {
      "mean": 0.0051554728558514205,
      "std": 0.05084840143627252
    },
    "log_return_20": {
      "mean": 0.02017532451800868,
      "std": 0.0999214954971004
    },
    "dist_to_sma_20": {
      "mean": 0.010420421820689424,
      "std": 0.05613951382323216
    },
    "dist_to_sma_50": {
      "mean": 0.02683999051047997,
      "std": 0.08841316700057134
    },
    "sma_20_sma_50_ratio": {
      "mean": 0.015416198653811991,
      "std": 0.053633652693154475
    },
    "volume_z_score_20": {
      "mean": -0.0016815908458934512,
      "std": 1.061423130960781
    },
    "atr_pct_14": {
      "mean": 2.9135924972127567,
      "std": 1.176149256717603
    },
    "realized_volatility_20": {
      "mean": 0.09261955632557282,
      "std": 0.05138434152022744
    },
    "rsi_14": {
      "mean": 53.82489172466317,
      "std": 12.17866888394805
    },
    "bollinger_percent_b_20_2": {
      "mean": 0.5680844320818138,
      "std": 0.33232951136340894
    },
    "bollinger_bandwidth_20_2": {
      "mean": 0.1406073545879704,
      "std": 0.09045939885181684
    },
    "macd_hist_12_26_9": {
      "mean": 0.009774397008111193,
      "std": 0.6218093894721638
    },
    "return_120": {
      "mean": 0.1219111391405684,
      "std": 0.1973932336200528
    },
    "obv_z20": {
      "mean": 0.1680711757567958,
      "std": 1.3364128246833373
    },
    "range_compression_60": {
      "mean": 0.527364032594277,
      "std": 0.2915747738052982
    }
  },
  "TRAIN_WINDOW": "2017-01-01 -> 2023-12-31",
  "LABEL_CONTRACT": "TripleBarrier.ATR.daily.v1",
  "MODEL_HASH": "a9a4c2d13c7d2a7844dc88aed7d536e8fe380ed50e862da6e492e4518e6ad476",
  "RANDOM_SEED": 42
}
