{
  "ticker": "O",
  "best_params": {
    "hidden": 32,
    "lr": 0.001,
    "dropout": 0.3,
    "weight_decay": 0.0001,
    "num_layers": 1,
    "refit_epochs": 5
  },
  "kelly_fraction": null,
  "THRESHOLD_ENTRY": 0.6,
  "DIRECTION_MODE": "long_only",
  "CALIBRATION": {
    "theta_entry": 0.6,
    "kelly_fraction": null,
    "direction_mode": "long_only",
    "oof_trades": 8,
    "trade_floor_met": true,
    "oof_log_growth": -0.04500900853396484
  },
  "cv_auc_pr": 0.5051563094091809,
  "cv_folds": 4,
  "SEQ_LEN": 60,
  "FEATURE_MANIFEST": [
    "log_return_1",
    "log_return_5",
    "log_return_20",
    "dist_to_sma_20",
    "dist_to_sma_50",
    "sma_20_sma_50_ratio",
    "volume_z_score_20",
    "atr_pct_14",
    "realized_volatility_20",
    "rsi_14",
    "bollinger_percent_b_20_2",
    "bollinger_bandwidth_20_2",
    "macd_hist_12_26_9",
    "atr_ratio_5_20",
    "dist_to_sma_10",
    "overnight_intraday_spread_20",
    "downside_vol_20",
    "illiquidity_amihud_20"
  ],
  "NORM_STATS": {
    "log_return_1": {
      "mean": -5.932981585167711e-07,
      "std": 0.018214387947504785
    },
    "log_return_5": {
      "mean": 5.547453562467708e-05,
      "std": 0.03981995885321569
    },
    "log_return_20": {
      "mean": 8.155895281310582e-05,
      "std": 0.0727243977026264
    },
    "dist_to_sma_20": {
      "mean": 0.0004341206304673503,
      "std": 0.03888561860997958
    },
    "dist_to_sma_50": {
      "mean": 0.0005622708570748304,
      "std": 0.05866326664902974
    },
    "sma_20_sma_50_ratio": {
      "mean": -0.00022215995896452748,
      "std": 0.036870936342769854
    },
    "volume_z_score_20": {
      "mean": 0.0007796956429719721,
      "std": 1.0953570485143485
    },
    "atr_pct_14": {
      "mean": 2.0774067645110277,
      "std": 1.3109921434713603
    },
    "realized_volatility_20": {
      "mean": 0.06119540677410429,
      "std": 0.051242572356204115
    },
    "rsi_14": {
      "mean": 51.131585242936666,
      "std": 11.487884763248752
    },
    "bollinger_percent_b_20_2": {
      "mean": 0.5362712732224336,
      "std": 0.3368183497746817
    },
    "bollinger_bandwidth_20_2": {
      "mean": 0.09228318070691383,
      "std": 0.07698426488400634
    },
    "macd_hist_12_26_9": {
      "mean": 0.0034138899244471367,
      "std": 0.35161304034417107
    },
    "atr_ratio_5_20": {
      "mean": 0.9903098878279297,
      "std": 0.1542040924782645
    },
    "dist_to_sma_10": {
      "mean": 0.000200094325528573,
      "std": 0.027639838572685413
    },
    "overnight_intraday_spread_20": {
      "mean": 0.0017160963749926039,
      "std": 0.0049345638570174565
    },
    "downside_vol_20": {
      "mean": 0.008330405400364317,
      "std": 0.008553584431847245
    },
    "illiquidity_amihud_20": {
      "mean": 0.0007470072485368717,
      "std": 0.0005655293557767219
    }
  },
  "TRAIN_WINDOW": "2017-01-01 -> 2023-12-31",
  "LABEL_CONTRACT": "TripleBarrier.ATR.daily.v1",
  "MODEL_HASH": "de635d26bac744bf0a11b14553e45888f8f5e8348bfb3d250d2bb0e799524579",
  "RANDOM_SEED": 42
}
