{
  "ticker": "CBRE",
  "best_params": {
    "hidden": 32,
    "lr": 0.001,
    "dropout": 0.3,
    "weight_decay": 0.0001,
    "num_layers": 1,
    "refit_epochs": 5
  },
  "kelly_fraction": null,
  "THRESHOLD_ENTRY": 0.54,
  "DIRECTION_MODE": "both",
  "CALIBRATION": {
    "theta_entry": 0.54,
    "kelly_fraction": null,
    "direction_mode": "both",
    "oof_trades": 60,
    "trade_floor_met": true,
    "oof_log_growth": 0.4702040248542486
  },
  "cv_auc_pr": 0.5076177711616725,
  "cv_folds": 4,
  "SEQ_LEN": 60,
  "FEATURE_MANIFEST": [
    "log_return_1",
    "log_return_5",
    "log_return_20",
    "dist_to_sma_20",
    "dist_to_sma_50",
    "sma_20_sma_50_ratio",
    "volume_z_score_20",
    "atr_pct_14",
    "realized_volatility_20",
    "rsi_14",
    "bollinger_percent_b_20_2",
    "bollinger_bandwidth_20_2",
    "macd_hist_12_26_9",
    "momentum_60",
    "obv_z20",
    "close_z_score_20",
    "down_streak_10",
    "overnight_intraday_spread_20",
    "overnight_vol_20"
  ],
  "NORM_STATS": {
    "log_return_1": {
      "mean": 0.0006156700121004608,
      "std": 0.02138515959520233
    },
    "log_return_5": {
      "mean": 0.0030812707747864022,
      "std": 0.046791994317467195
    },
    "log_return_20": {
      "mean": 0.0115097888887834,
      "std": 0.09399414679248556
    },
    "dist_to_sma_20": {
      "mean": 0.0062983242278583365,
      "std": 0.05171413064114341
    },
    "dist_to_sma_50": {
      "mean": 0.015590485454515605,
      "std": 0.07824455103241654
    },
    "sma_20_sma_50_ratio": {
      "mean": 0.00862326370215965,
      "std": 0.04813782610462055
    },
    "volume_z_score_20": {
      "mean": 0.00400729016319216,
      "std": 1.0788531642646564
    },
    "atr_pct_14": {
      "mean": 2.5811059329139807,
      "std": 1.2665518443783566
    },
    "realized_volatility_20": {
      "mean": 0.07942139788763401,
      "std": 0.04873433482697611
    },
    "rsi_14": {
      "mean": 53.38208698498869,
      "std": 12.348321787111871
    },
    "bollinger_percent_b_20_2": {
      "mean": 0.5626190414171117,
      "std": 0.33592982843594094
    },
    "bollinger_bandwidth_20_2": {
      "mean": 0.12467043029960027,
      "std": 0.08943602449584845
    },
    "macd_hist_12_26_9": {
      "mean": 0.006950976756934564,
      "std": 0.43162073039878496
    },
    "momentum_60": {
      "mean": 0.03364935748763779,
      "std": 0.1474006862392255
    },
    "obv_z20": {
      "mean": 0.15682908070383153,
      "std": 1.3335629319216453
    },
    "close_z_score_20": {
      "mean": 0.25047616566844705,
      "std": 1.343719313743764
    },
    "down_streak_10": {
      "mean": 0.09096590909090908,
      "std": 0.1331573700605651
    },
    "overnight_intraday_spread_20": {
      "mean": 0.00026368958346890064,
      "std": 0.0042632143723959695
    },
    "overnight_vol_20": {
      "mean": 0.008911588893043484,
      "std": 0.00576958837064811
    }
  },
  "TRAIN_WINDOW": "2017-01-01 -> 2023-12-31",
  "LABEL_CONTRACT": "TripleBarrier.ATR.daily.v1",
  "MODEL_HASH": "145f8360666193f9828950bb578de757ed6c7bc29363244bb108306218ee8ee0",
  "RANDOM_SEED": 42
}
