{
  "ticker": "PNW",
  "best_params": {
    "hidden": 32,
    "lr": 0.001,
    "dropout": 0.3,
    "weight_decay": 0.0001,
    "num_layers": 1,
    "refit_epochs": 5
  },
  "kelly_fraction": null,
  "THRESHOLD_ENTRY": 0.52,
  "DIRECTION_MODE": "both",
  "CALIBRATION": {
    "theta_entry": 0.52,
    "kelly_fraction": null,
    "direction_mode": "both",
    "oof_trades": 103,
    "trade_floor_met": true,
    "oof_log_growth": 0.06451506540120171
  },
  "cv_auc_pr": 0.4736501991594795,
  "cv_folds": 4,
  "SEQ_LEN": 60,
  "FEATURE_MANIFEST": [
    "log_return_1",
    "log_return_5",
    "log_return_20",
    "dist_to_sma_20",
    "dist_to_sma_50",
    "sma_20_sma_50_ratio",
    "volume_z_score_20",
    "atr_pct_14",
    "realized_volatility_20",
    "rsi_14",
    "bollinger_percent_b_20_2",
    "bollinger_bandwidth_20_2",
    "macd_hist_12_26_9",
    "rsi_2",
    "dist_to_sma_200",
    "xas_rs_mkt_20",
    "overnight_vol_20"
  ],
  "NORM_STATS": {
    "log_return_1": {
      "mean": -4.718604026973367e-05,
      "std": 0.015494971430117898
    },
    "log_return_5": {
      "mean": -0.00024225188349471244,
      "std": 0.03489003364165286
    },
    "log_return_20": {
      "mean": -0.0004427904438424864,
      "std": 0.06509580586540006
    },
    "dist_to_sma_20": {
      "mean": -3.8257886344618783e-05,
      "std": 0.03591035053759123
    },
    "dist_to_sma_50": {
      "mean": 0.00013435580233861475,
      "std": 0.05321937133001208
    },
    "sma_20_sma_50_ratio": {
      "mean": -7.409273837460562e-05,
      "std": 0.032915274075856225
    },
    "volume_z_score_20": {
      "mean": 0.006587321923304565,
      "std": 1.0650845040535553
    },
    "atr_pct_14": {
      "mean": 1.9874751221595408,
      "std": 0.9712998381042094
    },
    "realized_volatility_20": {
      "mean": 0.05677446113453437,
      "std": 0.036772453997199125
    },
    "rsi_14": {
      "mean": 51.04655657008279,
      "std": 11.8555770834968
    },
    "bollinger_percent_b_20_2": {
      "mean": 0.5175920086864254,
      "std": 0.337171178758549
    },
    "bollinger_bandwidth_20_2": {
      "mean": 0.08855378879408607,
      "std": 0.06358009328281293
    },
    "macd_hist_12_26_9": {
      "mean": -0.002588818837645298,
      "std": 0.41777802662429525
    },
    "rsi_2": {
      "mean": 52.56457639268729,
      "std": 31.404769457818745
    },
    "dist_to_sma_200": {
      "mean": 0.0012935350815312522,
      "std": 0.07839399658757874
    },
    "xas_rs_mkt_20": {
      "mean": -0.007005316042615259,
      "std": 0.0601074129893042
    },
    "overnight_vol_20": {
      "mean": 0.005102427588832416,
      "std": 0.003934727953214877
    }
  },
  "TRAIN_WINDOW": "2017-01-01 -> 2023-12-31",
  "LABEL_CONTRACT": "TripleBarrier.ATR.daily.v1",
  "MODEL_HASH": "63e7202dd69750facd44fc7149bee6213dc9c0327bbc85392c29d001f53fd8ff",
  "RANDOM_SEED": 42
}
