{
  "ticker": "ADBE",
  "best_params": {
    "hidden": 32,
    "lr": 0.001,
    "dropout": 0.3,
    "weight_decay": 0.0001,
    "num_layers": 1,
    "refit_epochs": 5
  },
  "kelly_fraction": null,
  "THRESHOLD_ENTRY": 0.52,
  "DIRECTION_MODE": "long_only",
  "CALIBRATION": {
    "theta_entry": 0.52,
    "kelly_fraction": null,
    "direction_mode": "long_only",
    "oof_trades": 85,
    "trade_floor_met": true,
    "oof_log_growth": 0.5024152593630157
  },
  "cv_auc_pr": 0.5186462983486104,
  "cv_folds": 4,
  "SEQ_LEN": 60,
  "FEATURE_MANIFEST": [
    "log_return_1",
    "log_return_5",
    "log_return_20",
    "dist_to_sma_20",
    "dist_to_sma_50",
    "sma_20_sma_50_ratio",
    "volume_z_score_20",
    "atr_pct_14",
    "realized_volatility_20",
    "rsi_14",
    "bollinger_percent_b_20_2",
    "bollinger_bandwidth_20_2",
    "macd_hist_12_26_9",
    "volume_trend_5_20",
    "drawdown_from_max_60",
    "overnight_intraday_spread_20",
    "trend_efficiency_20",
    "overnight_vol_20"
  ],
  "NORM_STATS": {
    "log_return_1": {
      "mean": 0.0009984041001373206,
      "std": 0.02205110670431143
    },
    "log_return_5": {
      "mean": 0.004963397351751259,
      "std": 0.045220967660072595
    },
    "log_return_20": {
      "mean": 0.019972948061821726,
      "std": 0.08913738427013437
    },
    "dist_to_sma_20": {
      "mean": 0.010019579432043443,
      "std": 0.04898361970814382
    },
    "dist_to_sma_50": {
      "mean": 0.02587752629921988,
      "std": 0.0762931237046775
    },
    "sma_20_sma_50_ratio": {
      "mean": 0.01510035378897037,
      "std": 0.04678842953127985
    },
    "volume_z_score_20": {
      "mean": 0.02201958417421291,
      "std": 1.1094110696518333
    },
    "atr_pct_14": {
      "mean": 2.7148866438170236,
      "std": 1.0721287728521325
    },
    "realized_volatility_20": {
      "mean": 0.08553524178403143,
      "std": 0.044564023416368406
    },
    "rsi_14": {
      "mean": 55.91585509914134,
      "std": 12.662466903373154
    },
    "bollinger_percent_b_20_2": {
      "mean": 0.6022635926443554,
      "std": 0.33018368731946685
    },
    "bollinger_bandwidth_20_2": {
      "mean": 0.12866120448770654,
      "std": 0.07087755312552074
    },
    "macd_hist_12_26_9": {
      "mean": 0.007740953937821236,
      "std": 2.714303185372032
    },
    "volume_trend_5_20": {
      "mean": 0.005953794017214672,
      "std": 0.2823525666789428
    },
    "drawdown_from_max_60": {
      "mean": -0.06624815817150656,
      "std": 0.08041642911659598
    },
    "overnight_intraday_spread_20": {
      "mean": 6.752233251186454e-05,
      "std": 0.004486760879781807
    },
    "trend_efficiency_20": {
      "mean": 5.280840829689697,
      "std": 3.6570066643691104
    },
    "overnight_vol_20": {
      "mean": 0.010298424679830215,
      "std": 0.005836118200573614
    }
  },
  "TRAIN_WINDOW": "2017-01-01 -> 2023-12-31",
  "LABEL_CONTRACT": "TripleBarrier.ATR.daily.v1",
  "MODEL_HASH": "ce538b4621d9e6a281d58bb1f37c72486da9599d2aeabf5ab811463943d08dc0",
  "RANDOM_SEED": 42
}
