{
  "ticker": "CHRW",
  "best_params": {
    "hidden": 32,
    "lr": 0.001,
    "dropout": 0.3,
    "weight_decay": 0.0001,
    "num_layers": 1,
    "refit_epochs": 5
  },
  "kelly_fraction": null,
  "THRESHOLD_ENTRY": 0.54,
  "DIRECTION_MODE": "both",
  "CALIBRATION": {
    "theta_entry": 0.54,
    "kelly_fraction": null,
    "direction_mode": "both",
    "oof_trades": 27,
    "trade_floor_met": true,
    "oof_log_growth": 0.13002110098330535
  },
  "cv_auc_pr": 0.4178459620626227,
  "cv_folds": 4,
  "SEQ_LEN": 60,
  "FEATURE_MANIFEST": [
    "log_return_1",
    "log_return_5",
    "log_return_20",
    "dist_to_sma_20",
    "dist_to_sma_50",
    "sma_20_sma_50_ratio",
    "volume_z_score_20",
    "atr_pct_14",
    "realized_volatility_20",
    "rsi_14",
    "bollinger_percent_b_20_2",
    "bollinger_bandwidth_20_2",
    "macd_hist_12_26_9",
    "volume_trend_5_20",
    "atr_ratio_5_20",
    "ret_kurt_20",
    "up_streak_10",
    "vol_of_vol_20"
  ],
  "NORM_STATS": {
    "log_return_1": {
      "mean": 9.395550570852092e-05,
      "std": 0.016922318206602508
    },
    "log_return_5": {
      "mean": 0.0004622641573944871,
      "std": 0.0357368088980723
    },
    "log_return_20": {
      "mean": 0.0014612818311078328,
      "std": 0.06767003760576804
    },
    "dist_to_sma_20": {
      "mean": 0.0010806361197638766,
      "std": 0.0379346867197774
    },
    "dist_to_sma_50": {
      "mean": 0.0024328511588826824,
      "std": 0.056406853091224646
    },
    "sma_20_sma_50_ratio": {
      "mean": 0.0010734604915910312,
      "std": 0.0343359286312714
    },
    "volume_z_score_20": {
      "mean": 0.018394128668173006,
      "std": 1.091089183722645
    },
    "atr_pct_14": {
      "mean": 2.335480363978873,
      "std": 0.6666843440734586
    },
    "realized_volatility_20": {
      "mean": 0.0690627589892519,
      "std": 0.027092538283035775
    },
    "rsi_14": {
      "mean": 50.94038294454861,
      "std": 11.828062130972448
    },
    "bollinger_percent_b_20_2": {
      "mean": 0.5241749385662616,
      "std": 0.333464341604336
    },
    "bollinger_bandwidth_20_2": {
      "mean": 0.10035162960220625,
      "std": 0.05321613475923415
    },
    "macd_hist_12_26_9": {
      "mean": 0.0008550836601245004,
      "std": 0.48660843264051723
    },
    "volume_trend_5_20": {
      "mean": 0.0026039803177792097,
      "std": 0.2801187951628555
    },
    "atr_ratio_5_20": {
      "mean": 0.9962009120206958,
      "std": 0.15131141229276315
    },
    "ret_kurt_20": {
      "mean": 1.6847730098753908,
      "std": 3.091350427704294
    },
    "up_streak_10": {
      "mean": 0.114375,
      "std": 0.15174423850826937
    },
    "vol_of_vol_20": {
      "mean": 0.0038694977817275013,
      "std": 0.003045921538167632
    }
  },
  "TRAIN_WINDOW": "2017-01-01 -> 2023-12-31",
  "LABEL_CONTRACT": "TripleBarrier.ATR.daily.v1",
  "MODEL_HASH": "6ad4418ef235247bf0c201b17a73f8685df44c154a42681659a93f972c90a092",
  "RANDOM_SEED": 42
}
