{
  "ticker": "FOX",
  "best_params": {
    "hidden": 32,
    "lr": 0.001,
    "dropout": 0.3,
    "weight_decay": 0.0001,
    "num_layers": 1,
    "refit_epochs": 5
  },
  "kelly_fraction": null,
  "THRESHOLD_ENTRY": 0.58,
  "DIRECTION_MODE": "both",
  "CALIBRATION": {
    "theta_entry": 0.58,
    "kelly_fraction": null,
    "direction_mode": "both",
    "oof_trades": 11,
    "trade_floor_met": true,
    "oof_log_growth": 0.3713413676420049
  },
  "cv_auc_pr": 0.45592901914367207,
  "cv_folds": 4,
  "SEQ_LEN": 60,
  "FEATURE_MANIFEST": [
    "log_return_1",
    "log_return_5",
    "log_return_20",
    "dist_to_sma_20",
    "dist_to_sma_50",
    "sma_20_sma_50_ratio",
    "volume_z_score_20",
    "atr_pct_14",
    "realized_volatility_20",
    "rsi_14",
    "bollinger_percent_b_20_2",
    "bollinger_bandwidth_20_2",
    "macd_hist_12_26_9",
    "return_120",
    "high_low_range_pct",
    "atr_ratio_5_20",
    "reversal_2d",
    "overnight_vol_20"
  ],
  "NORM_STATS": {
    "log_return_1": {
      "mean": 8.276647709221412e-06,
      "std": 0.02004833915577973
    },
    "log_return_5": {
      "mean": 1.4240544508617825e-05,
      "std": 0.0434563618861466
    },
    "log_return_20": {
      "mean": 6.154005868333176e-05,
      "std": 0.09111519505220392
    },
    "dist_to_sma_20": {
      "mean": 0.0006207505666964415,
      "std": 0.04900224068932646
    },
    "dist_to_sma_50": {
      "mean": 0.0016461913209010102,
      "std": 0.07802915538496315
    },
    "sma_20_sma_50_ratio": {
      "mean": 0.0003294720895401559,
      "std": 0.04850622190433125
    },
    "volume_z_score_20": {
      "mean": -0.010872676363018708,
      "std": 1.0694328323370859
    },
    "atr_pct_14": {
      "mean": 2.608133732286808,
      "std": 1.1028531054338402
    },
    "realized_volatility_20": {
      "mean": 0.07635925423939835,
      "std": 0.04248426203826049
    },
    "rsi_14": {
      "mean": 50.920302223738275,
      "std": 12.243782664531262
    },
    "bollinger_percent_b_20_2": {
      "mean": 0.5187340279147244,
      "std": 0.32945337350503506
    },
    "bollinger_bandwidth_20_2": {
      "mean": 0.11491617281562956,
      "std": 0.08645366082747652
    },
    "macd_hist_12_26_9": {
      "mean": -0.0005386557756366349,
      "std": 0.23461706179178096
    },
    "return_120": {
      "mean": 0.007035160553838431,
      "std": 0.18380251672629447
    },
    "high_low_range_pct": {
      "mean": 2.4787516742459443,
      "std": 1.5913503094835575
    },
    "atr_ratio_5_20": {
      "mean": 0.9890825178725072,
      "std": 0.17771969689516273
    },
    "reversal_2d": {
      "mean": -1.2910689131720128e-05,
      "std": 0.028257382128935762
    },
    "overnight_vol_20": {
      "mean": 0.008363526465472523,
      "std": 0.006483007764499842
    }
  },
  "TRAIN_WINDOW": "2017-01-01 -> 2023-12-31",
  "LABEL_CONTRACT": "TripleBarrier.ATR.daily.v1",
  "MODEL_HASH": "25ae2640ccc1103ae9cd3d08dd29daf5e6fd3ed5a58304b80c20cccece04b3c6",
  "RANDOM_SEED": 42
}
