{
  "ticker": "WRB",
  "best_params": {
    "hidden": 32,
    "lr": 0.001,
    "dropout": 0.3,
    "weight_decay": 0.0001,
    "num_layers": 1,
    "refit_epochs": 5
  },
  "kelly_fraction": null,
  "THRESHOLD_ENTRY": 0.6,
  "DIRECTION_MODE": "both",
  "CALIBRATION": {
    "theta_entry": 0.6,
    "kelly_fraction": null,
    "direction_mode": "both",
    "oof_trades": 9,
    "trade_floor_met": true,
    "oof_log_growth": 0.16955568243848987
  },
  "cv_auc_pr": 0.49897918264713603,
  "cv_folds": 4,
  "SEQ_LEN": 60,
  "FEATURE_MANIFEST": [
    "log_return_1",
    "log_return_5",
    "log_return_20",
    "dist_to_sma_20",
    "dist_to_sma_50",
    "sma_20_sma_50_ratio",
    "volume_z_score_20",
    "atr_pct_14",
    "realized_volatility_20",
    "rsi_14",
    "bollinger_percent_b_20_2",
    "bollinger_bandwidth_20_2",
    "macd_hist_12_26_9",
    "atr_ratio_5_20",
    "ret_skew_20",
    "trend_efficiency_20"
  ],
  "NORM_STATS": {
    "log_return_1": {
      "mean": 3.511376376535144e-05,
      "std": 0.021160658926885633
    },
    "log_return_5": {
      "mean": 0.0001556958758331791,
      "std": 0.044926371016143066
    },
    "log_return_20": {
      "mean": 0.0009613894375060471,
      "std": 0.08405451500207631
    },
    "dist_to_sma_20": {
      "mean": 0.000858347156625782,
      "std": 0.04591040719660272
    },
    "dist_to_sma_50": {
      "mean": 0.002529977613016508,
      "std": 0.06731906903651702
    },
    "sma_20_sma_50_ratio": {
      "mean": 0.0012856893866766985,
      "std": 0.04182772250529983
    },
    "volume_z_score_20": {
      "mean": 0.026971784301075226,
      "std": 1.073281914745747
    },
    "atr_pct_14": {
      "mean": 2.052469743053023,
      "std": 1.0021087024180442
    },
    "realized_volatility_20": {
      "mean": 0.06752873481795921,
      "std": 0.063524712617757
    },
    "rsi_14": {
      "mean": 52.26898284828319,
      "std": 11.808659361457655
    },
    "bollinger_percent_b_20_2": {
      "mean": 0.5571517543634752,
      "std": 0.331773228351728
    },
    "bollinger_bandwidth_20_2": {
      "mean": 0.09937528000086492,
      "std": 0.10366607513754639
    },
    "macd_hist_12_26_9": {
      "mean": -0.003059127200767671,
      "std": 0.47322885611939175
    },
    "atr_ratio_5_20": {
      "mean": 0.9917619551772031,
      "std": 0.18336484274523943
    },
    "ret_skew_20": {
      "mean": -0.20023783171445494,
      "std": 1.0145682620251875
    },
    "trend_efficiency_20": {
      "mean": 4.682228587385297,
      "std": 3.29678127696676
    }
  },
  "TRAIN_WINDOW": "2017-01-01 -> 2023-12-31",
  "LABEL_CONTRACT": "TripleBarrier.ATR.daily.v1",
  "MODEL_HASH": "0978178736dffbc9b5f6a2eed8a581acfe1ee1b5ba97382068d668d6c3101541",
  "RANDOM_SEED": 42
}
