{
  "ticker": "TMO",
  "best_params": {
    "hidden": 32,
    "lr": 0.001,
    "dropout": 0.3,
    "weight_decay": 0.0001,
    "num_layers": 1,
    "refit_epochs": 5
  },
  "kelly_fraction": null,
  "THRESHOLD_ENTRY": 0.5,
  "DIRECTION_MODE": "long_only",
  "CALIBRATION": {
    "theta_entry": 0.5,
    "kelly_fraction": null,
    "direction_mode": "long_only",
    "oof_trades": 93,
    "trade_floor_met": true,
    "oof_log_growth": 0.22361080598572552
  },
  "cv_auc_pr": 0.5430052205275503,
  "cv_folds": 4,
  "SEQ_LEN": 60,
  "FEATURE_MANIFEST": [
    "log_return_1",
    "log_return_5",
    "log_return_20",
    "dist_to_sma_20",
    "dist_to_sma_50",
    "sma_20_sma_50_ratio",
    "volume_z_score_20",
    "atr_pct_14",
    "realized_volatility_20",
    "rsi_14",
    "bollinger_percent_b_20_2",
    "bollinger_bandwidth_20_2",
    "macd_hist_12_26_9",
    "down_streak_10",
    "xas_rs_mkt_20",
    "zscore_close_20"
  ],
  "NORM_STATS": {
    "log_return_1": {
      "mean": 0.0007531434347193951,
      "std": 0.01654313145604298
    },
    "log_return_5": {
      "mean": 0.003754851764391687,
      "std": 0.034016738207493624
    },
    "log_return_20": {
      "mean": 0.014549029781021895,
      "std": 0.06290236515711947
    },
    "dist_to_sma_20": {
      "mean": 0.007309339325710587,
      "std": 0.03556874900702708
    },
    "dist_to_sma_50": {
      "mean": 0.018006636546592413,
      "std": 0.05257954016350693
    },
    "sma_20_sma_50_ratio": {
      "mean": 0.010383447644309344,
      "std": 0.031721607934578185
    },
    "volume_z_score_20": {
      "mean": 0.0015905920977557365,
      "std": 1.0927431364243592
    },
    "atr_pct_14": {
      "mean": 2.2021462727898315,
      "std": 0.7573197501941242
    },
    "realized_volatility_20": {
      "mean": 0.06650546282618751,
      "std": 0.029047948192195173
    },
    "rsi_14": {
      "mean": 54.241063510869076,
      "std": 11.650327249916428
    },
    "bollinger_percent_b_20_2": {
      "mean": 0.5800394067895558,
      "std": 0.3279820978499938
    },
    "bollinger_bandwidth_20_2": {
      "mean": 0.09859098725179301,
      "std": 0.04449746837539102
    },
    "macd_hist_12_26_9": {
      "mean": 0.0318372172286626,
      "std": 2.106776124047509
    },
    "down_streak_10": {
      "mean": 0.08488636363636363,
      "std": 0.13168052177163328
    },
    "xas_rs_mkt_20": {
      "mean": 0.008017751926958335,
      "std": 0.05363996876247389
    },
    "zscore_close_20": {
      "mean": 0.32015762715822327,
      "std": 1.3119283913999753
    }
  },
  "TRAIN_WINDOW": "2017-01-01 -> 2023-12-31",
  "LABEL_CONTRACT": "TripleBarrier.ATR.daily.v1",
  "MODEL_HASH": "c97b9ab69e834a7eae8eb7c66bc2c499e69ef2c8596c6e001e6937830b419f8f",
  "RANDOM_SEED": 42
}
