{
  "ticker": "PFG",
  "best_params": {
    "hidden": 32,
    "lr": 0.001,
    "dropout": 0.3,
    "weight_decay": 0.0001,
    "num_layers": 1,
    "refit_epochs": 5
  },
  "kelly_fraction": null,
  "THRESHOLD_ENTRY": 0.52,
  "DIRECTION_MODE": "both",
  "CALIBRATION": {
    "theta_entry": 0.52,
    "kelly_fraction": null,
    "direction_mode": "both",
    "oof_trades": 59,
    "trade_floor_met": true,
    "oof_log_growth": 0.5485346365353233
  },
  "cv_auc_pr": 0.4459385969207442,
  "cv_folds": 4,
  "SEQ_LEN": 60,
  "FEATURE_MANIFEST": [
    "log_return_1",
    "log_return_5",
    "log_return_20",
    "dist_to_sma_20",
    "dist_to_sma_50",
    "sma_20_sma_50_ratio",
    "volume_z_score_20",
    "atr_pct_14",
    "realized_volatility_20",
    "rsi_14",
    "bollinger_percent_b_20_2",
    "bollinger_bandwidth_20_2",
    "macd_hist_12_26_9",
    "dist_to_high_252",
    "up_streak_10",
    "vol_of_vol_20",
    "sma_slope_50_20",
    "ma_slope_10"
  ],
  "NORM_STATS": {
    "log_return_1": {
      "mean": 0.00017457580935629504,
      "std": 0.021923870641791104
    },
    "log_return_5": {
      "mean": 0.0008723673911372155,
      "std": 0.04902875834714513
    },
    "log_return_20": {
      "mean": 0.0030925030451980358,
      "std": 0.09792755020948432
    },
    "dist_to_sma_20": {
      "mean": 0.0022518765579639674,
      "std": 0.05227271994399171
    },
    "dist_to_sma_50": {
      "mean": 0.00533944504569171,
      "std": 0.08164666937360696
    },
    "sma_20_sma_50_ratio": {
      "mean": 0.0023132418874037223,
      "std": 0.05152781932153649
    },
    "volume_z_score_20": {
      "mean": -0.013856402486297983,
      "std": 1.0656731556894743
    },
    "atr_pct_14": {
      "mean": 2.635557598824518,
      "std": 1.317263908781156
    },
    "realized_volatility_20": {
      "mean": 0.080949925584509,
      "std": 0.05078730121930157
    },
    "rsi_14": {
      "mean": 51.56293336284041,
      "std": 11.290622359718316
    },
    "bollinger_percent_b_20_2": {
      "mean": 0.5360890107462576,
      "std": 0.3300741139222603
    },
    "bollinger_bandwidth_20_2": {
      "mean": 0.1228180606973897,
      "std": 0.09703036386234143
    },
    "macd_hist_12_26_9": {
      "mean": 0.002834890933224824,
      "std": 0.4096515703335053
    },
    "dist_to_high_252": {
      "mean": -0.14570154839203148,
      "std": 0.1195642545012689
    },
    "up_streak_10": {
      "mean": 0.10431818181818184,
      "std": 0.14275531716371337
    },
    "vol_of_vol_20": {
      "mean": 0.004113593955256633,
      "std": 0.0034656220071222167
    },
    "sma_slope_50_20": {
      "mean": 0.002829818989667779,
      "std": 0.05363505869541645
    },
    "ma_slope_10": {
      "mean": 0.00019407330615193148,
      "std": 0.0066809418324523424
    }
  },
  "TRAIN_WINDOW": "2017-01-01 -> 2023-12-31",
  "LABEL_CONTRACT": "TripleBarrier.ATR.daily.v1",
  "MODEL_HASH": "6d8ab3a655b5fae6e27189c5b440bc1dcab3d7912852fbb6ab1507978c2c74ef",
  "RANDOM_SEED": 42
}
