{
  "ticker": "CVX",
  "best_params": {
    "hidden": 32,
    "lr": 0.001,
    "dropout": 0.3,
    "weight_decay": 0.0001,
    "num_layers": 1,
    "refit_epochs": 5
  },
  "kelly_fraction": null,
  "THRESHOLD_ENTRY": 0.5,
  "DIRECTION_MODE": "both",
  "CALIBRATION": {
    "theta_entry": 0.5,
    "kelly_fraction": null,
    "direction_mode": "both",
    "oof_trades": 111,
    "trade_floor_met": true,
    "oof_log_growth": 0.5019267580633118
  },
  "cv_auc_pr": 0.4699846889726309,
  "cv_folds": 4,
  "SEQ_LEN": 60,
  "FEATURE_MANIFEST": [
    "log_return_1",
    "log_return_5",
    "log_return_20",
    "dist_to_sma_20",
    "dist_to_sma_50",
    "sma_20_sma_50_ratio",
    "volume_z_score_20",
    "atr_pct_14",
    "realized_volatility_20",
    "rsi_14",
    "bollinger_percent_b_20_2",
    "bollinger_bandwidth_20_2",
    "macd_hist_12_26_9",
    "volume_trend_5_20",
    "dist_to_high_252",
    "reversal_2d"
  ],
  "NORM_STATS": {
    "log_return_1": {
      "mean": 0.00013408072962781532,
      "std": 0.02019704339082678
    },
    "log_return_5": {
      "mean": 0.0006973228666716906,
      "std": 0.04297198514498248
    },
    "log_return_20": {
      "mean": 0.002663204623006743,
      "std": 0.08684836019821239
    },
    "dist_to_sma_20": {
      "mean": 0.0018205021380724423,
      "std": 0.04705406351142929
    },
    "dist_to_sma_50": {
      "mean": 0.004672878265287788,
      "std": 0.0703376601161454
    },
    "sma_20_sma_50_ratio": {
      "mean": 0.0024005446918405225,
      "std": 0.04413837033535275
    },
    "volume_z_score_20": {
      "mean": 0.008873135887659308,
      "std": 1.0816769125633434
    },
    "atr_pct_14": {
      "mean": 2.341122461592211,
      "std": 1.1716162911707344
    },
    "realized_volatility_20": {
      "mean": 0.07243739709800036,
      "std": 0.05023229481716856
    },
    "rsi_14": {
      "mean": 51.18289025232111,
      "std": 11.944452762878615
    },
    "bollinger_percent_b_20_2": {
      "mean": 0.5186656003021012,
      "std": 0.33231214578253554
    },
    "bollinger_bandwidth_20_2": {
      "mean": 0.1097533484769101,
      "std": 0.08582639272855788
    },
    "macd_hist_12_26_9": {
      "mean": -0.004190797977890988,
      "std": 0.7752150915684737
    },
    "volume_trend_5_20": {
      "mean": 0.005004876739910431,
      "std": 0.20327789190081932
    },
    "dist_to_high_252": {
      "mean": -0.12329982433067904,
      "std": 0.09766216132109065
    },
    "reversal_2d": {
      "mean": -0.00027049475728287825,
      "std": 0.026964840779261576
    }
  },
  "TRAIN_WINDOW": "2017-01-01 -> 2023-12-31",
  "LABEL_CONTRACT": "TripleBarrier.ATR.daily.v1",
  "MODEL_HASH": "9791afa991e5c62b6cf51c21fa77e3610e2b4f46b638f5275a2593f92e76a5fd",
  "RANDOM_SEED": 42
}
