{
  "ticker": "CSGP",
  "best_params": {
    "hidden": 32,
    "lr": 0.001,
    "dropout": 0.3,
    "weight_decay": 0.0001,
    "num_layers": 1,
    "refit_epochs": 5
  },
  "kelly_fraction": null,
  "THRESHOLD_ENTRY": 0.52,
  "DIRECTION_MODE": "long_only",
  "CALIBRATION": {
    "theta_entry": 0.52,
    "kelly_fraction": null,
    "direction_mode": "long_only",
    "oof_trades": 95,
    "trade_floor_met": true,
    "oof_log_growth": 0.4740896181434219
  },
  "cv_auc_pr": 0.4976576339830905,
  "cv_folds": 4,
  "SEQ_LEN": 60,
  "FEATURE_MANIFEST": [
    "log_return_1",
    "log_return_5",
    "log_return_20",
    "dist_to_sma_20",
    "dist_to_sma_50",
    "sma_20_sma_50_ratio",
    "volume_z_score_20",
    "atr_pct_14",
    "realized_volatility_20",
    "rsi_14",
    "bollinger_percent_b_20_2",
    "bollinger_bandwidth_20_2",
    "macd_hist_12_26_9",
    "return_120",
    "rsi_2",
    "dist_to_sma_10",
    "range_compression_60",
    "overnight_vol_20",
    "sma_slope_50_20"
  ],
  "NORM_STATS": {
    "log_return_1": {
      "mean": -0.00043614243137121185,
      "std": 0.05935313939551598
    },
    "log_return_5": {
      "mean": -0.0021960236853398995,
      "std": 0.13383384808213553
    },
    "log_return_20": {
      "mean": -0.008997907656761693,
      "std": 0.25902279922397864
    },
    "dist_to_sma_20": {
      "mean": 0.0005107070250487248,
      "std": 0.09302424923642744
    },
    "dist_to_sma_50": {
      "mean": 0.0010115157198586709,
      "std": 0.1480820476884857
    },
    "sma_20_sma_50_ratio": {
      "mean": -0.00268021458735545,
      "std": 0.10919051669625202
    },
    "volume_z_score_20": {
      "mean": 0.021517909258470275,
      "std": 1.0936838136493847
    },
    "atr_pct_14": {
      "mean": 3.3683002427550193,
      "std": 5.551404974893919
    },
    "realized_volatility_20": {
      "mean": 0.10580664640115435,
      "std": 0.23643805294102946
    },
    "rsi_14": {
      "mean": 52.81614394484036,
      "std": 14.107693672169486
    },
    "bollinger_percent_b_20_2": {
      "mean": 0.5788606591897325,
      "std": 0.32843549149019047
    },
    "bollinger_bandwidth_20_2": {
      "mean": 0.157810339118899,
      "std": 0.3792426057779583
    },
    "macd_hist_12_26_9": {
      "mean": 0.006315112689223013,
      "std": 7.034915247054661
    },
    "return_120": {
      "mean": -0.06243498845926107,
      "std": 0.6348119898858035
    },
    "rsi_2": {
      "mean": 53.93827798327724,
      "std": 31.271202650680134
    },
    "dist_to_sma_10": {
      "mean": 0.0002834313231213324,
      "std": 0.06525693320641746
    },
    "range_compression_60": {
      "mean": 0.5064488636363635,
      "std": 0.29809938225909516
    },
    "overnight_vol_20": {
      "mean": 0.011410594503948436,
      "std": 0.021451730522094505
    },
    "sma_slope_50_20": {
      "mean": -0.010221762215512051,
      "std": 0.16196870931162993
    }
  },
  "TRAIN_WINDOW": "2017-01-01 -> 2023-12-31",
  "LABEL_CONTRACT": "TripleBarrier.ATR.daily.v1",
  "MODEL_HASH": "d9af2dc3f6f0baada2beb286ee4a24ab5cee3c3b1d32f8d239eeffbe00ebf184",
  "RANDOM_SEED": 42
}
