{
  "ticker": "D",
  "best_params": {
    "hidden": 32,
    "lr": 0.001,
    "dropout": 0.3,
    "weight_decay": 0.0001,
    "num_layers": 1,
    "refit_epochs": 5
  },
  "kelly_fraction": null,
  "THRESHOLD_ENTRY": 0.5,
  "DIRECTION_MODE": "long_only",
  "CALIBRATION": {
    "theta_entry": 0.5,
    "kelly_fraction": null,
    "direction_mode": "long_only",
    "oof_trades": 85,
    "trade_floor_met": true,
    "oof_log_growth": 0.1563678255214385
  },
  "cv_auc_pr": 0.48388660151353013,
  "cv_folds": 4,
  "SEQ_LEN": 60,
  "FEATURE_MANIFEST": [
    "log_return_1",
    "log_return_5",
    "log_return_20",
    "dist_to_sma_20",
    "dist_to_sma_50",
    "sma_20_sma_50_ratio",
    "volume_z_score_20",
    "atr_pct_14",
    "realized_volatility_20",
    "rsi_14",
    "bollinger_percent_b_20_2",
    "bollinger_bandwidth_20_2",
    "macd_hist_12_26_9",
    "return_120",
    "down_streak_10",
    "range_compression_60",
    "vol_scaled_momentum_20",
    "trend_align_5_10",
    "bb_bandwidth_20"
  ],
  "NORM_STATS": {
    "log_return_1": {
      "mean": -0.0002775281108161842,
      "std": 0.015501547603271291
    },
    "log_return_5": {
      "mean": -0.001396817804767499,
      "std": 0.031466619826732906
    },
    "log_return_20": {
      "mean": -0.005264619051122989,
      "std": 0.05910168200052575
    },
    "dist_to_sma_20": {
      "mean": -0.0023060039310593737,
      "std": 0.032963809984058665
    },
    "dist_to_sma_50": {
      "mean": -0.005972396726215576,
      "std": 0.048543688485473385
    },
    "sma_20_sma_50_ratio": {
      "mean": -0.0038930425643164037,
      "std": 0.029861355697356373
    },
    "volume_z_score_20": {
      "mean": 0.023398876001431562,
      "std": 1.098718211087041
    },
    "atr_pct_14": {
      "mean": 1.938684093482346,
      "std": 0.9126982415159772
    },
    "realized_volatility_20": {
      "mean": 0.055734069016451004,
      "std": 0.03896069246126441
    },
    "rsi_14": {
      "mean": 49.909969254068145,
      "std": 11.270051256693767
    },
    "bollinger_percent_b_20_2": {
      "mean": 0.5040128899276543,
      "std": 0.3321124420515007
    },
    "bollinger_bandwidth_20_2": {
      "mean": 0.08271923294250139,
      "std": 0.0566981648993658
    },
    "macd_hist_12_26_9": {
      "mean": -0.0005773882963033807,
      "std": 0.33186521701644717
    },
    "return_120": {
      "mean": -0.032009839823218755,
      "std": 0.1196318849421967
    },
    "down_streak_10": {
      "mean": 0.0875568181818182,
      "std": 0.11898599592489725
    },
    "range_compression_60": {
      "mean": 0.5020170454545455,
      "std": 0.29565434783936656
    },
    "vol_scaled_momentum_20": {
      "mean": 0.07970224453257684,
      "std": 4.044277995121075
    },
    "trend_align_5_10": {
      "mean": 0.4659090909090909,
      "std": 0.8816160733711962
    },
    "bb_bandwidth_20": {
      "mean": 0.02067980823562534,
      "std": 0.01417454122484145
    }
  },
  "TRAIN_WINDOW": "2017-01-01 -> 2023-12-31",
  "LABEL_CONTRACT": "TripleBarrier.ATR.daily.v1",
  "MODEL_HASH": "dc231bac800d72426946215944bb24e0f5ae49cbb6d4eccdf26044093f668303",
  "RANDOM_SEED": 42
}
