{
  "ticker": "MNST",
  "best_params": {
    "hidden": 32,
    "lr": 0.001,
    "dropout": 0.3,
    "weight_decay": 0.0001,
    "num_layers": 1,
    "refit_epochs": 5
  },
  "kelly_fraction": null,
  "THRESHOLD_ENTRY": 0.54,
  "DIRECTION_MODE": "both",
  "CALIBRATION": {
    "theta_entry": 0.54,
    "kelly_fraction": null,
    "direction_mode": "both",
    "oof_trades": 29,
    "trade_floor_met": true,
    "oof_log_growth": 0.44891049436606545
  },
  "cv_auc_pr": 0.5042445187631657,
  "cv_folds": 4,
  "SEQ_LEN": 60,
  "FEATURE_MANIFEST": [
    "log_return_1",
    "log_return_5",
    "log_return_20",
    "dist_to_sma_20",
    "dist_to_sma_50",
    "sma_20_sma_50_ratio",
    "volume_z_score_20",
    "atr_pct_14",
    "realized_volatility_20",
    "rsi_14",
    "bollinger_percent_b_20_2",
    "bollinger_bandwidth_20_2",
    "macd_hist_12_26_9",
    "gap_open_z20",
    "obv_z20",
    "price_volume_rank_divergence",
    "sma_slope_50_20",
    "day_range_pos_20"
  ],
  "NORM_STATS": {
    "log_return_1": {
      "mean": 0.0001490804640293237,
      "std": 0.023998003528900084
    },
    "log_return_5": {
      "mean": 0.0006690041013088833,
      "std": 0.05053584291871539
    },
    "log_return_20": {
      "mean": 0.002512288429009792,
      "std": 0.09988247950386757
    },
    "dist_to_sma_20": {
      "mean": 0.0019380147394487774,
      "std": 0.05169167770416753
    },
    "dist_to_sma_50": {
      "mean": 0.0028093681540766625,
      "std": 0.08085398596300632
    },
    "sma_20_sma_50_ratio": {
      "mean": 0.00029877522808431796,
      "std": 0.05469116793133834
    },
    "volume_z_score_20": {
      "mean": 0.026445028361605383,
      "std": 1.0859477308006256
    },
    "atr_pct_14": {
      "mean": 2.3078762954913032,
      "std": 0.8962308233866797
    },
    "realized_volatility_20": {
      "mean": 0.07475921095173733,
      "std": 0.07376517723921339
    },
    "rsi_14": {
      "mean": 52.17727742005521,
      "std": 12.884435569663268
    },
    "bollinger_percent_b_20_2": {
      "mean": 0.5545331654409636,
      "std": 0.33991019873286754
    },
    "bollinger_bandwidth_20_2": {
      "mean": 0.11203233933048622,
      "std": 0.11967181602484855
    },
    "macd_hist_12_26_9": {
      "mean": 0.020819762155769198,
      "std": 0.5737718033251223
    },
    "gap_open_z20": {
      "mean": -0.002789059219217146,
      "std": 1.0077452516121268
    },
    "obv_z20": {
      "mean": 0.2800433094987126,
      "std": 1.3324112147959135
    },
    "price_volume_rank_divergence": {
      "mean": 0.07420454545454545,
      "std": 0.5053204914410734
    },
    "sma_slope_50_20": {
      "mean": -0.006228222393207589,
      "std": 0.0822481665219762
    },
    "day_range_pos_20": {
      "mean": 0.5640554863582973,
      "std": 0.3003457909145221
    }
  },
  "TRAIN_WINDOW": "2017-01-01 -> 2023-12-31",
  "LABEL_CONTRACT": "TripleBarrier.ATR.daily.v1",
  "MODEL_HASH": "a34d2677e4e130a96da77dcd88dc9e55fb7b1804bf24ce053f8d44f7f8319937",
  "RANDOM_SEED": 42
}
