{
  "ticker": "CVNA",
  "best_params": {
    "hidden": 32,
    "lr": 0.001,
    "dropout": 0.3,
    "weight_decay": 0.0001,
    "num_layers": 1,
    "refit_epochs": 5
  },
  "kelly_fraction": null,
  "THRESHOLD_ENTRY": 0.5,
  "DIRECTION_MODE": "both",
  "CALIBRATION": {
    "theta_entry": 0.5,
    "kelly_fraction": null,
    "direction_mode": "both",
    "oof_trades": 109,
    "trade_floor_met": true,
    "oof_log_growth": 3.6269099579513426
  },
  "cv_auc_pr": 0.4929090229335106,
  "cv_folds": 4,
  "SEQ_LEN": 60,
  "FEATURE_MANIFEST": [
    "log_return_1",
    "log_return_5",
    "log_return_20",
    "dist_to_sma_20",
    "dist_to_sma_50",
    "sma_20_sma_50_ratio",
    "volume_z_score_20",
    "atr_pct_14",
    "realized_volatility_20",
    "rsi_14",
    "bollinger_percent_b_20_2",
    "bollinger_bandwidth_20_2",
    "macd_hist_12_26_9",
    "volume_trend_5_20",
    "xas_mkt_lead_ret_1",
    "downside_vol_20",
    "day_range_pos_20",
    "zscore_close_20"
  ],
  "NORM_STATS": {
    "log_return_1": {
      "mean": 0.000924601141399715,
      "std": 0.06603025210025158
    },
    "log_return_5": {
      "mean": 0.0050095764981683685,
      "std": 0.1488100557448303
    },
    "log_return_20": {
      "mean": 0.017727220064874767,
      "std": 0.31897843024784767
    },
    "dist_to_sma_20": {
      "mean": 0.01610302489413017,
      "std": 0.17363933202181803
    },
    "dist_to_sma_50": {
      "mean": 0.03756481469065204,
      "std": 0.29344234211189585
    },
    "sma_20_sma_50_ratio": {
      "mean": 0.01242470619036579,
      "std": 0.1786064698627021
    },
    "volume_z_score_20": {
      "mean": 0.021150034307358564,
      "std": 1.0879320803426804
    },
    "atr_pct_14": {
      "mean": 8.686606604787734,
      "std": 5.257640959161375
    },
    "realized_volatility_20": {
      "mean": 0.24765811914935337,
      "std": 0.14415830742631275
    },
    "rsi_14": {
      "mean": 51.494290251277484,
      "std": 13.724153453861609
    },
    "bollinger_percent_b_20_2": {
      "mean": 0.5341988014321901,
      "std": 0.34302926628414443
    },
    "bollinger_bandwidth_20_2": {
      "mean": 0.40651670731944567,
      "std": 0.2749654153669336
    },
    "macd_hist_12_26_9": {
      "mean": 0.012041514351475685,
      "std": 1.6124120858190216
    },
    "volume_trend_5_20": {
      "mean": 0.018996440616088895,
      "std": 0.36917643053485144
    },
    "xas_mkt_lead_ret_1": {
      "mean": 0.00031873283884459774,
      "std": 0.012983640253619588
    },
    "downside_vol_20": {
      "mean": 0.030789934022477792,
      "std": 0.020788133960976098
    },
    "day_range_pos_20": {
      "mean": 0.5083572018622663,
      "std": 0.31369588027546097
    },
    "zscore_close_20": {
      "mean": 0.13679520572876006,
      "std": 1.372117065136578
    }
  },
  "TRAIN_WINDOW": "2017-01-01 -> 2023-12-31",
  "LABEL_CONTRACT": "TripleBarrier.ATR.daily.v1",
  "MODEL_HASH": "18b2f5ca43587f7694c7ce60a8c0222ff368261f48b70bdb4ae8fdfa3de921a7",
  "RANDOM_SEED": 42
}
