{
  "ticker": "SJM",
  "best_params": {
    "hidden": 32,
    "lr": 0.001,
    "dropout": 0.3,
    "weight_decay": 0.0001,
    "num_layers": 1,
    "refit_epochs": 5
  },
  "kelly_fraction": null,
  "THRESHOLD_ENTRY": 0.52,
  "DIRECTION_MODE": "both",
  "CALIBRATION": {
    "theta_entry": 0.52,
    "kelly_fraction": null,
    "direction_mode": "both",
    "oof_trades": 39,
    "trade_floor_met": true,
    "oof_log_growth": -0.10335534089070234
  },
  "cv_auc_pr": 0.39905671107319557,
  "cv_folds": 4,
  "SEQ_LEN": 60,
  "FEATURE_MANIFEST": [
    "log_return_1",
    "log_return_5",
    "log_return_20",
    "dist_to_sma_20",
    "dist_to_sma_50",
    "sma_20_sma_50_ratio",
    "volume_z_score_20",
    "atr_pct_14",
    "realized_volatility_20",
    "rsi_14",
    "bollinger_percent_b_20_2",
    "bollinger_bandwidth_20_2",
    "macd_hist_12_26_9",
    "obv_z20",
    "vol_regime_20_60",
    "downside_upside_vol_ratio_20"
  ],
  "NORM_STATS": {
    "log_return_1": {
      "mean": -7.553656206630218e-06,
      "std": 0.01510387058189351
    },
    "log_return_5": {
      "mean": -7.233950051330918e-05,
      "std": 0.03145353341811964
    },
    "log_return_20": {
      "mean": -0.0005954965298424869,
      "std": 0.0576670566961052
    },
    "dist_to_sma_20": {
      "mean": 3.1972869613235417e-05,
      "std": 0.03272908522319045
    },
    "dist_to_sma_50": {
      "mean": -0.00048752858088609106,
      "std": 0.05129892874323692
    },
    "sma_20_sma_50_ratio": {
      "mean": -0.0008349040444967695,
      "std": 0.030605967429355493
    },
    "volume_z_score_20": {
      "mean": 0.02910592191188569,
      "std": 1.1043057479714629
    },
    "atr_pct_14": {
      "mean": 2.0775320514721303,
      "std": 0.6685050083907915
    },
    "realized_volatility_20": {
      "mean": 0.06014567878196189,
      "std": 0.027754101212026875
    },
    "rsi_14": {
      "mean": 49.8523455466638,
      "std": 12.305889847034882
    },
    "bollinger_percent_b_20_2": {
      "mean": 0.5157160358391746,
      "std": 0.3333409614744256
    },
    "bollinger_bandwidth_20_2": {
      "mean": 0.08853833650519774,
      "std": 0.04533718838702461
    },
    "macd_hist_12_26_9": {
      "mean": 0.006331678676515313,
      "std": 0.541673375190265
    },
    "obv_z20": {
      "mean": 0.15520494324171796,
      "std": 1.3480143494252954
    },
    "vol_regime_20_60": {
      "mean": 0.9504608512816625,
      "std": 0.2691347946158086
    },
    "downside_upside_vol_ratio_20": {
      "mean": 1.0897702444043802,
      "std": 0.6870211167861091
    }
  },
  "TRAIN_WINDOW": "2017-01-01 -> 2023-12-31",
  "LABEL_CONTRACT": "TripleBarrier.ATR.daily.v1",
  "MODEL_HASH": "030b312e9115f455e142008af0e032d6a1f22d471875a43ec96266e2dfec4f6e",
  "RANDOM_SEED": 42
}
