{
  "ticker": "CTVA",
  "best_params": {
    "hidden": 32,
    "lr": 0.001,
    "dropout": 0.3,
    "weight_decay": 0.0001,
    "num_layers": 1,
    "refit_epochs": 5
  },
  "kelly_fraction": null,
  "THRESHOLD_ENTRY": 0.52,
  "DIRECTION_MODE": "both",
  "CALIBRATION": {
    "theta_entry": 0.52,
    "kelly_fraction": null,
    "direction_mode": "both",
    "oof_trades": 24,
    "trade_floor_met": true,
    "oof_log_growth": 0.02760996310960033
  },
  "cv_auc_pr": 0.4245129478594103,
  "cv_folds": 4,
  "SEQ_LEN": 60,
  "FEATURE_MANIFEST": [
    "log_return_1",
    "log_return_5",
    "log_return_20",
    "dist_to_sma_20",
    "dist_to_sma_50",
    "sma_20_sma_50_ratio",
    "volume_z_score_20",
    "atr_pct_14",
    "realized_volatility_20",
    "rsi_14",
    "bollinger_percent_b_20_2",
    "bollinger_bandwidth_20_2",
    "macd_hist_12_26_9",
    "return_120",
    "volume_trend_5_20",
    "range_compression_60",
    "illiquidity_amihud_20"
  ],
  "NORM_STATS": {
    "log_return_1": {
      "mean": 0.0005763637037348913,
      "std": 0.02210198102820947
    },
    "log_return_5": {
      "mean": 0.002553919835343135,
      "std": 0.04618300630910468
    },
    "log_return_20": {
      "mean": 0.009623612868409601,
      "std": 0.08068780122457574
    },
    "dist_to_sma_20": {
      "mean": 0.005069861959952856,
      "std": 0.0473487023765426
    },
    "dist_to_sma_50": {
      "mean": 0.01170214527532173,
      "std": 0.06696465520276362
    },
    "sma_20_sma_50_ratio": {
      "mean": 0.006966559208678775,
      "std": 0.03921438239717148
    },
    "volume_z_score_20": {
      "mean": -0.007762101908401767,
      "std": 1.0916861616181905
    },
    "atr_pct_14": {
      "mean": 2.992109411713315,
      "std": 1.1507714308406793
    },
    "realized_volatility_20": {
      "mean": 0.08678927457837735,
      "std": 0.041846338512101136
    },
    "rsi_14": {
      "mean": 52.44334287864366,
      "std": 11.736444935837554
    },
    "bollinger_percent_b_20_2": {
      "mean": 0.5261690419079544,
      "std": 0.32659840118435624
    },
    "bollinger_bandwidth_20_2": {
      "mean": 0.12869020925201866,
      "std": 0.06707948370210255
    },
    "macd_hist_12_26_9": {
      "mean": -0.001137425850648576,
      "std": 0.28349549390612677
    },
    "return_120": {
      "mean": 0.06818479057180257,
      "std": 0.1811929544821456
    },
    "volume_trend_5_20": {
      "mean": -0.0015397267516961538,
      "std": 0.24147026722206233
    },
    "range_compression_60": {
      "mean": 0.49961948249619487,
      "std": 0.29459292193796394
    },
    "illiquidity_amihud_20": {
      "mean": 0.0010186670127655196,
      "std": 0.00048522469541123595
    }
  },
  "TRAIN_WINDOW": "2017-01-01 -> 2023-12-31",
  "LABEL_CONTRACT": "TripleBarrier.ATR.daily.v1",
  "MODEL_HASH": "5d73a8abe414a8c1a3bd535a4435b9216fa289e49dc96e3ae904c08d47f6bcc2",
  "RANDOM_SEED": 42
}
