{
  "ticker": "XEL",
  "best_params": {
    "hidden": 32,
    "lr": 0.001,
    "dropout": 0.3,
    "weight_decay": 0.0001,
    "num_layers": 1,
    "refit_epochs": 5
  },
  "kelly_fraction": null,
  "THRESHOLD_ENTRY": 0.58,
  "DIRECTION_MODE": "both",
  "CALIBRATION": {
    "theta_entry": 0.58,
    "kelly_fraction": null,
    "direction_mode": "both",
    "oof_trades": 21,
    "trade_floor_met": true,
    "oof_log_growth": 0.4043583620357706
  },
  "cv_auc_pr": 0.5141678425787599,
  "cv_folds": 4,
  "SEQ_LEN": 60,
  "FEATURE_MANIFEST": [
    "log_return_1",
    "log_return_5",
    "log_return_20",
    "dist_to_sma_20",
    "dist_to_sma_50",
    "sma_20_sma_50_ratio",
    "volume_z_score_20",
    "atr_pct_14",
    "realized_volatility_20",
    "rsi_14",
    "bollinger_percent_b_20_2",
    "bollinger_bandwidth_20_2",
    "macd_hist_12_26_9",
    "close_position_in_range",
    "dist_to_high_252",
    "range_compression_60",
    "momentum_acceleration_10"
  ],
  "NORM_STATS": {
    "log_return_1": {
      "mean": 0.00023804678709595057,
      "std": 0.014010314730672555
    },
    "log_return_5": {
      "mean": 0.0011948796390959342,
      "std": 0.029362147332519253
    },
    "log_return_20": {
      "mean": 0.0048897382268293455,
      "std": 0.0566807987666703
    },
    "dist_to_sma_20": {
      "mean": 0.0025089842895123357,
      "std": 0.03155636585252714
    },
    "dist_to_sma_50": {
      "mean": 0.006375109125415787,
      "std": 0.045941365475397775
    },
    "sma_20_sma_50_ratio": {
      "mean": 0.0036936234253164843,
      "std": 0.02834684277887662
    },
    "volume_z_score_20": {
      "mean": 0.01208788996718993,
      "std": 1.058900739910125
    },
    "atr_pct_14": {
      "mean": 1.8846601665054188,
      "std": 0.8312208901873264
    },
    "realized_volatility_20": {
      "mean": 0.05206373386413787,
      "std": 0.032394623935920235
    },
    "rsi_14": {
      "mean": 52.59745730500139,
      "std": 12.11667677953986
    },
    "bollinger_percent_b_20_2": {
      "mean": 0.5565472071894799,
      "std": 0.33206898080549346
    },
    "bollinger_bandwidth_20_2": {
      "mean": 0.08020301549351636,
      "std": 0.05025403869711103
    },
    "macd_hist_12_26_9": {
      "mean": 0.0005445764476360201,
      "std": 0.2886803208244301
    },
    "close_position_in_range": {
      "mean": 0.5375096343397024,
      "std": 0.30063825514993714
    },
    "dist_to_high_252": {
      "mean": -0.08955076545755739,
      "std": 0.06384127137193453
    },
    "range_compression_60": {
      "mean": 0.5060132575757575,
      "std": 0.29531749064148255
    },
    "momentum_acceleration_10": {
      "mean": -0.00014361547365090738,
      "std": 0.06045987838152566
    }
  },
  "TRAIN_WINDOW": "2017-01-01 -> 2023-12-31",
  "LABEL_CONTRACT": "TripleBarrier.ATR.daily.v1",
  "MODEL_HASH": "41c947377972ea13c5a303d6d01f47b129f268fd9f68f5869d2c758a6df05ab1",
  "RANDOM_SEED": 42
}
