{
  "ticker": "HD",
  "best_params": {
    "hidden": 32,
    "lr": 0.001,
    "dropout": 0.3,
    "weight_decay": 0.0001,
    "num_layers": 1,
    "refit_epochs": 5
  },
  "kelly_fraction": null,
  "THRESHOLD_ENTRY": 0.56,
  "DIRECTION_MODE": "both",
  "CALIBRATION": {
    "theta_entry": 0.56,
    "kelly_fraction": null,
    "direction_mode": "both",
    "oof_trades": 46,
    "trade_floor_met": true,
    "oof_log_growth": 0.33895557478274213
  },
  "cv_auc_pr": 0.517459410645929,
  "cv_folds": 4,
  "SEQ_LEN": 60,
  "FEATURE_MANIFEST": [
    "log_return_1",
    "log_return_5",
    "log_return_20",
    "dist_to_sma_20",
    "dist_to_sma_50",
    "sma_20_sma_50_ratio",
    "volume_z_score_20",
    "atr_pct_14",
    "realized_volatility_20",
    "rsi_14",
    "bollinger_percent_b_20_2",
    "bollinger_bandwidth_20_2",
    "macd_hist_12_26_9",
    "atr_ratio_5_20",
    "ret_kurt_20",
    "dist_to_sma_200",
    "overnight_vol_20"
  ],
  "NORM_STATS": {
    "log_return_1": {
      "mean": 0.0005393049753661075,
      "std": 0.016574069868373464
    },
    "log_return_5": {
      "mean": 0.0026929491667292064,
      "std": 0.03611051969205634
    },
    "log_return_20": {
      "mean": 0.010558257411602396,
      "std": 0.07079583884644375
    },
    "dist_to_sma_20": {
      "mean": 0.005429711934938574,
      "std": 0.038511741363504576
    },
    "dist_to_sma_50": {
      "mean": 0.013580892335890563,
      "std": 0.0615113654848077
    },
    "sma_20_sma_50_ratio": {
      "mean": 0.007681742405182563,
      "std": 0.037777769764459165
    },
    "volume_z_score_20": {
      "mean": -0.03451582184199648,
      "std": 1.0876328690485975
    },
    "atr_pct_14": {
      "mean": 2.06136480820963,
      "std": 0.9630133538428648
    },
    "realized_volatility_20": {
      "mean": 0.0607886788343568,
      "std": 0.039296459741432935
    },
    "rsi_14": {
      "mean": 54.16803170773248,
      "std": 13.006014564102752
    },
    "bollinger_percent_b_20_2": {
      "mean": 0.5682828122168057,
      "std": 0.3346432357276522
    },
    "bollinger_bandwidth_20_2": {
      "mean": 0.09707943150404548,
      "std": 0.06188560727497806
    },
    "macd_hist_12_26_9": {
      "mean": 0.02083160291144447,
      "std": 1.364514346573965
    },
    "atr_ratio_5_20": {
      "mean": 0.9995030961417143,
      "std": 0.16542472927199126
    },
    "ret_kurt_20": {
      "mean": 0.9185076774623887,
      "std": 2.0526703158214548
    },
    "dist_to_sma_200": {
      "mean": 0.0517139691364753,
      "std": 0.09500409570446158
    },
    "overnight_vol_20": {
      "mean": 0.006760757716870501,
      "std": 0.004927615339501946
    }
  },
  "TRAIN_WINDOW": "2017-01-01 -> 2023-12-31",
  "LABEL_CONTRACT": "TripleBarrier.ATR.daily.v1",
  "MODEL_HASH": "c63ea14a08e450062478b8ec9a7df2b76f024daf228ffa93a19377eb8b89799a",
  "RANDOM_SEED": 42
}
