{
  "ticker": "MSCI",
  "best_params": {
    "hidden": 32,
    "lr": 0.001,
    "dropout": 0.3,
    "weight_decay": 0.0001,
    "num_layers": 1,
    "refit_epochs": 5
  },
  "kelly_fraction": null,
  "THRESHOLD_ENTRY": 0.52,
  "DIRECTION_MODE": "both",
  "CALIBRATION": {
    "theta_entry": 0.52,
    "kelly_fraction": null,
    "direction_mode": "both",
    "oof_trades": 86,
    "trade_floor_met": true,
    "oof_log_growth": 1.109442439669284
  },
  "cv_auc_pr": 0.5504688025451727,
  "cv_folds": 4,
  "SEQ_LEN": 60,
  "FEATURE_MANIFEST": [
    "log_return_1",
    "log_return_5",
    "log_return_20",
    "dist_to_sma_20",
    "dist_to_sma_50",
    "sma_20_sma_50_ratio",
    "volume_z_score_20",
    "atr_pct_14",
    "realized_volatility_20",
    "rsi_14",
    "bollinger_percent_b_20_2",
    "bollinger_bandwidth_20_2",
    "macd_hist_12_26_9",
    "return_120",
    "downside_vol_20",
    "range_compression_60",
    "overnight_vol_20",
    "stochastic_k_20"
  ],
  "NORM_STATS": {
    "log_return_1": {
      "mean": 0.001119592060170727,
      "std": 0.02062756333679655
    },
    "log_return_5": {
      "mean": 0.005603129059123356,
      "std": 0.042262082230319346
    },
    "log_return_20": {
      "mean": 0.021679190595770587,
      "std": 0.08172030455639151
    },
    "dist_to_sma_20": {
      "mean": 0.010934093751596964,
      "std": 0.04575918321697163
    },
    "dist_to_sma_50": {
      "mean": 0.02765526271990623,
      "std": 0.06913709708784245
    },
    "sma_20_sma_50_ratio": {
      "mean": 0.01610656005600462,
      "std": 0.04172830447248096
    },
    "volume_z_score_20": {
      "mean": 0.0040736275026041074,
      "std": 1.1127060866072342
    },
    "atr_pct_14": {
      "mean": 2.6066480144257484,
      "std": 0.9752489690029397
    },
    "realized_volatility_20": {
      "mean": 0.0798951576654406,
      "std": 0.04215871566456553
    },
    "rsi_14": {
      "mean": 55.522667658378175,
      "std": 12.143484570338806
    },
    "bollinger_percent_b_20_2": {
      "mean": 0.5998219351015333,
      "std": 0.32631520588118607
    },
    "bollinger_bandwidth_20_2": {
      "mean": 0.1217636252871182,
      "std": 0.06462070058497325
    },
    "macd_hist_12_26_9": {
      "mean": 0.023680498357184724,
      "std": 2.5433456600927666
    },
    "return_120": {
      "mean": 0.12547161709241045,
      "std": 0.17894017315231397
    },
    "downside_vol_20": {
      "mean": 0.010165486435049373,
      "std": 0.006285914766471924
    },
    "range_compression_60": {
      "mean": 0.5241098484848485,
      "std": 0.2926538972743675
    },
    "overnight_vol_20": {
      "mean": 0.008654955107178971,
      "std": 0.005856438395320128
    },
    "stochastic_k_20": {
      "mean": 0.6009074514512297,
      "std": 0.2965020515457301
    }
  },
  "TRAIN_WINDOW": "2017-01-01 -> 2023-12-31",
  "LABEL_CONTRACT": "TripleBarrier.ATR.daily.v1",
  "MODEL_HASH": "6b1bc55d3f252c0e7273516b8e41ec0f890331fdf4a39207c2da2fb14346f039",
  "RANDOM_SEED": 42
}
