{
  "ticker": "EME",
  "best_params": {
    "hidden": 32,
    "lr": 0.001,
    "dropout": 0.3,
    "weight_decay": 0.0001,
    "num_layers": 1,
    "refit_epochs": 5
  },
  "kelly_fraction": null,
  "THRESHOLD_ENTRY": 0.54,
  "DIRECTION_MODE": "both",
  "CALIBRATION": {
    "theta_entry": 0.54,
    "kelly_fraction": null,
    "direction_mode": "both",
    "oof_trades": 29,
    "trade_floor_met": true,
    "oof_log_growth": 0.6699536273111016
  },
  "cv_auc_pr": 0.5054765791003465,
  "cv_folds": 4,
  "SEQ_LEN": 60,
  "FEATURE_MANIFEST": [
    "log_return_1",
    "log_return_5",
    "log_return_20",
    "dist_to_sma_20",
    "dist_to_sma_50",
    "sma_20_sma_50_ratio",
    "volume_z_score_20",
    "atr_pct_14",
    "realized_volatility_20",
    "rsi_14",
    "bollinger_percent_b_20_2",
    "bollinger_bandwidth_20_2",
    "macd_hist_12_26_9",
    "return_120",
    "obv_z20",
    "atr_ratio_5_20",
    "dist_to_high_252",
    "dist_from_low_20"
  ],
  "NORM_STATS": {
    "log_return_1": {
      "mean": 0.0006324465759011542,
      "std": 0.019885862899237883
    },
    "log_return_5": {
      "mean": 0.0031496645524590966,
      "std": 0.04221598516788745
    },
    "log_return_20": {
      "mean": 0.012521531708636124,
      "std": 0.08283634378531997
    },
    "dist_to_sma_20": {
      "mean": 0.006449015493237293,
      "std": 0.045677803884509045
    },
    "dist_to_sma_50": {
      "mean": 0.01678027056702459,
      "std": 0.07076274747476193
    },
    "sma_20_sma_50_ratio": {
      "mean": 0.009743392672459288,
      "std": 0.04318395368560463
    },
    "volume_z_score_20": {
      "mean": 0.017103421723927693,
      "std": 1.0950156309849266
    },
    "atr_pct_14": {
      "mean": 2.4656587791013678,
      "std": 1.0392118862750994
    },
    "realized_volatility_20": {
      "mean": 0.07669024257910893,
      "std": 0.04116327852293846
    },
    "rsi_14": {
      "mean": 53.090132677729706,
      "std": 11.595533290033291
    },
    "bollinger_percent_b_20_2": {
      "mean": 0.5489581262141572,
      "std": 0.32532847635574935
    },
    "bollinger_bandwidth_20_2": {
      "mean": 0.11106586576299403,
      "std": 0.08108649822216202
    },
    "macd_hist_12_26_9": {
      "mean": -0.00013185424489162612,
      "std": 0.6114918047473996
    },
    "return_120": {
      "mean": 0.08490361645806359,
      "std": 0.19675571911605058
    },
    "obv_z20": {
      "mean": 0.27110696147017854,
      "std": 1.2879225023259193
    },
    "atr_ratio_5_20": {
      "mean": 1.0009344816324992,
      "std": 0.15864028612380338
    },
    "dist_to_high_252": {
      "mean": -0.1055249382508632,
      "std": 0.08812041589114782
    },
    "dist_from_low_20": {
      "mean": 0.07326110191955357,
      "std": 0.0676443607362112
    }
  },
  "TRAIN_WINDOW": "2017-01-01 -> 2023-12-31",
  "LABEL_CONTRACT": "TripleBarrier.ATR.daily.v1",
  "MODEL_HASH": "2e77252fc503dbb4046b6be452a1261c538db732e98a2ae2bd39ce27a0da3388",
  "RANDOM_SEED": 42
}
