{
  "ticker": "BALL",
  "best_params": {
    "hidden": 32,
    "lr": 0.001,
    "dropout": 0.3,
    "weight_decay": 0.0001,
    "num_layers": 1,
    "refit_epochs": 5
  },
  "kelly_fraction": null,
  "THRESHOLD_ENTRY": 0.52,
  "DIRECTION_MODE": "long_only",
  "CALIBRATION": {
    "theta_entry": 0.52,
    "kelly_fraction": null,
    "direction_mode": "long_only",
    "oof_trades": 60,
    "trade_floor_met": true,
    "oof_log_growth": 0.519115629578536
  },
  "cv_auc_pr": 0.5435784582948324,
  "cv_folds": 4,
  "SEQ_LEN": 60,
  "FEATURE_MANIFEST": [
    "log_return_1",
    "log_return_5",
    "log_return_20",
    "dist_to_sma_20",
    "dist_to_sma_50",
    "sma_20_sma_50_ratio",
    "volume_z_score_20",
    "atr_pct_14",
    "realized_volatility_20",
    "rsi_14",
    "bollinger_percent_b_20_2",
    "bollinger_bandwidth_20_2",
    "macd_hist_12_26_9",
    "drawdown_from_max_60",
    "ret_skew_20",
    "downside_vol_20"
  ],
  "NORM_STATS": {
    "log_return_1": {
      "mean": -0.0001515271848620998,
      "std": 0.0250303884479968
    },
    "log_return_5": {
      "mean": -0.0007819216758959041,
      "std": 0.05520237631570692
    },
    "log_return_20": {
      "mean": -0.003166467507005559,
      "std": 0.10248198721311813
    },
    "dist_to_sma_20": {
      "mean": -0.0007575842456118569,
      "std": 0.05429968873247096
    },
    "dist_to_sma_50": {
      "mean": -0.002623965753448538,
      "std": 0.08347928624473479
    },
    "sma_20_sma_50_ratio": {
      "mean": -0.0026305408946427035,
      "std": 0.052101289543717955
    },
    "volume_z_score_20": {
      "mean": 0.013070462697615963,
      "std": 1.0796554781871244
    },
    "atr_pct_14": {
      "mean": 2.446528429667175,
      "std": 1.0411055262785722
    },
    "realized_volatility_20": {
      "mean": 0.0795514246947296,
      "std": 0.07527939724474492
    },
    "rsi_14": {
      "mean": 51.02086723200438,
      "std": 13.098889677047827
    },
    "bollinger_percent_b_20_2": {
      "mean": 0.5236620233487528,
      "std": 0.33990119190455165
    },
    "bollinger_bandwidth_20_2": {
      "mean": 0.12097614014001423,
      "std": 0.12562884776865274
    },
    "macd_hist_12_26_9": {
      "mean": 0.003743481114485048,
      "std": 0.501408275322619
    },
    "drawdown_from_max_60": {
      "mean": -0.09135169578751827,
      "std": 0.1020897076238719
    },
    "ret_skew_20": {
      "mean": -0.041313449332732025,
      "std": 1.0279628937495715
    },
    "downside_vol_20": {
      "mean": 0.010958480721698386,
      "std": 0.016394754754588382
    }
  },
  "TRAIN_WINDOW": "2017-01-01 -> 2023-12-31",
  "LABEL_CONTRACT": "TripleBarrier.ATR.daily.v1",
  "MODEL_HASH": "e25dd5c05c0ff28a40979c0ef13a1ecae69eb146f2f3abdc3208ed7162bb20fc",
  "RANDOM_SEED": 42
}
