{
  "ticker": "SWK",
  "best_params": {
    "hidden": 32,
    "lr": 0.001,
    "dropout": 0.3,
    "weight_decay": 0.0001,
    "num_layers": 1,
    "refit_epochs": 5
  },
  "kelly_fraction": null,
  "THRESHOLD_ENTRY": 0.56,
  "DIRECTION_MODE": "both",
  "CALIBRATION": {
    "theta_entry": 0.56,
    "kelly_fraction": null,
    "direction_mode": "both",
    "oof_trades": 17,
    "trade_floor_met": true,
    "oof_log_growth": 0.36278031764370744
  },
  "cv_auc_pr": 0.4316752596286077,
  "cv_folds": 4,
  "SEQ_LEN": 60,
  "FEATURE_MANIFEST": [
    "log_return_1",
    "log_return_5",
    "log_return_20",
    "dist_to_sma_20",
    "dist_to_sma_50",
    "sma_20_sma_50_ratio",
    "volume_z_score_20",
    "atr_pct_14",
    "realized_volatility_20",
    "rsi_14",
    "bollinger_percent_b_20_2",
    "bollinger_bandwidth_20_2",
    "macd_hist_12_26_9",
    "atr_ratio_5_20",
    "momentum_acceleration_10"
  ],
  "NORM_STATS": {
    "log_return_1": {
      "mean": -8.893282938462984e-05,
      "std": 0.023344103874186728
    },
    "log_return_5": {
      "mean": -0.00045278862388464027,
      "std": 0.050696142262583455
    },
    "log_return_20": {
      "mean": -0.0023253477447870963,
      "std": 0.09529119086367364
    },
    "dist_to_sma_20": {
      "mean": -0.0003626222264957578,
      "std": 0.051600721370343605
    },
    "dist_to_sma_50": {
      "mean": -0.0015897603453826096,
      "std": 0.08075053129581083
    },
    "sma_20_sma_50_ratio": {
      "mean": -0.0020570579649973647,
      "std": 0.04958099025511544
    },
    "volume_z_score_20": {
      "mean": 0.008090535261562086,
      "std": 1.0758111220053466
    },
    "atr_pct_14": {
      "mean": 2.764267400064031,
      "std": 1.40099571792507
    },
    "realized_volatility_20": {
      "mean": 0.08582349359563164,
      "std": 0.055236872614628896
    },
    "rsi_14": {
      "mean": 51.04194737315227,
      "std": 11.77458595887091
    },
    "bollinger_percent_b_20_2": {
      "mean": 0.5287443890631686,
      "std": 0.33308427140254954
    },
    "bollinger_bandwidth_20_2": {
      "mean": 0.12811622821726704,
      "std": 0.0917445075086351
    },
    "macd_hist_12_26_9": {
      "mean": 0.0076127804252955275,
      "std": 0.8888143909105776
    },
    "atr_ratio_5_20": {
      "mean": 0.9947516665504789,
      "std": 0.15617239282874332
    },
    "momentum_acceleration_10": {
      "mean": 0.00037467313829929314,
      "std": 0.09721022353207623
    }
  },
  "TRAIN_WINDOW": "2017-01-01 -> 2023-12-31",
  "LABEL_CONTRACT": "TripleBarrier.ATR.daily.v1",
  "MODEL_HASH": "05c318169fbc5a3f3a9ed126f9cce9729a2b3864ebdc338b56e4f8e2fd251ca9",
  "RANDOM_SEED": 42
}
