{
  "ticker": "LRCX",
  "best_params": {
    "hidden": 32,
    "lr": 0.001,
    "dropout": 0.3,
    "weight_decay": 0.0001,
    "num_layers": 1,
    "refit_epochs": 5
  },
  "kelly_fraction": null,
  "THRESHOLD_ENTRY": 0.52,
  "DIRECTION_MODE": "both",
  "CALIBRATION": {
    "theta_entry": 0.52,
    "kelly_fraction": null,
    "direction_mode": "both",
    "oof_trades": 81,
    "trade_floor_met": true,
    "oof_log_growth": -0.22068584550680456
  },
  "cv_auc_pr": 0.43565865967586664,
  "cv_folds": 4,
  "SEQ_LEN": 60,
  "FEATURE_MANIFEST": [
    "log_return_1",
    "log_return_5",
    "log_return_20",
    "dist_to_sma_20",
    "dist_to_sma_50",
    "sma_20_sma_50_ratio",
    "volume_z_score_20",
    "atr_pct_14",
    "realized_volatility_20",
    "rsi_14",
    "bollinger_percent_b_20_2",
    "bollinger_bandwidth_20_2",
    "macd_hist_12_26_9",
    "dist_to_high_252",
    "ret_skew_20",
    "xas_rs_mkt_20",
    "price_volume_rank_divergence",
    "downside_vol_20"
  ],
  "NORM_STATS": {
    "log_return_1": {
      "mean": 0.0011378431234007654,
      "std": 0.027923387020578578
    },
    "log_return_5": {
      "mean": 0.005661633096739019,
      "std": 0.05962918014551786
    },
    "log_return_20": {
      "mean": 0.022272269205708947,
      "std": 0.11186232674255715
    },
    "dist_to_sma_20": {
      "mean": 0.011578699775609255,
      "std": 0.063063803547512
    },
    "dist_to_sma_50": {
      "mean": 0.02911939709652597,
      "std": 0.0932810275615355
    },
    "sma_20_sma_50_ratio": {
      "mean": 0.016598473602802005,
      "std": 0.05580829189658472
    },
    "volume_z_score_20": {
      "mean": -0.002658459831183115,
      "std": 1.063248300015172
    },
    "atr_pct_14": {
      "mean": 3.444557955467701,
      "std": 1.229409903865769
    },
    "realized_volatility_20": {
      "mean": 0.11111765100242245,
      "std": 0.050980779057789236
    },
    "rsi_14": {
      "mean": 53.941337410510805,
      "std": 12.013230696508169
    },
    "bollinger_percent_b_20_2": {
      "mean": 0.5733247459431485,
      "std": 0.33502124837344155
    },
    "bollinger_bandwidth_20_2": {
      "mean": 0.17043033386552714,
      "std": 0.08414137063276933
    },
    "macd_hist_12_26_9": {
      "mean": 0.054849279170063985,
      "std": 3.4787812808189127
    },
    "dist_to_high_252": {
      "mean": -0.14799399038627079,
      "std": 0.13433226025101128
    },
    "ret_skew_20": {
      "mean": 0.002159289508440015,
      "std": 0.8173987245328668
    },
    "xas_rs_mkt_20": {
      "mean": 0.01575681129909389,
      "std": 0.08486165709972839
    },
    "price_volume_rank_divergence": {
      "mean": 0.11394886363636363,
      "std": 0.47724725902692067
    },
    "downside_vol_20": {
      "mean": 0.013980067089681261,
      "std": 0.007818488958655365
    }
  },
  "TRAIN_WINDOW": "2017-01-01 -> 2023-12-31",
  "LABEL_CONTRACT": "TripleBarrier.ATR.daily.v1",
  "MODEL_HASH": "ab98787cc41cae069e7d3caf476f7e5a6aa21a75ba7d055913ef0fca0538bb7c",
  "RANDOM_SEED": 42
}
