{
  "ticker": "BXP",
  "best_params": {
    "hidden": 32,
    "lr": 0.001,
    "dropout": 0.3,
    "weight_decay": 0.0001,
    "num_layers": 1,
    "refit_epochs": 5
  },
  "kelly_fraction": null,
  "THRESHOLD_ENTRY": 0.6,
  "DIRECTION_MODE": "both",
  "CALIBRATION": {
    "theta_entry": 0.6,
    "kelly_fraction": null,
    "direction_mode": "both",
    "oof_trades": 24,
    "trade_floor_met": true,
    "oof_log_growth": -0.00293716575943675
  },
  "cv_auc_pr": 0.4420267124286853,
  "cv_folds": 4,
  "SEQ_LEN": 60,
  "FEATURE_MANIFEST": [
    "log_return_1",
    "log_return_5",
    "log_return_20",
    "dist_to_sma_20",
    "dist_to_sma_50",
    "sma_20_sma_50_ratio",
    "volume_z_score_20",
    "atr_pct_14",
    "realized_volatility_20",
    "rsi_14",
    "bollinger_percent_b_20_2",
    "bollinger_bandwidth_20_2",
    "macd_hist_12_26_9",
    "atr_ratio_5_20",
    "xas_rs_mkt_20",
    "bb_percent_b_20"
  ],
  "NORM_STATS": {
    "log_return_1": {
      "mean": -0.00033182438655663803,
      "std": 0.02095726239458435
    },
    "log_return_5": {
      "mean": -0.001570910323252583,
      "std": 0.046394870873440144
    },
    "log_return_20": {
      "mean": -0.006990841099721634,
      "std": 0.09347718403082318
    },
    "dist_to_sma_20": {
      "mean": -0.0024999688855858455,
      "std": 0.05110868040933256
    },
    "dist_to_sma_50": {
      "mean": -0.007825060304014074,
      "std": 0.07762230760237586
    },
    "sma_20_sma_50_ratio": {
      "mean": -0.006020006063911421,
      "std": 0.04735451852565846
    },
    "volume_z_score_20": {
      "mean": -0.0002452276537083434,
      "std": 1.0683218647307515
    },
    "atr_pct_14": {
      "mean": 2.5729349315848307,
      "std": 1.2908883870579613
    },
    "realized_volatility_20": {
      "mean": 0.07719235029207108,
      "std": 0.04830771803506811
    },
    "rsi_14": {
      "mean": 49.788253794985586,
      "std": 11.286718302311314
    },
    "bollinger_percent_b_20_2": {
      "mean": 0.49860185323315886,
      "std": 0.3298453240153882
    },
    "bollinger_bandwidth_20_2": {
      "mean": 0.11768878462669183,
      "std": 0.09437191101671738
    },
    "macd_hist_12_26_9": {
      "mean": 0.007696918032560873,
      "std": 0.6916739117055917
    },
    "atr_ratio_5_20": {
      "mean": 0.9913976005758964,
      "std": 0.1574781291287083
    },
    "xas_rs_mkt_20": {
      "mean": -0.013566891630698158,
      "std": 0.06852188078779085
    },
    "bb_percent_b_20": {
      "mean": 0.4985958783354251,
      "std": 0.3298413876507677
    }
  },
  "TRAIN_WINDOW": "2017-01-01 -> 2023-12-31",
  "LABEL_CONTRACT": "TripleBarrier.ATR.daily.v1",
  "MODEL_HASH": "70cc99b69bfab47e812b26208d3548ad3292b2fb779c05f3065270c57f88278c",
  "RANDOM_SEED": 42
}
