{
  "ticker": "A",
  "best_params": {
    "hidden": 32,
    "lr": 0.001,
    "dropout": 0.3,
    "weight_decay": 0.0001,
    "num_layers": 1,
    "refit_epochs": 5
  },
  "kelly_fraction": null,
  "THRESHOLD_ENTRY": 0.5,
  "DIRECTION_MODE": "both",
  "CALIBRATION": {
    "theta_entry": 0.5,
    "kelly_fraction": null,
    "direction_mode": "both",
    "oof_trades": 94,
    "trade_floor_met": true,
    "oof_log_growth": 0.40704767462508784
  },
  "cv_auc_pr": 0.48978047334599595,
  "cv_folds": 4,
  "SEQ_LEN": 60,
  "FEATURE_MANIFEST": [
    "log_return_1",
    "log_return_5",
    "log_return_20",
    "dist_to_sma_20",
    "dist_to_sma_50",
    "sma_20_sma_50_ratio",
    "volume_z_score_20",
    "atr_pct_14",
    "realized_volatility_20",
    "rsi_14",
    "bollinger_percent_b_20_2",
    "bollinger_bandwidth_20_2",
    "macd_hist_12_26_9",
    "atr_ratio_5_20",
    "dist_to_sma_200",
    "momentum_acceleration_10"
  ],
  "NORM_STATS": {
    "log_return_1": {
      "mean": 0.0006336910612006873,
      "std": 0.017398560585463
    },
    "log_return_5": {
      "mean": 0.0031588660071656767,
      "std": 0.036371916723329054
    },
    "log_return_20": {
      "mean": 0.012244989350830729,
      "std": 0.06983181225580397
    },
    "dist_to_sma_20": {
      "mean": 0.0062513376502244,
      "std": 0.0387867464898667
    },
    "dist_to_sma_50": {
      "mean": 0.015350996038991437,
      "std": 0.06049483045968886
    },
    "sma_20_sma_50_ratio": {
      "mean": 0.008631536852272286,
      "std": 0.03604506532377497
    },
    "volume_z_score_20": {
      "mean": 0.005110450984738466,
      "std": 1.0726060145708727
    },
    "atr_pct_14": {
      "mean": 2.2587916949470594,
      "std": 0.784471903375471
    },
    "realized_volatility_20": {
      "mean": 0.0693165967078547,
      "std": 0.03159788231038218
    },
    "rsi_14": {
      "mean": 53.98523725925193,
      "std": 12.292028399286806
    },
    "bollinger_percent_b_20_2": {
      "mean": 0.5814577483292844,
      "std": 0.33072714262660347
    },
    "bollinger_bandwidth_20_2": {
      "mean": 0.10521879199523605,
      "std": 0.05017194554902012
    },
    "macd_hist_12_26_9": {
      "mean": 0.011972310918609745,
      "std": 0.5719279502064577
    },
    "atr_ratio_5_20": {
      "mean": 1.0013136615742695,
      "std": 0.16481798571684453
    },
    "dist_to_sma_200": {
      "mean": 0.05917071742559545,
      "std": 0.12062645997962584
    },
    "momentum_acceleration_10": {
      "mean": 0.0003354114029540151,
      "std": 0.07095070137415484
    }
  },
  "TRAIN_WINDOW": "2017-01-01 -> 2023-12-31",
  "LABEL_CONTRACT": "TripleBarrier.ATR.daily.v1",
  "MODEL_HASH": "4fc57801168a0378504d89f5a22fbeb2221be97fde792c796971db69552895cf",
  "RANDOM_SEED": 42
}
