{
  "ticker": "TAP",
  "best_params": {
    "hidden": 32,
    "lr": 0.001,
    "dropout": 0.3,
    "weight_decay": 0.0001,
    "num_layers": 1,
    "refit_epochs": 5
  },
  "kelly_fraction": null,
  "THRESHOLD_ENTRY": 0.54,
  "DIRECTION_MODE": "both",
  "CALIBRATION": {
    "theta_entry": 0.54,
    "kelly_fraction": null,
    "direction_mode": "both",
    "oof_trades": 40,
    "trade_floor_met": true,
    "oof_log_growth": 0.2678651667137136
  },
  "cv_auc_pr": 0.4569837478725382,
  "cv_folds": 4,
  "SEQ_LEN": 60,
  "FEATURE_MANIFEST": [
    "log_return_1",
    "log_return_5",
    "log_return_20",
    "dist_to_sma_20",
    "dist_to_sma_50",
    "sma_20_sma_50_ratio",
    "volume_z_score_20",
    "atr_pct_14",
    "realized_volatility_20",
    "rsi_14",
    "bollinger_percent_b_20_2",
    "bollinger_bandwidth_20_2",
    "macd_hist_12_26_9",
    "gap_open_z20",
    "close_position_in_range",
    "rsi_2"
  ],
  "NORM_STATS": {
    "log_return_1": {
      "mean": -0.0002637635457192268,
      "std": 0.018911987707699907
    },
    "log_return_5": {
      "mean": -0.001323251321126756,
      "std": 0.04243371443405828
    },
    "log_return_20": {
      "mean": -0.005140295791704553,
      "std": 0.0815547807122175
    },
    "dist_to_sma_20": {
      "mean": -0.001995604649317917,
      "std": 0.04546877699097681
    },
    "dist_to_sma_50": {
      "mean": -0.005643813842816141,
      "std": 0.06687734871848428
    },
    "sma_20_sma_50_ratio": {
      "mean": -0.0040407944985832375,
      "std": 0.04075440871166249
    },
    "volume_z_score_20": {
      "mean": 0.014631911663802054,
      "std": 1.0897641706338141
    },
    "atr_pct_14": {
      "mean": 2.458610436983084,
      "std": 1.0044857361086104
    },
    "realized_volatility_20": {
      "mean": 0.07448087999797864,
      "std": 0.03568891720988403
    },
    "rsi_14": {
      "mean": 49.18199669761638,
      "std": 11.98443589432593
    },
    "bollinger_percent_b_20_2": {
      "mean": 0.4916006207308492,
      "std": 0.3358475196968008
    },
    "bollinger_bandwidth_20_2": {
      "mean": 0.11602694936518694,
      "std": 0.07016017144946486
    },
    "macd_hist_12_26_9": {
      "mean": 0.0028737166402511157,
      "std": 0.3500481417069251
    },
    "gap_open_z20": {
      "mean": -0.0028480779781769757,
      "std": 1.0150952345416764
    },
    "close_position_in_range": {
      "mean": 0.5011918010436877,
      "std": 0.3007805095914871
    },
    "rsi_2": {
      "mean": 50.598774046497745,
      "std": 31.618153793012564
    }
  },
  "TRAIN_WINDOW": "2017-01-01 -> 2023-12-31",
  "LABEL_CONTRACT": "TripleBarrier.ATR.daily.v1",
  "MODEL_HASH": "5195be9b7f3deb5ea5c2d9c5050d3deb8b56ea7ec6fe1c819763eb5cfebac82f",
  "RANDOM_SEED": 42
}
