{
  "ticker": "TMUS",
  "best_params": {
    "hidden": 32,
    "lr": 0.001,
    "dropout": 0.3,
    "weight_decay": 0.0001,
    "num_layers": 1,
    "refit_epochs": 5
  },
  "kelly_fraction": null,
  "THRESHOLD_ENTRY": 0.52,
  "DIRECTION_MODE": "both",
  "CALIBRATION": {
    "theta_entry": 0.52,
    "kelly_fraction": null,
    "direction_mode": "both",
    "oof_trades": 56,
    "trade_floor_met": true,
    "oof_log_growth": 0.31555068270212033
  },
  "cv_auc_pr": 0.48426639333481125,
  "cv_folds": 4,
  "SEQ_LEN": 60,
  "FEATURE_MANIFEST": [
    "log_return_1",
    "log_return_5",
    "log_return_20",
    "dist_to_sma_20",
    "dist_to_sma_50",
    "sma_20_sma_50_ratio",
    "volume_z_score_20",
    "atr_pct_14",
    "realized_volatility_20",
    "rsi_14",
    "bollinger_percent_b_20_2",
    "bollinger_bandwidth_20_2",
    "macd_hist_12_26_9",
    "momentum_60",
    "atr_ratio_5_20",
    "ret_skew_20",
    "dist_to_sma_10",
    "bb_bandwidth_20"
  ],
  "NORM_STATS": {
    "log_return_1": {
      "mean": 0.0005824515550563105,
      "std": 0.01678299644790926
    },
    "log_return_5": {
      "mean": 0.0028470638440611434,
      "std": 0.033299699192118046
    },
    "log_return_20": {
      "mean": 0.011436807965374916,
      "std": 0.05929682066779803
    },
    "dist_to_sma_20": {
      "mean": 0.0056720083104112974,
      "std": 0.0348166305657042
    },
    "dist_to_sma_50": {
      "mean": 0.014626345430893905,
      "std": 0.04892429661267152
    },
    "sma_20_sma_50_ratio": {
      "mean": 0.008733437088526842,
      "std": 0.02838309838553329
    },
    "volume_z_score_20": {
      "mean": 0.014921319215239622,
      "std": 1.0800087180332905
    },
    "atr_pct_14": {
      "mean": 2.2434979066979626,
      "std": 0.7264835653344882
    },
    "realized_volatility_20": {
      "mean": 0.06701400257083914,
      "std": 0.03116983542367012
    },
    "rsi_14": {
      "mean": 52.68578621542864,
      "std": 10.557451254427134
    },
    "bollinger_percent_b_20_2": {
      "mean": 0.5539307892815821,
      "std": 0.3276626947378021
    },
    "bollinger_bandwidth_20_2": {
      "mean": 0.09367612326160854,
      "std": 0.051198074252928785
    },
    "macd_hist_12_26_9": {
      "mean": 0.0023340114633029546,
      "std": 0.5065690128614423
    },
    "momentum_60": {
      "mean": 0.03544151666053715,
      "std": 0.08844620232389173
    },
    "atr_ratio_5_20": {
      "mean": 0.9961824516510931,
      "std": 0.16856317915697258
    },
    "ret_skew_20": {
      "mean": 0.04163239747526184,
      "std": 0.976074739389417
    },
    "dist_to_sma_10": {
      "mean": 0.002684808105703314,
      "std": 0.02512828814000394
    },
    "bb_bandwidth_20": {
      "mean": 0.023419030815402135,
      "std": 0.012799518563232196
    }
  },
  "TRAIN_WINDOW": "2017-01-01 -> 2023-12-31",
  "LABEL_CONTRACT": "TripleBarrier.ATR.daily.v1",
  "MODEL_HASH": "0a80eaa6f00e9de21fbffbd9e3eb6085bbc9bbbc8e65c812445ee61b35ab880c",
  "RANDOM_SEED": 42
}
