{
  "ticker": "LYV",
  "best_params": {
    "hidden": 32,
    "lr": 0.001,
    "dropout": 0.3,
    "weight_decay": 0.0001,
    "num_layers": 1,
    "refit_epochs": 5
  },
  "kelly_fraction": null,
  "THRESHOLD_ENTRY": 0.56,
  "DIRECTION_MODE": "long_only",
  "CALIBRATION": {
    "theta_entry": 0.56,
    "kelly_fraction": null,
    "direction_mode": "long_only",
    "oof_trades": 29,
    "trade_floor_met": true,
    "oof_log_growth": 0.27396924513916404
  },
  "cv_auc_pr": 0.4875135956993062,
  "cv_folds": 4,
  "SEQ_LEN": 60,
  "FEATURE_MANIFEST": [
    "log_return_1",
    "log_return_5",
    "log_return_20",
    "dist_to_sma_20",
    "dist_to_sma_50",
    "sma_20_sma_50_ratio",
    "volume_z_score_20",
    "atr_pct_14",
    "realized_volatility_20",
    "rsi_14",
    "bollinger_percent_b_20_2",
    "bollinger_bandwidth_20_2",
    "macd_hist_12_26_9",
    "high_low_range_pct",
    "obv_z20",
    "dist_to_sma_200"
  ],
  "NORM_STATS": {
    "log_return_1": {
      "mean": 0.0007149011361340904,
      "std": 0.026317111204830643
    },
    "log_return_5": {
      "mean": 0.0035158323325804714,
      "std": 0.06013963523127157
    },
    "log_return_20": {
      "mean": 0.013510314865879043,
      "std": 0.10885787194885185
    },
    "dist_to_sma_20": {
      "mean": 0.007415386804379205,
      "std": 0.059912603629179
    },
    "dist_to_sma_50": {
      "mean": 0.018500789200815076,
      "std": 0.09168320584467077
    },
    "sma_20_sma_50_ratio": {
      "mean": 0.010056227418044577,
      "std": 0.05620115369165177
    },
    "volume_z_score_20": {
      "mean": 0.01601883566369174,
      "std": 1.0972121424745147
    },
    "atr_pct_14": {
      "mean": 3.292301338813189,
      "std": 1.9986212216235169
    },
    "realized_volatility_20": {
      "mean": 0.09841672255036761,
      "std": 0.05950395873034729
    },
    "rsi_14": {
      "mean": 53.95459546386124,
      "std": 11.983241918549176
    },
    "bollinger_percent_b_20_2": {
      "mean": 0.5674985047759976,
      "std": 0.332231957901041
    },
    "bollinger_bandwidth_20_2": {
      "mean": 0.15086201074170935,
      "std": 0.10760381446321007
    },
    "macd_hist_12_26_9": {
      "mean": 0.004519586700070945,
      "std": 0.5819114098135374
    },
    "high_low_range_pct": {
      "mean": 3.1155558862202573,
      "std": 2.5665141480189666
    },
    "obv_z20": {
      "mean": 0.17082467837781004,
      "std": 1.3407217492712802
    },
    "dist_to_sma_200": {
      "mean": 0.07461555757583678,
      "std": 0.17177528279705953
    }
  },
  "TRAIN_WINDOW": "2017-01-01 -> 2023-12-31",
  "LABEL_CONTRACT": "TripleBarrier.ATR.daily.v1",
  "MODEL_HASH": "800c8ed641eeeaa7395020d44223ec9480c552086c1620ab0ead098d65ef273a",
  "RANDOM_SEED": 42
}
