{
  "ticker": "CI",
  "best_params": {
    "hidden": 32,
    "lr": 0.001,
    "dropout": 0.3,
    "weight_decay": 0.0001,
    "num_layers": 1,
    "refit_epochs": 5
  },
  "kelly_fraction": null,
  "THRESHOLD_ENTRY": 0.54,
  "DIRECTION_MODE": "both",
  "CALIBRATION": {
    "theta_entry": 0.54,
    "kelly_fraction": null,
    "direction_mode": "both",
    "oof_trades": 42,
    "trade_floor_met": true,
    "oof_log_growth": 0.21287469397182854
  },
  "cv_auc_pr": 0.5174077370063762,
  "cv_folds": 4,
  "SEQ_LEN": 60,
  "FEATURE_MANIFEST": [
    "log_return_1",
    "log_return_5",
    "log_return_20",
    "dist_to_sma_20",
    "dist_to_sma_50",
    "sma_20_sma_50_ratio",
    "volume_z_score_20",
    "atr_pct_14",
    "realized_volatility_20",
    "rsi_14",
    "bollinger_percent_b_20_2",
    "bollinger_bandwidth_20_2",
    "macd_hist_12_26_9",
    "drawdown_from_max_60",
    "stoch_k_14",
    "downside_upside_vol_ratio_20"
  ],
  "NORM_STATS": {
    "log_return_1": {
      "mean": 0.0004587107569242512,
      "std": 0.019981473513223574
    },
    "log_return_5": {
      "mean": 0.0022246171443893554,
      "std": 0.04340173689276686
    },
    "log_return_20": {
      "mean": 0.008440159011052531,
      "std": 0.07634752057055659
    },
    "dist_to_sma_20": {
      "mean": 0.00455818537156252,
      "std": 0.04364522053315487
    },
    "dist_to_sma_50": {
      "mean": 0.011526888310951982,
      "std": 0.06572273236621307
    },
    "sma_20_sma_50_ratio": {
      "mean": 0.0064878679115752715,
      "std": 0.03901266969119056
    },
    "volume_z_score_20": {
      "mean": -0.017072185745523626,
      "std": 1.0584478810695794
    },
    "atr_pct_14": {
      "mean": 2.5009087373251657,
      "std": 1.0463002528870284
    },
    "realized_volatility_20": {
      "mean": 0.07602967098859639,
      "std": 0.042882954527940664
    },
    "rsi_14": {
      "mean": 52.74030056466538,
      "std": 11.773668743803448
    },
    "bollinger_percent_b_20_2": {
      "mean": 0.5562470274773712,
      "std": 0.33004758457407785
    },
    "bollinger_bandwidth_20_2": {
      "mean": 0.11377260195069741,
      "std": 0.07068707540559757
    },
    "macd_hist_12_26_9": {
      "mean": 0.003094175911504063,
      "std": 1.2754535388186996
    },
    "drawdown_from_max_60": {
      "mean": -0.071584146515395,
      "std": 0.0719489716376251
    },
    "stoch_k_14": {
      "mean": 55.81850744122546,
      "std": 29.527548570878103
    },
    "downside_upside_vol_ratio_20": {
      "mean": 1.004485063843554,
      "std": 0.6003415698860243
    }
  },
  "TRAIN_WINDOW": "2017-01-01 -> 2023-12-31",
  "LABEL_CONTRACT": "TripleBarrier.ATR.daily.v1",
  "MODEL_HASH": "3a7f4092c0faf64e151f9ce0a446e9c3e8e0bcd4fa95dc8fca9ca2dab3b48ea0",
  "RANDOM_SEED": 42
}
