{
  "ticker": "MTB",
  "best_params": {
    "hidden": 32,
    "lr": 0.001,
    "dropout": 0.3,
    "weight_decay": 0.0001,
    "num_layers": 1,
    "refit_epochs": 5
  },
  "kelly_fraction": null,
  "THRESHOLD_ENTRY": 0.56,
  "DIRECTION_MODE": "long_only",
  "CALIBRATION": {
    "theta_entry": 0.56,
    "kelly_fraction": null,
    "direction_mode": "long_only",
    "oof_trades": 28,
    "trade_floor_met": true,
    "oof_log_growth": 0.37373186388190377
  },
  "cv_auc_pr": 0.46939126247729157,
  "cv_folds": 4,
  "SEQ_LEN": 60,
  "FEATURE_MANIFEST": [
    "log_return_1",
    "log_return_5",
    "log_return_20",
    "dist_to_sma_20",
    "dist_to_sma_50",
    "sma_20_sma_50_ratio",
    "volume_z_score_20",
    "atr_pct_14",
    "realized_volatility_20",
    "rsi_14",
    "bollinger_percent_b_20_2",
    "bollinger_bandwidth_20_2",
    "macd_hist_12_26_9",
    "momentum_60",
    "ret_skew_20",
    "xas_rs_mkt_20",
    "price_volume_rank_divergence",
    "illiquidity_amihud_20"
  ],
  "NORM_STATS": {
    "log_return_1": {
      "mean": -7.517662834026605e-05,
      "std": 0.0222914245058604
    },
    "log_return_5": {
      "mean": -0.00036773694411550644,
      "std": 0.046214313373309286
    },
    "log_return_20": {
      "mean": -0.0013818053800479576,
      "std": 0.09049596042367634
    },
    "dist_to_sma_20": {
      "mean": -8.064895403907538e-05,
      "std": 0.05003419451093207
    },
    "dist_to_sma_50": {
      "mean": -0.000278408708659561,
      "std": 0.07520059774871911
    },
    "sma_20_sma_50_ratio": {
      "mean": -0.0007665354203658307,
      "std": 0.046641618524539075
    },
    "volume_z_score_20": {
      "mean": -0.009107054291266329,
      "std": 1.0830290354643421
    },
    "atr_pct_14": {
      "mean": 2.7517396967926393,
      "std": 1.2454966571830637
    },
    "realized_volatility_20": {
      "mean": 0.08391731725743058,
      "std": 0.04938574155982122
    },
    "rsi_14": {
      "mean": 50.5681008818372,
      "std": 11.667856516897226
    },
    "bollinger_percent_b_20_2": {
      "mean": 0.5182447561932828,
      "std": 0.33191387316022253
    },
    "bollinger_bandwidth_20_2": {
      "mean": 0.12409647864572501,
      "std": 0.08431557315063963
    },
    "macd_hist_12_26_9": {
      "mean": -0.004007633303906547,
      "std": 0.9994895303381859
    },
    "momentum_60": {
      "mean": -0.0025831419435198098,
      "std": 0.14787043796437124
    },
    "ret_skew_20": {
      "mean": -0.02084756626096567,
      "std": 0.9144118572997982
    },
    "xas_rs_mkt_20": {
      "mean": -0.007954352591147193,
      "std": 0.06644254460296621
    },
    "price_volume_rank_divergence": {
      "mean": 0.03942581011938602,
      "std": 0.4785296850816981
    },
    "illiquidity_amihud_20": {
      "mean": 0.0010789030962336428,
      "std": 0.0006422916338725448
    }
  },
  "TRAIN_WINDOW": "2017-01-01 -> 2023-12-31",
  "LABEL_CONTRACT": "TripleBarrier.ATR.daily.v1",
  "MODEL_HASH": "4d2afc2b01b41511c3100cace874e0415d582b16504f706153734c275d7ac8bb",
  "RANDOM_SEED": 42
}
