{
  "ticker": "AEE",
  "best_params": {
    "hidden": 32,
    "lr": 0.001,
    "dropout": 0.3,
    "weight_decay": 0.0001,
    "num_layers": 1,
    "refit_epochs": 5
  },
  "kelly_fraction": null,
  "THRESHOLD_ENTRY": 0.5,
  "DIRECTION_MODE": "both",
  "CALIBRATION": {
    "theta_entry": 0.5,
    "kelly_fraction": null,
    "direction_mode": "both",
    "oof_trades": 100,
    "trade_floor_met": true,
    "oof_log_growth": 0.04755373751213198
  },
  "cv_auc_pr": 0.42987015102078796,
  "cv_folds": 4,
  "SEQ_LEN": 60,
  "FEATURE_MANIFEST": [
    "log_return_1",
    "log_return_5",
    "log_return_20",
    "dist_to_sma_20",
    "dist_to_sma_50",
    "sma_20_sma_50_ratio",
    "volume_z_score_20",
    "atr_pct_14",
    "realized_volatility_20",
    "rsi_14",
    "bollinger_percent_b_20_2",
    "bollinger_bandwidth_20_2",
    "macd_hist_12_26_9",
    "trend_efficiency_20",
    "vol_scaled_momentum_20"
  ],
  "NORM_STATS": {
    "log_return_1": {
      "mean": 0.00018238488816055067,
      "std": 0.014789972044679953
    },
    "log_return_5": {
      "mean": 0.0009056579275971436,
      "std": 0.02905980081101162
    },
    "log_return_20": {
      "mean": 0.004334750844119742,
      "std": 0.053462508290740014
    },
    "dist_to_sma_20": {
      "mean": 0.002073330598125567,
      "std": 0.030195936839436565
    },
    "dist_to_sma_50": {
      "mean": 0.005975474238679014,
      "std": 0.043829284311633826
    },
    "sma_20_sma_50_ratio": {
      "mean": 0.003742063162026301,
      "std": 0.026640429243052318
    },
    "volume_z_score_20": {
      "mean": 0.014152064140245117,
      "std": 1.0731002646231746
    },
    "atr_pct_14": {
      "mean": 1.8704357910090095,
      "std": 0.8837310380639726
    },
    "realized_volatility_20": {
      "mean": 0.0533088428690592,
      "std": 0.036654557547319916
    },
    "rsi_14": {
      "mean": 52.57269012322439,
      "std": 11.437592825316695
    },
    "bollinger_percent_b_20_2": {
      "mean": 0.5435210457066698,
      "std": 0.32868313578271346
    },
    "bollinger_bandwidth_20_2": {
      "mean": 0.07825347297158387,
      "std": 0.04792403551000015
    },
    "macd_hist_12_26_9": {
      "mean": -0.004322142364390412,
      "std": 0.33983746087508804
    },
    "trend_efficiency_20": {
      "mean": 4.475944438778521,
      "std": 3.336516364497717
    },
    "vol_scaled_momentum_20": {
      "mean": 0.9057109170610037,
      "std": 4.284447337964714
    }
  },
  "TRAIN_WINDOW": "2017-01-01 -> 2023-12-31",
  "LABEL_CONTRACT": "TripleBarrier.ATR.daily.v1",
  "MODEL_HASH": "0ded9cd3961afaba15d9c8d18d7f551b5ce2fc3d0402835717599cb759f9e6c8",
  "RANDOM_SEED": 42
}
