{
  "ticker": "INCY",
  "best_params": {
    "hidden": 32,
    "lr": 0.001,
    "dropout": 0.3,
    "weight_decay": 0.0001,
    "num_layers": 1,
    "refit_epochs": 5
  },
  "kelly_fraction": null,
  "THRESHOLD_ENTRY": 0.5,
  "DIRECTION_MODE": "both",
  "CALIBRATION": {
    "theta_entry": 0.5,
    "kelly_fraction": null,
    "direction_mode": "both",
    "oof_trades": 106,
    "trade_floor_met": true,
    "oof_log_growth": 0.665480344371381
  },
  "cv_auc_pr": 0.51899131643425,
  "cv_folds": 4,
  "SEQ_LEN": 60,
  "FEATURE_MANIFEST": [
    "log_return_1",
    "log_return_5",
    "log_return_20",
    "dist_to_sma_20",
    "dist_to_sma_50",
    "sma_20_sma_50_ratio",
    "volume_z_score_20",
    "atr_pct_14",
    "realized_volatility_20",
    "rsi_14",
    "bollinger_percent_b_20_2",
    "bollinger_bandwidth_20_2",
    "macd_hist_12_26_9",
    "obv_z20",
    "overnight_intraday_spread_20",
    "zscore_close_20"
  ],
  "NORM_STATS": {
    "log_return_1": {
      "mean": -0.00026608540762570467,
      "std": 0.02189039665163561
    },
    "log_return_5": {
      "mean": -0.0013741418423191525,
      "std": 0.04833266493463865
    },
    "log_return_20": {
      "mean": -0.006104070124357308,
      "std": 0.09234755893617283
    },
    "dist_to_sma_20": {
      "mean": -0.002108143834393892,
      "std": 0.051992073159389925
    },
    "dist_to_sma_50": {
      "mean": -0.006448583951613412,
      "std": 0.07887878769614896
    },
    "sma_20_sma_50_ratio": {
      "mean": -0.004974129866280999,
      "std": 0.04754407706464621
    },
    "volume_z_score_20": {
      "mean": 0.004823832895150586,
      "std": 1.0689556056058747
    },
    "atr_pct_14": {
      "mean": 3.042661028844902,
      "std": 0.7565121025509437
    },
    "realized_volatility_20": {
      "mean": 0.08901409973901371,
      "std": 0.03471475946803674
    },
    "rsi_14": {
      "mean": 48.876006572355955,
      "std": 12.013394756083244
    },
    "bollinger_percent_b_20_2": {
      "mean": 0.47851418848613264,
      "std": 0.335470444166681
    },
    "bollinger_bandwidth_20_2": {
      "mean": 0.13604446552561508,
      "std": 0.07198839805430182
    },
    "macd_hist_12_26_9": {
      "mean": 0.0027072981530304164,
      "std": 0.6368466229497901
    },
    "obv_z20": {
      "mean": -0.0900528895034618,
      "std": 1.3619155271702614
    },
    "overnight_intraday_spread_20": {
      "mean": 0.0006608628775729769,
      "std": 0.00498566379781314
    },
    "zscore_close_20": {
      "mean": -0.08594324605546946,
      "std": 1.3418817766667237
    }
  },
  "TRAIN_WINDOW": "2017-01-01 -> 2023-12-31",
  "LABEL_CONTRACT": "TripleBarrier.ATR.daily.v1",
  "MODEL_HASH": "4e528bf1af40df1277fb79071f66d06eec6865ef557a685c262c5165df0466ce",
  "RANDOM_SEED": 42
}
