{
  "ticker": "MTD",
  "best_params": {
    "hidden": 32,
    "lr": 0.001,
    "dropout": 0.3,
    "weight_decay": 0.0001,
    "num_layers": 1,
    "refit_epochs": 5
  },
  "kelly_fraction": null,
  "THRESHOLD_ENTRY": 0.54,
  "DIRECTION_MODE": "both",
  "CALIBRATION": {
    "theta_entry": 0.54,
    "kelly_fraction": null,
    "direction_mode": "both",
    "oof_trades": 66,
    "trade_floor_met": true,
    "oof_log_growth": 0.6929492283565205
  },
  "cv_auc_pr": 0.5377244886344899,
  "cv_folds": 4,
  "SEQ_LEN": 60,
  "FEATURE_MANIFEST": [
    "log_return_1",
    "log_return_5",
    "log_return_20",
    "dist_to_sma_20",
    "dist_to_sma_50",
    "sma_20_sma_50_ratio",
    "volume_z_score_20",
    "atr_pct_14",
    "realized_volatility_20",
    "rsi_14",
    "bollinger_percent_b_20_2",
    "bollinger_bandwidth_20_2",
    "macd_hist_12_26_9",
    "momentum_60",
    "dist_to_sma_200",
    "sma_slope_50_20"
  ],
  "NORM_STATS": {
    "log_return_1": {
      "mean": 0.0006051925569664284,
      "std": 0.01816621116641385
    },
    "log_return_5": {
      "mean": 0.0030104880563076907,
      "std": 0.0388829108448187
    },
    "log_return_20": {
      "mean": 0.01153399915792204,
      "std": 0.07790383117340013
    },
    "dist_to_sma_20": {
      "mean": 0.0060355496433183295,
      "std": 0.042848234668991375
    },
    "dist_to_sma_50": {
      "mean": 0.014898366362907995,
      "std": 0.06834615610261262
    },
    "sma_20_sma_50_ratio": {
      "mean": 0.008285378332721822,
      "std": 0.041748844531042585
    },
    "volume_z_score_20": {
      "mean": 0.0037604006856131167,
      "std": 1.0813634039364044
    },
    "atr_pct_14": {
      "mean": 2.4296893094661787,
      "std": 0.8584815657586791
    },
    "realized_volatility_20": {
      "mean": 0.07227159532543488,
      "std": 0.03234468862653043
    },
    "rsi_14": {
      "mean": 53.62861145170227,
      "std": 13.094989674076361
    },
    "bollinger_percent_b_20_2": {
      "mean": 0.566080310915307,
      "std": 0.33716159844937477
    },
    "bollinger_bandwidth_20_2": {
      "mean": 0.11422200066133671,
      "std": 0.05336364326596382
    },
    "macd_hist_12_26_9": {
      "mean": 0.07864495917036322,
      "std": 6.104913485633244
    },
    "momentum_60": {
      "mean": 0.032479576890784234,
      "std": 0.12556511576659396
    },
    "dist_to_sma_200": {
      "mean": 0.06546032954322897,
      "std": 0.13765103724462943
    },
    "sma_slope_50_20": {
      "mean": 0.01066557695311616,
      "std": 0.04277033785042817
    }
  },
  "TRAIN_WINDOW": "2017-01-01 -> 2023-12-31",
  "LABEL_CONTRACT": "TripleBarrier.ATR.daily.v1",
  "MODEL_HASH": "448d1331de15b547243abb57c6e0ced6e6cfdd656562df626dee2bbe9cc6fe72",
  "RANDOM_SEED": 42
}
