{
  "ticker": "PCG",
  "best_params": {
    "hidden": 32,
    "lr": 0.001,
    "dropout": 0.3,
    "weight_decay": 0.0001,
    "num_layers": 1,
    "refit_epochs": 5
  },
  "kelly_fraction": null,
  "THRESHOLD_ENTRY": 0.52,
  "DIRECTION_MODE": "long_only",
  "CALIBRATION": {
    "theta_entry": 0.52,
    "kelly_fraction": null,
    "direction_mode": "long_only",
    "oof_trades": 35,
    "trade_floor_met": true,
    "oof_log_growth": 0.6737438629343904
  },
  "cv_auc_pr": 0.39541797496914277,
  "cv_folds": 4,
  "SEQ_LEN": 60,
  "FEATURE_MANIFEST": [
    "log_return_1",
    "log_return_5",
    "log_return_20",
    "dist_to_sma_20",
    "dist_to_sma_50",
    "sma_20_sma_50_ratio",
    "volume_z_score_20",
    "atr_pct_14",
    "realized_volatility_20",
    "rsi_14",
    "bollinger_percent_b_20_2",
    "bollinger_bandwidth_20_2",
    "macd_hist_12_26_9",
    "momentum_60",
    "down_streak_10",
    "stochastic_k_20",
    "ma_slope_10",
    "bb_bandwidth_20"
  ],
  "NORM_STATS": {
    "log_return_1": {
      "mean": -0.0006904039701165503,
      "std": 0.04457985356187653
    },
    "log_return_5": {
      "mean": -0.003475401063039732,
      "std": 0.10425273390440938
    },
    "log_return_20": {
      "mean": -0.013943762475387986,
      "std": 0.19358872942856528
    },
    "dist_to_sma_20": {
      "mean": -0.0041180904216345715,
      "std": 0.09713920439390916
    },
    "dist_to_sma_50": {
      "mean": -0.011336967264376474,
      "std": 0.14552359788550745
    },
    "sma_20_sma_50_ratio": {
      "mean": -0.009515448837323899,
      "std": 0.09365722127449838
    },
    "volume_z_score_20": {
      "mean": 0.027695259718149595,
      "std": 1.1071412338567659
    },
    "atr_pct_14": {
      "mean": 4.142475006959551,
      "std": 3.6448503364509017
    },
    "realized_volatility_20": {
      "mean": 0.13065191285332267,
      "std": 0.14421933729411923
    },
    "rsi_14": {
      "mean": 50.05668796696721,
      "std": 12.533056818139041
    },
    "bollinger_percent_b_20_2": {
      "mean": 0.5201950211339664,
      "std": 0.3357789691505402
    },
    "bollinger_bandwidth_20_2": {
      "mean": 0.19832539216317435,
      "std": 0.2368942566787656
    },
    "macd_hist_12_26_9": {
      "mean": -0.00033472626926961803,
      "std": 0.29180058566936395
    },
    "momentum_60": {
      "mean": -0.043054544373450215,
      "std": 0.31580564875076284
    },
    "down_streak_10": {
      "mean": 0.09511363636363637,
      "std": 0.13491996211712318
    },
    "stochastic_k_20": {
      "mean": 0.5326562072829821,
      "std": 0.2869284373415802
    },
    "ma_slope_10": {
      "mean": -0.0006104641093027946,
      "std": 0.013440728688728677
    },
    "bb_bandwidth_20": {
      "mean": 0.049581348040793595,
      "std": 0.059223564169691385
    }
  },
  "TRAIN_WINDOW": "2017-01-01 -> 2023-12-31",
  "LABEL_CONTRACT": "TripleBarrier.ATR.daily.v1",
  "MODEL_HASH": "2d09bc04d0d2165dade7860e65be26b959be30a6ff3faf5ce0729c22dcfc5724",
  "RANDOM_SEED": 42
}
