{
  "ticker": "PM",
  "best_params": {
    "hidden": 32,
    "lr": 0.001,
    "dropout": 0.3,
    "weight_decay": 0.0001,
    "num_layers": 1,
    "refit_epochs": 5
  },
  "kelly_fraction": null,
  "THRESHOLD_ENTRY": 0.54,
  "DIRECTION_MODE": "both",
  "CALIBRATION": {
    "theta_entry": 0.54,
    "kelly_fraction": null,
    "direction_mode": "both",
    "oof_trades": 78,
    "trade_floor_met": true,
    "oof_log_growth": 0.32110886000877087
  },
  "cv_auc_pr": 0.5398476680047346,
  "cv_folds": 4,
  "SEQ_LEN": 60,
  "FEATURE_MANIFEST": [
    "log_return_1",
    "log_return_5",
    "log_return_20",
    "dist_to_sma_20",
    "dist_to_sma_50",
    "sma_20_sma_50_ratio",
    "volume_z_score_20",
    "atr_pct_14",
    "realized_volatility_20",
    "rsi_14",
    "bollinger_percent_b_20_2",
    "bollinger_bandwidth_20_2",
    "macd_hist_12_26_9",
    "return_120",
    "gap_open_z20",
    "high_low_range_pct",
    "rsi_2",
    "dist_to_sma_10"
  ],
  "NORM_STATS": {
    "log_return_1": {
      "mean": 1.5733669996955963e-05,
      "std": 0.015977678838750568
    },
    "log_return_5": {
      "mean": 6.847710276392956e-05,
      "std": 0.03639442354498403
    },
    "log_return_20": {
      "mean": 0.00034126584061010495,
      "std": 0.07151617056960573
    },
    "dist_to_sma_20": {
      "mean": 0.0005143764616505319,
      "std": 0.03973356624780513
    },
    "dist_to_sma_50": {
      "mean": 0.0011582688725949304,
      "std": 0.06024389399123285
    },
    "sma_20_sma_50_ratio": {
      "mean": 0.00029742184954543825,
      "std": 0.03728643539475303
    },
    "volume_z_score_20": {
      "mean": 0.002502246725574808,
      "std": 1.0680317531802634
    },
    "atr_pct_14": {
      "mean": 2.0238560312914875,
      "std": 0.8785079572498334
    },
    "realized_volatility_20": {
      "mean": 0.060130664641832934,
      "std": 0.03504181202221247
    },
    "rsi_14": {
      "mean": 51.66495304748995,
      "std": 13.12052678336175
    },
    "bollinger_percent_b_20_2": {
      "mean": 0.5342093505399805,
      "std": 0.3418240979413474
    },
    "bollinger_bandwidth_20_2": {
      "mean": 0.09848534234633202,
      "std": 0.06708525666934942
    },
    "macd_hist_12_26_9": {
      "mean": 0.0011734257812889856,
      "std": 0.5021263906995598
    },
    "return_120": {
      "mean": -0.0014585188403729375,
      "std": 0.13008776977114803
    },
    "gap_open_z20": {
      "mean": 0.00048743182184615203,
      "std": 1.005312237509668
    },
    "high_low_range_pct": {
      "mean": 1.9183553355062366,
      "std": 1.2999781909161754
    },
    "rsi_2": {
      "mean": 53.12231198596647,
      "std": 31.695241775114567
    },
    "dist_to_sma_10": {
      "mean": 0.00023282237133900603,
      "std": 0.02744549057112864
    }
  },
  "TRAIN_WINDOW": "2017-01-01 -> 2023-12-31",
  "LABEL_CONTRACT": "TripleBarrier.ATR.daily.v1",
  "MODEL_HASH": "fa0320cfc0453e7005ceab5f4d811600302590d7c7d9826819776c73d9a13a66",
  "RANDOM_SEED": 42
}
