{
  "ticker": "BBY",
  "best_params": {
    "hidden": 32,
    "lr": 0.001,
    "dropout": 0.3,
    "weight_decay": 0.0001,
    "num_layers": 1,
    "refit_epochs": 5
  },
  "kelly_fraction": null,
  "THRESHOLD_ENTRY": 0.56,
  "DIRECTION_MODE": "both",
  "CALIBRATION": {
    "theta_entry": 0.56,
    "kelly_fraction": null,
    "direction_mode": "both",
    "oof_trades": 43,
    "trade_floor_met": true,
    "oof_log_growth": 0.37346620941696285
  },
  "cv_auc_pr": 0.48861918282702416,
  "cv_folds": 4,
  "SEQ_LEN": 60,
  "FEATURE_MANIFEST": [
    "log_return_1",
    "log_return_5",
    "log_return_20",
    "dist_to_sma_20",
    "dist_to_sma_50",
    "sma_20_sma_50_ratio",
    "volume_z_score_20",
    "atr_pct_14",
    "realized_volatility_20",
    "rsi_14",
    "bollinger_percent_b_20_2",
    "bollinger_bandwidth_20_2",
    "macd_hist_12_26_9",
    "overnight_vol_20",
    "ma_slope_10",
    "day_range_pos_20",
    "zscore_close_20"
  ],
  "NORM_STATS": {
    "log_return_1": {
      "mean": 0.0003446252952172482,
      "std": 0.02389325646372588
    },
    "log_return_5": {
      "mean": 0.0016311924777526329,
      "std": 0.05185464879276928
    },
    "log_return_20": {
      "mean": 0.005531743026166468,
      "std": 0.10177889829363197
    },
    "dist_to_sma_20": {
      "mean": 0.003506172590017147,
      "std": 0.05531472566794931
    },
    "dist_to_sma_50": {
      "mean": 0.008538604585532074,
      "std": 0.08783065968571963
    },
    "sma_20_sma_50_ratio": {
      "mean": 0.004152523834423203,
      "std": 0.05441167696443299
    },
    "volume_z_score_20": {
      "mean": -0.010714776703329897,
      "std": 1.1115557484913705
    },
    "atr_pct_14": {
      "mean": 3.0705329447181944,
      "std": 1.1525729112727814
    },
    "realized_volatility_20": {
      "mean": 0.09506024324854617,
      "std": 0.04309831537220815
    },
    "rsi_14": {
      "mean": 51.996164564601095,
      "std": 12.304268802889835
    },
    "bollinger_percent_b_20_2": {
      "mean": 0.5418777635157211,
      "std": 0.330459879116022
    },
    "bollinger_bandwidth_20_2": {
      "mean": 0.1436772085396576,
      "std": 0.08165750765026793
    },
    "macd_hist_12_26_9": {
      "mean": 0.003075991939576204,
      "std": 0.6381073703412627
    },
    "overnight_vol_20": {
      "mean": 0.01062129654029376,
      "std": 0.007162224282495558
    },
    "ma_slope_10": {
      "mean": 0.0003296383300123494,
      "std": 0.007045789053852809
    },
    "day_range_pos_20": {
      "mean": 0.5360023127478389,
      "std": 0.3060900316527893
    },
    "zscore_close_20": {
      "mean": 0.1675110540628843,
      "std": 1.321839516464088
    }
  },
  "TRAIN_WINDOW": "2017-01-01 -> 2023-12-31",
  "LABEL_CONTRACT": "TripleBarrier.ATR.daily.v1",
  "MODEL_HASH": "21bc90334ee097a11066b099efbb678d3cdd7d0a2f242a11b5f5fd6b3ad30949",
  "RANDOM_SEED": 42
}
