{
  "ticker": "JBHT",
  "best_params": {
    "hidden": 32,
    "lr": 0.001,
    "dropout": 0.3,
    "weight_decay": 0.0001,
    "num_layers": 1,
    "refit_epochs": 5
  },
  "kelly_fraction": null,
  "THRESHOLD_ENTRY": 0.5,
  "DIRECTION_MODE": "long_only",
  "CALIBRATION": {
    "theta_entry": 0.5,
    "kelly_fraction": null,
    "direction_mode": "long_only",
    "oof_trades": 100,
    "trade_floor_met": true,
    "oof_log_growth": 0.367889758206169
  },
  "cv_auc_pr": 0.46618291369583154,
  "cv_folds": 4,
  "SEQ_LEN": 60,
  "FEATURE_MANIFEST": [
    "log_return_1",
    "log_return_5",
    "log_return_20",
    "dist_to_sma_20",
    "dist_to_sma_50",
    "sma_20_sma_50_ratio",
    "volume_z_score_20",
    "atr_pct_14",
    "realized_volatility_20",
    "rsi_14",
    "bollinger_percent_b_20_2",
    "bollinger_bandwidth_20_2",
    "macd_hist_12_26_9",
    "trend_efficiency_20",
    "ma_slope_10",
    "zscore_close_20"
  ],
  "NORM_STATS": {
    "log_return_1": {
      "mean": 0.00041012989869951456,
      "std": 0.018221786353629945
    },
    "log_return_5": {
      "mean": 0.0020679822177930075,
      "std": 0.03797973252758578
    },
    "log_return_20": {
      "mean": 0.007870970529289777,
      "std": 0.07539696683346908
    },
    "dist_to_sma_20": {
      "mean": 0.004249108486862547,
      "std": 0.042246208612299815
    },
    "dist_to_sma_50": {
      "mean": 0.010575812034302811,
      "std": 0.06406758381234309
    },
    "sma_20_sma_50_ratio": {
      "mean": 0.005907743687317325,
      "std": 0.038999830039380165
    },
    "volume_z_score_20": {
      "mean": 0.012231149147242519,
      "std": 1.0938243773307594
    },
    "atr_pct_14": {
      "mean": 2.539682687100038,
      "std": 0.7053295507038589
    },
    "realized_volatility_20": {
      "mean": 0.07349501302969534,
      "std": 0.030731797501758952
    },
    "rsi_14": {
      "mean": 51.92914107419302,
      "std": 11.617453182281933
    },
    "bollinger_percent_b_20_2": {
      "mean": 0.5381009860811997,
      "std": 0.33735791077636845
    },
    "bollinger_bandwidth_20_2": {
      "mean": 0.11112201913551484,
      "std": 0.057616638907492086
    },
    "macd_hist_12_26_9": {
      "mean": 0.006513388806617344,
      "std": 0.8510007564975436
    },
    "trend_efficiency_20": {
      "mean": 4.672330386807647,
      "std": 3.2732505009926536
    },
    "ma_slope_10": {
      "mean": 0.0004254338181738553,
      "std": 0.005451359348663461
    },
    "zscore_close_20": {
      "mean": 0.1524039443247989,
      "std": 1.3494316431054738
    }
  },
  "TRAIN_WINDOW": "2017-01-01 -> 2023-12-31",
  "LABEL_CONTRACT": "TripleBarrier.ATR.daily.v1",
  "MODEL_HASH": "2198e9e95b1fd5f0a5d0b5f91ed9199d57c739fe97322abc23c0e1c424bf373f",
  "RANDOM_SEED": 42
}
