{
  "ticker": "REGN",
  "best_params": {
    "hidden": 32,
    "lr": 0.001,
    "dropout": 0.3,
    "weight_decay": 0.0001,
    "num_layers": 1,
    "refit_epochs": 5
  },
  "kelly_fraction": null,
  "THRESHOLD_ENTRY": 0.56,
  "DIRECTION_MODE": "both",
  "CALIBRATION": {
    "theta_entry": 0.56,
    "kelly_fraction": null,
    "direction_mode": "both",
    "oof_trades": 10,
    "trade_floor_met": true,
    "oof_log_growth": 0.13577109638624701
  },
  "cv_auc_pr": 0.4525460329833787,
  "cv_folds": 4,
  "SEQ_LEN": 60,
  "FEATURE_MANIFEST": [
    "log_return_1",
    "log_return_5",
    "log_return_20",
    "dist_to_sma_20",
    "dist_to_sma_50",
    "sma_20_sma_50_ratio",
    "volume_z_score_20",
    "atr_pct_14",
    "realized_volatility_20",
    "rsi_14",
    "bollinger_percent_b_20_2",
    "bollinger_bandwidth_20_2",
    "macd_hist_12_26_9",
    "dist_to_high_252",
    "dist_to_sma_10",
    "dist_from_low_20"
  ],
  "NORM_STATS": {
    "log_return_1": {
      "mean": 0.0004955464258347188,
      "std": 0.01986638656543428
    },
    "log_return_5": {
      "mean": 0.002359254797598194,
      "std": 0.04358044320123647
    },
    "log_return_20": {
      "mean": 0.009325466425787354,
      "std": 0.08188017455755218
    },
    "dist_to_sma_20": {
      "mean": 0.004936190898033223,
      "std": 0.04616111410456463
    },
    "dist_to_sma_50": {
      "mean": 0.012373924470911766,
      "std": 0.07633563624074698
    },
    "sma_20_sma_50_ratio": {
      "mean": 0.006633315052434882,
      "std": 0.04552146803502049
    },
    "volume_z_score_20": {
      "mean": -0.005751662997415655,
      "std": 1.0706552770173179
    },
    "atr_pct_14": {
      "mean": 2.845839235027865,
      "std": 0.7200934283040842
    },
    "realized_volatility_20": {
      "mean": 0.08202611881041776,
      "std": 0.029047252224752948
    },
    "rsi_14": {
      "mean": 51.69774560200058,
      "std": 12.002039881734035
    },
    "bollinger_percent_b_20_2": {
      "mean": 0.5351901186736937,
      "std": 0.3283561880937424
    },
    "bollinger_bandwidth_20_2": {
      "mean": 0.12358146229422566,
      "std": 0.062001802224017584
    },
    "macd_hist_12_26_9": {
      "mean": 0.03314455025236567,
      "std": 3.2404255676395577
    },
    "dist_to_high_252": {
      "mean": -0.15976531704477906,
      "std": 0.11573891531612789
    },
    "dist_to_sma_10": {
      "mean": 0.0023486534220656546,
      "std": 0.03248886860468826
    },
    "dist_from_low_20": {
      "mean": 0.07541657883197148,
      "std": 0.06051582406768329
    }
  },
  "TRAIN_WINDOW": "2017-01-01 -> 2023-12-31",
  "LABEL_CONTRACT": "TripleBarrier.ATR.daily.v1",
  "MODEL_HASH": "ae005bd4fec97ec0064e683a0ece23b49c84ac39f3ada4e720d20933f772e80e",
  "RANDOM_SEED": 42
}
