{
  "ticker": "NCLH",
  "best_params": {
    "hidden": 32,
    "lr": 0.001,
    "dropout": 0.3,
    "weight_decay": 0.0001,
    "num_layers": 1,
    "refit_epochs": 5
  },
  "kelly_fraction": null,
  "THRESHOLD_ENTRY": 0.6,
  "DIRECTION_MODE": "long_only",
  "CALIBRATION": {
    "theta_entry": 0.6,
    "kelly_fraction": null,
    "direction_mode": "long_only",
    "oof_trades": 22,
    "trade_floor_met": true,
    "oof_log_growth": -0.05468098408770892
  },
  "cv_auc_pr": 0.4416660265665361,
  "cv_folds": 4,
  "SEQ_LEN": 60,
  "FEATURE_MANIFEST": [
    "log_return_1",
    "log_return_5",
    "log_return_20",
    "dist_to_sma_20",
    "dist_to_sma_50",
    "sma_20_sma_50_ratio",
    "volume_z_score_20",
    "atr_pct_14",
    "realized_volatility_20",
    "rsi_14",
    "bollinger_percent_b_20_2",
    "bollinger_bandwidth_20_2",
    "macd_hist_12_26_9",
    "high_low_range_pct",
    "close_z_score_20",
    "dist_to_sma_10",
    "trend_efficiency_20",
    "overnight_vol_20",
    "stochastic_k_20"
  ],
  "NORM_STATS": {
    "log_return_1": {
      "mean": -0.0004279382625332692,
      "std": 0.04216319014118986
    },
    "log_return_5": {
      "mean": -0.00211811933934643,
      "std": 0.09969025808370995
    },
    "log_return_20": {
      "mean": -0.009137870593007205,
      "std": 0.2076848769773788
    },
    "dist_to_sma_20": {
      "mean": -0.0012687945778647829,
      "std": 0.10030223354308593
    },
    "dist_to_sma_50": {
      "mean": -0.004200736893485288,
      "std": 0.15468207494922023
    },
    "sma_20_sma_50_ratio": {
      "mean": -0.006102343369631049,
      "std": 0.1020817258219791
    },
    "volume_z_score_20": {
      "mean": 0.014031467627231632,
      "std": 1.101644839760897
    },
    "atr_pct_14": {
      "mean": 4.846848956464267,
      "std": 4.137051763893274
    },
    "realized_volatility_20": {
      "mean": 0.14247115902425345,
      "std": 0.11428436519501059
    },
    "rsi_14": {
      "mean": 50.5177011153675,
      "std": 12.295176372147294
    },
    "bollinger_percent_b_20_2": {
      "mean": 0.5184030630101644,
      "std": 0.332157571134535
    },
    "bollinger_bandwidth_20_2": {
      "mean": 0.22409085166333587,
      "std": 0.2239321437188644
    },
    "macd_hist_12_26_9": {
      "mean": 0.0006901690714577973,
      "std": 0.3721602129020831
    },
    "high_low_range_pct": {
      "mean": 4.332076901436708,
      "std": 3.769596904504125
    },
    "close_z_score_20": {
      "mean": 0.0736122520406573,
      "std": 1.32863028453814
    },
    "dist_to_sma_10": {
      "mean": -0.0007027838108733784,
      "std": 0.07140219433540422
    },
    "trend_efficiency_20": {
      "mean": 4.735122270535949,
      "std": 3.466838755406486
    },
    "overnight_vol_20": {
      "mean": 0.017363759640564774,
      "std": 0.01860704441918702
    },
    "stochastic_k_20": {
      "mean": 0.5041298773466131,
      "std": 0.2996012357313113
    }
  },
  "TRAIN_WINDOW": "2017-01-01 -> 2023-12-31",
  "LABEL_CONTRACT": "TripleBarrier.ATR.daily.v1",
  "MODEL_HASH": "812fcd274eb215d387618212d33eb10d203f7b4fcb7a9b8ffb3f8cdeb8c9b872",
  "RANDOM_SEED": 42
}
