{
  "ticker": "EMR",
  "best_params": {
    "hidden": 32,
    "lr": 0.001,
    "dropout": 0.3,
    "weight_decay": 0.0001,
    "num_layers": 1,
    "refit_epochs": 5
  },
  "kelly_fraction": null,
  "THRESHOLD_ENTRY": 0.58,
  "DIRECTION_MODE": "long_only",
  "CALIBRATION": {
    "theta_entry": 0.58,
    "kelly_fraction": null,
    "direction_mode": "long_only",
    "oof_trades": 25,
    "trade_floor_met": true,
    "oof_log_growth": 0.6108893116495647
  },
  "cv_auc_pr": 0.4927519448065287,
  "cv_folds": 4,
  "SEQ_LEN": 60,
  "FEATURE_MANIFEST": [
    "log_return_1",
    "log_return_5",
    "log_return_20",
    "dist_to_sma_20",
    "dist_to_sma_50",
    "sma_20_sma_50_ratio",
    "volume_z_score_20",
    "atr_pct_14",
    "realized_volatility_20",
    "rsi_14",
    "bollinger_percent_b_20_2",
    "bollinger_bandwidth_20_2",
    "macd_hist_12_26_9",
    "return_120",
    "ret_skew_20",
    "dist_to_sma_10",
    "overnight_vol_20",
    "bb_percent_b_20"
  ],
  "NORM_STATS": {
    "log_return_1": {
      "mean": 0.00031656433974604496,
      "std": 0.01857187297097474
    },
    "log_return_5": {
      "mean": 0.0015442942931308773,
      "std": 0.03870380840590488
    },
    "log_return_20": {
      "mean": 0.005645401243014866,
      "std": 0.07906364506207626
    },
    "dist_to_sma_20": {
      "mean": 0.0032593478692556055,
      "std": 0.042627377725704
    },
    "dist_to_sma_50": {
      "mean": 0.00806830714440464,
      "std": 0.06697459666341986
    },
    "sma_20_sma_50_ratio": {
      "mean": 0.004290497637211928,
      "std": 0.04224948163486908
    },
    "volume_z_score_20": {
      "mean": -0.003760556669663686,
      "std": 1.0848063554901346
    },
    "atr_pct_14": {
      "mean": 2.2494749471351496,
      "std": 1.0539288521117083
    },
    "realized_volatility_20": {
      "mean": 0.06922891170030171,
      "std": 0.04224848897234904
    },
    "rsi_14": {
      "mean": 52.33164458298916,
      "std": 11.676681450425159
    },
    "bollinger_percent_b_20_2": {
      "mean": 0.5525786330059738,
      "std": 0.3333398868747814
    },
    "bollinger_bandwidth_20_2": {
      "mean": 0.10447646404329596,
      "std": 0.0713269528121692
    },
    "macd_hist_12_26_9": {
      "mean": 0.0022874453429042583,
      "std": 0.4213218317093496
    },
    "return_120": {
      "mean": 0.03782539892866682,
      "std": 0.14583084305320487
    },
    "ret_skew_20": {
      "mean": -0.04407193964345367,
      "std": 0.7811289256776545
    },
    "dist_to_sma_10": {
      "mean": 0.0015545786631426964,
      "std": 0.02877175603457345
    },
    "overnight_vol_20": {
      "mean": 0.00858244017835333,
      "std": 0.005491020953156863
    },
    "bb_percent_b_20": {
      "mean": 0.552568915850639,
      "std": 0.3333339703397591
    }
  },
  "TRAIN_WINDOW": "2017-01-01 -> 2023-12-31",
  "LABEL_CONTRACT": "TripleBarrier.ATR.daily.v1",
  "MODEL_HASH": "9919d54a8540e04fd1390bdcfcf4f039ff774cb889762520b398e5fa5876a437",
  "RANDOM_SEED": 42
}
