{
  "ticker": "KMI",
  "best_params": {
    "hidden": 32,
    "lr": 0.001,
    "dropout": 0.3,
    "weight_decay": 0.0001,
    "num_layers": 1,
    "refit_epochs": 5
  },
  "kelly_fraction": null,
  "THRESHOLD_ENTRY": 0.54,
  "DIRECTION_MODE": "both",
  "CALIBRATION": {
    "theta_entry": 0.54,
    "kelly_fraction": null,
    "direction_mode": "both",
    "oof_trades": 47,
    "trade_floor_met": true,
    "oof_log_growth": 0.28525628260183356
  },
  "cv_auc_pr": 0.4255125059253855,
  "cv_folds": 4,
  "SEQ_LEN": 60,
  "FEATURE_MANIFEST": [
    "log_return_1",
    "log_return_5",
    "log_return_20",
    "dist_to_sma_20",
    "dist_to_sma_50",
    "sma_20_sma_50_ratio",
    "volume_z_score_20",
    "atr_pct_14",
    "realized_volatility_20",
    "rsi_14",
    "bollinger_percent_b_20_2",
    "bollinger_bandwidth_20_2",
    "macd_hist_12_26_9",
    "atr_ratio_5_20",
    "drawdown_from_max_60",
    "trend_efficiency_20"
  ],
  "NORM_STATS": {
    "log_return_1": {
      "mean": -9.13524871806266e-05,
      "std": 0.018774017098543788
    },
    "log_return_5": {
      "mean": -0.000465507030564366,
      "std": 0.040882999333620836
    },
    "log_return_20": {
      "mean": -0.002041695132213402,
      "std": 0.0804810593019456
    },
    "dist_to_sma_20": {
      "mean": -0.0004772790666370803,
      "std": 0.043048769709783996
    },
    "dist_to_sma_50": {
      "mean": -0.0017712054927271756,
      "std": 0.06335827998592095
    },
    "sma_20_sma_50_ratio": {
      "mean": -0.0016492279650148695,
      "std": 0.03982381905135662
    },
    "volume_z_score_20": {
      "mean": 0.004100952513818818,
      "std": 1.0797634949670292
    },
    "atr_pct_14": {
      "mean": 2.390891822908055,
      "std": 1.1802924361376703
    },
    "realized_volatility_20": {
      "mean": 0.06814417654829004,
      "std": 0.04571113061072468
    },
    "rsi_14": {
      "mean": 50.18161856416112,
      "std": 11.007615750162381
    },
    "bollinger_percent_b_20_2": {
      "mean": 0.5017053486244248,
      "std": 0.3313841120829057
    },
    "bollinger_bandwidth_20_2": {
      "mean": 0.10125720582990884,
      "std": 0.083085247155649
    },
    "macd_hist_12_26_9": {
      "mean": 0.0005472249609589908,
      "std": 0.10606796720463327
    },
    "atr_ratio_5_20": {
      "mean": 0.9883866075156464,
      "std": 0.14272918407868565
    },
    "drawdown_from_max_60": {
      "mean": -0.07603272000008589,
      "std": 0.07459417506305506
    },
    "trend_efficiency_20": {
      "mean": 4.3447392566141785,
      "std": 2.9733783467452
    }
  },
  "TRAIN_WINDOW": "2017-01-01 -> 2023-12-31",
  "LABEL_CONTRACT": "TripleBarrier.ATR.daily.v1",
  "MODEL_HASH": "92e0abea78e65a43c1dac3318c0d3e6a4c19e56a46292e82325b93e74098eb3a",
  "RANDOM_SEED": 42
}
