{
  "ticker": "LHX",
  "best_params": {
    "hidden": 32,
    "lr": 0.001,
    "dropout": 0.3,
    "weight_decay": 0.0001,
    "num_layers": 1,
    "refit_epochs": 5
  },
  "kelly_fraction": null,
  "THRESHOLD_ENTRY": 0.52,
  "DIRECTION_MODE": "both",
  "CALIBRATION": {
    "theta_entry": 0.52,
    "kelly_fraction": null,
    "direction_mode": "both",
    "oof_trades": 78,
    "trade_floor_met": true,
    "oof_log_growth": 0.5438512262168853
  },
  "cv_auc_pr": 0.4919672770321804,
  "cv_folds": 4,
  "SEQ_LEN": 60,
  "FEATURE_MANIFEST": [
    "log_return_1",
    "log_return_5",
    "log_return_20",
    "dist_to_sma_20",
    "dist_to_sma_50",
    "sma_20_sma_50_ratio",
    "volume_z_score_20",
    "atr_pct_14",
    "realized_volatility_20",
    "rsi_14",
    "bollinger_percent_b_20_2",
    "bollinger_bandwidth_20_2",
    "macd_hist_12_26_9",
    "momentum_60",
    "atr_ratio_5_20",
    "ret_skew_20"
  ],
  "NORM_STATS": {
    "log_return_1": {
      "mean": 0.00040939223342985494,
      "std": 0.016956430024444604
    },
    "log_return_5": {
      "mean": 0.002017119440437547,
      "std": 0.03624015131263324
    },
    "log_return_20": {
      "mean": 0.00761605097520351,
      "std": 0.06903403946891494
    },
    "dist_to_sma_20": {
      "mean": 0.004064736365445886,
      "std": 0.03840396045118418
    },
    "dist_to_sma_50": {
      "mean": 0.00977267747480749,
      "std": 0.056903447069174065
    },
    "sma_20_sma_50_ratio": {
      "mean": 0.005395614476010477,
      "std": 0.03444521048814136
    },
    "volume_z_score_20": {
      "mean": 0.024587572031876274,
      "std": 1.0920773280340486
    },
    "atr_pct_14": {
      "mean": 2.149306745681987,
      "std": 0.8473095980204102
    },
    "realized_volatility_20": {
      "mean": 0.06542533105031646,
      "std": 0.034929530876068086
    },
    "rsi_14": {
      "mean": 52.7596706646773,
      "std": 12.176984694501195
    },
    "bollinger_percent_b_20_2": {
      "mean": 0.5449078600572824,
      "std": 0.33507284296137896
    },
    "bollinger_bandwidth_20_2": {
      "mean": 0.09829650048611636,
      "std": 0.060127878326510495
    },
    "macd_hist_12_26_9": {
      "mean": 0.011290415654420181,
      "std": 1.0476894743383371
    },
    "momentum_60": {
      "mean": 0.021876867897582527,
      "std": 0.10133747314351194
    },
    "atr_ratio_5_20": {
      "mean": 0.9983778213905316,
      "std": 0.1695569355821271
    },
    "ret_skew_20": {
      "mean": -0.027550166749418903,
      "std": 0.9960494504343707
    }
  },
  "TRAIN_WINDOW": "2017-01-01 -> 2023-12-31",
  "LABEL_CONTRACT": "TripleBarrier.ATR.daily.v1",
  "MODEL_HASH": "92cc13f3bcccee40bd1f7c73ea7cd7db76b49f07cbaed590664e0737b79360d3",
  "RANDOM_SEED": 42
}
