{
  "ticker": "KEY",
  "best_params": {
    "hidden": 32,
    "lr": 0.001,
    "dropout": 0.3,
    "weight_decay": 0.0001,
    "num_layers": 1,
    "refit_epochs": 5
  },
  "kelly_fraction": null,
  "THRESHOLD_ENTRY": 0.52,
  "DIRECTION_MODE": "both",
  "CALIBRATION": {
    "theta_entry": 0.52,
    "kelly_fraction": null,
    "direction_mode": "both",
    "oof_trades": 48,
    "trade_floor_met": true,
    "oof_log_growth": 0.37354165077485585
  },
  "cv_auc_pr": 0.44082102405340995,
  "cv_folds": 4,
  "SEQ_LEN": 60,
  "FEATURE_MANIFEST": [
    "log_return_1",
    "log_return_5",
    "log_return_20",
    "dist_to_sma_20",
    "dist_to_sma_50",
    "sma_20_sma_50_ratio",
    "volume_z_score_20",
    "atr_pct_14",
    "realized_volatility_20",
    "rsi_14",
    "bollinger_percent_b_20_2",
    "bollinger_bandwidth_20_2",
    "macd_hist_12_26_9",
    "atr_ratio_5_20",
    "vol_regime_20_60",
    "downside_vol_20"
  ],
  "NORM_STATS": {
    "log_return_1": {
      "mean": -0.00013555645422957388,
      "std": 0.027565916443779752
    },
    "log_return_5": {
      "mean": -0.0006764395767093289,
      "std": 0.05853915467994783
    },
    "log_return_20": {
      "mean": -0.0031223790963886165,
      "std": 0.11831702187167675
    },
    "dist_to_sma_20": {
      "mean": -0.00035791533309095287,
      "std": 0.06342747847311843
    },
    "dist_to_sma_50": {
      "mean": -0.0015971687191608777,
      "std": 0.09712107124407678
    },
    "sma_20_sma_50_ratio": {
      "mean": -0.0023310658151599133,
      "std": 0.060712890951355486
    },
    "volume_z_score_20": {
      "mean": -0.00467272662442637,
      "std": 1.0855480215250377
    },
    "atr_pct_14": {
      "mean": 3.256764891978494,
      "std": 1.7324162297757926
    },
    "realized_volatility_20": {
      "mean": 0.09962949508195931,
      "std": 0.06726117702332204
    },
    "rsi_14": {
      "mean": 50.79045910261378,
      "std": 11.25098030652161
    },
    "bollinger_percent_b_20_2": {
      "mean": 0.5195052169975091,
      "std": 0.3360499536752539
    },
    "bollinger_bandwidth_20_2": {
      "mean": 0.15011437778501838,
      "std": 0.1176458913244348
    },
    "macd_hist_12_26_9": {
      "mean": 0.00016673382986556487,
      "std": 0.13955843394011788
    },
    "atr_ratio_5_20": {
      "mean": 0.9925594162055684,
      "std": 0.1604476640478193
    },
    "vol_regime_20_60": {
      "mean": 0.9536023891610297,
      "std": 0.2265573996688977
    },
    "downside_vol_20": {
      "mean": 0.013036622026782735,
      "std": 0.010677909148886075
    }
  },
  "TRAIN_WINDOW": "2017-01-01 -> 2023-12-31",
  "LABEL_CONTRACT": "TripleBarrier.ATR.daily.v1",
  "MODEL_HASH": "8de83d5c96e52f9877e7baf123b0820353aa4022ec55b3bace4564298837818b",
  "RANDOM_SEED": 42
}
