{
  "ticker": "ABBV",
  "best_params": {
    "hidden": 32,
    "lr": 0.001,
    "dropout": 0.3,
    "weight_decay": 0.0001,
    "num_layers": 1,
    "refit_epochs": 5
  },
  "kelly_fraction": null,
  "THRESHOLD_ENTRY": 0.5,
  "DIRECTION_MODE": "both",
  "CALIBRATION": {
    "theta_entry": 0.5,
    "kelly_fraction": null,
    "direction_mode": "both",
    "oof_trades": 106,
    "trade_floor_met": true,
    "oof_log_growth": 0.18853601569382947
  },
  "cv_auc_pr": 0.4931367800845035,
  "cv_folds": 4,
  "SEQ_LEN": 60,
  "FEATURE_MANIFEST": [
    "log_return_1",
    "log_return_5",
    "log_return_20",
    "dist_to_sma_20",
    "dist_to_sma_50",
    "sma_20_sma_50_ratio",
    "volume_z_score_20",
    "atr_pct_14",
    "realized_volatility_20",
    "rsi_14",
    "bollinger_percent_b_20_2",
    "bollinger_bandwidth_20_2",
    "macd_hist_12_26_9",
    "obv_z20",
    "downside_vol_20",
    "zscore_close_20"
  ],
  "NORM_STATS": {
    "log_return_1": {
      "mean": 0.000514948718361388,
      "std": 0.01662596547223408
    },
    "log_return_5": {
      "mean": 0.0025779958563100468,
      "std": 0.03742782586082954
    },
    "log_return_20": {
      "mean": 0.010200203162716298,
      "std": 0.0753859104391923
    },
    "dist_to_sma_20": {
      "mean": 0.005290342904933592,
      "std": 0.041455997335014656
    },
    "dist_to_sma_50": {
      "mean": 0.01327722583655519,
      "std": 0.065773415437085
    },
    "sma_20_sma_50_ratio": {
      "mean": 0.0074666019691466,
      "std": 0.04000381480644868
    },
    "volume_z_score_20": {
      "mean": -0.021310932888130664,
      "std": 1.0758394194444094
    },
    "atr_pct_14": {
      "mean": 2.2523245033218946,
      "std": 0.8422517579697987
    },
    "realized_volatility_20": {
      "mean": 0.06420245664839076,
      "std": 0.03349747834183341
    },
    "rsi_14": {
      "mean": 53.241878478027445,
      "std": 13.267355237021905
    },
    "bollinger_percent_b_20_2": {
      "mean": 0.5515940361673642,
      "std": 0.3405125018325046
    },
    "bollinger_bandwidth_20_2": {
      "mean": 0.10383117877209448,
      "std": 0.0651664325534765
    },
    "macd_hist_12_26_9": {
      "mean": 0.005885104894212119,
      "std": 0.6108889194098347
    },
    "obv_z20": {
      "mean": 0.29942845379456084,
      "std": 1.3256918801825601
    },
    "downside_vol_20": {
      "mean": 0.008608996346292532,
      "std": 0.006167499478159693
    },
    "zscore_close_20": {
      "mean": 0.20637614466945697,
      "std": 1.3620500073300184
    }
  },
  "TRAIN_WINDOW": "2017-01-01 -> 2023-12-31",
  "LABEL_CONTRACT": "TripleBarrier.ATR.daily.v1",
  "MODEL_HASH": "282b4d46adfca98c86bd1862f7cb8024f4fdb27df90f4c077fd383df0a8b4bce",
  "RANDOM_SEED": 42
}
