{
  "ticker": "NSC",
  "best_params": {
    "hidden": 32,
    "lr": 0.001,
    "dropout": 0.3,
    "weight_decay": 0.0001,
    "num_layers": 1,
    "refit_epochs": 5
  },
  "kelly_fraction": null,
  "THRESHOLD_ENTRY": 0.56,
  "DIRECTION_MODE": "long_only",
  "CALIBRATION": {
    "theta_entry": 0.56,
    "kelly_fraction": null,
    "direction_mode": "long_only",
    "oof_trades": 36,
    "trade_floor_met": true,
    "oof_log_growth": 0.5892794787991315
  },
  "cv_auc_pr": 0.5326101535746097,
  "cv_folds": 4,
  "SEQ_LEN": 60,
  "FEATURE_MANIFEST": [
    "log_return_1",
    "log_return_5",
    "log_return_20",
    "dist_to_sma_20",
    "dist_to_sma_50",
    "sma_20_sma_50_ratio",
    "volume_z_score_20",
    "atr_pct_14",
    "realized_volatility_20",
    "rsi_14",
    "bollinger_percent_b_20_2",
    "bollinger_bandwidth_20_2",
    "macd_hist_12_26_9",
    "momentum_60",
    "overnight_intraday_spread_20"
  ],
  "NORM_STATS": {
    "log_return_1": {
      "mean": 0.00044464146927963285,
      "std": 0.018159710628892874
    },
    "log_return_5": {
      "mean": 0.0021963419687181748,
      "std": 0.037627163631439926
    },
    "log_return_20": {
      "mean": 0.008554196718554374,
      "std": 0.0795398613941837
    },
    "dist_to_sma_20": {
      "mean": 0.0045670365512376155,
      "std": 0.042807773602643685
    },
    "dist_to_sma_50": {
      "mean": 0.011388917689001556,
      "std": 0.06720736693269985
    },
    "sma_20_sma_50_ratio": {
      "mean": 0.0063144742961465964,
      "std": 0.04221218184508986
    },
    "volume_z_score_20": {
      "mean": -0.016834630819354626,
      "std": 1.065188313057279
    },
    "atr_pct_14": {
      "mean": 2.3157545027086934,
      "std": 0.8778151145456116
    },
    "realized_volatility_20": {
      "mean": 0.07004448076094996,
      "std": 0.03693101387909327
    },
    "rsi_14": {
      "mean": 52.75946462393382,
      "std": 12.34320135637215
    },
    "bollinger_percent_b_20_2": {
      "mean": 0.5512509687490933,
      "std": 0.33807813925759256
    },
    "bollinger_bandwidth_20_2": {
      "mean": 0.10849886615063255,
      "std": 0.06322459910200438
    },
    "macd_hist_12_26_9": {
      "mean": 0.010852871898296526,
      "std": 1.1758176906221824
    },
    "momentum_60": {
      "mean": 0.024921669156218334,
      "std": 0.12169754075861902
    },
    "overnight_intraday_spread_20": {
      "mean": -0.0003550864135556969,
      "std": 0.00409796471037564
    }
  },
  "TRAIN_WINDOW": "2017-01-01 -> 2023-12-31",
  "LABEL_CONTRACT": "TripleBarrier.ATR.daily.v1",
  "MODEL_HASH": "cc24f01082ee1f9344b8bc2d3e09b3f0170e1d671587e04b2761a8a020a15ed6",
  "RANDOM_SEED": 42
}
