{
  "ticker": "ANET",
  "best_params": {
    "hidden": 32,
    "lr": 0.001,
    "dropout": 0.3,
    "weight_decay": 0.0001,
    "num_layers": 1,
    "refit_epochs": 5
  },
  "kelly_fraction": null,
  "THRESHOLD_ENTRY": 0.54,
  "DIRECTION_MODE": "long_only",
  "CALIBRATION": {
    "theta_entry": 0.54,
    "kelly_fraction": null,
    "direction_mode": "long_only",
    "oof_trades": 32,
    "trade_floor_met": true,
    "oof_log_growth": 0.7299549867155721
  },
  "cv_auc_pr": 0.518415862707875,
  "cv_folds": 4,
  "SEQ_LEN": 60,
  "FEATURE_MANIFEST": [
    "log_return_1",
    "log_return_5",
    "log_return_20",
    "dist_to_sma_20",
    "dist_to_sma_50",
    "sma_20_sma_50_ratio",
    "volume_z_score_20",
    "atr_pct_14",
    "realized_volatility_20",
    "rsi_14",
    "bollinger_percent_b_20_2",
    "bollinger_bandwidth_20_2",
    "macd_hist_12_26_9",
    "volume_trend_5_20",
    "dist_to_sma_200",
    "close_z_score_20",
    "reversal_2d",
    "overnight_intraday_spread_20"
  ],
  "NORM_STATS": {
    "log_return_1": {
      "mean": 0.0005050293081858149,
      "std": 0.042918020195359924
    },
    "log_return_5": {
      "mean": 0.0025363838345108733,
      "std": 0.09577449723459476
    },
    "log_return_20": {
      "mean": 0.00985805126150676,
      "std": 0.18076642353627217
    },
    "dist_to_sma_20": {
      "mean": 0.00726382468450311,
      "std": 0.08865943694722105
    },
    "dist_to_sma_50": {
      "mean": 0.01716548839862,
      "std": 0.13393439757822553
    },
    "sma_20_sma_50_ratio": {
      "mean": 0.008426247079951807,
      "std": 0.08597622083096268
    },
    "volume_z_score_20": {
      "mean": 0.011257674811115918,
      "std": 1.0780917060261692
    },
    "atr_pct_14": {
      "mean": 3.4974283867202005,
      "std": 2.196160123531776
    },
    "realized_volatility_20": {
      "mean": 0.12331054783214916,
      "std": 0.14142313031880963
    },
    "rsi_14": {
      "mean": 53.67706252668774,
      "std": 13.735980254869318
    },
    "bollinger_percent_b_20_2": {
      "mean": 0.5800667135962194,
      "std": 0.3404056320060955
    },
    "bollinger_bandwidth_20_2": {
      "mean": 0.1926656995077822,
      "std": 0.24346814015527576
    },
    "macd_hist_12_26_9": {
      "mean": 0.011024433477249719,
      "std": 3.9199862241944374
    },
    "volume_trend_5_20": {
      "mean": 0.0071798484780163175,
      "std": 0.34576198869814256
    },
    "dist_to_sma_200": {
      "mean": 0.07085812382113357,
      "std": 0.2711167703197316
    },
    "close_z_score_20": {
      "mean": 0.32026685438487745,
      "std": 1.361622528024382
    },
    "reversal_2d": {
      "mean": -0.0010139149448311223,
      "std": 0.060806602576516905
    },
    "overnight_intraday_spread_20": {
      "mean": -0.0005887963279544527,
      "std": 0.008076779867578014
    }
  },
  "TRAIN_WINDOW": "2017-01-01 -> 2023-12-31",
  "LABEL_CONTRACT": "TripleBarrier.ATR.daily.v1",
  "MODEL_HASH": "b372b6c0f98bc3e55a510468230ce2bc7352ac1ad15b39e8f5ec0e7f8b9fa8dc",
  "RANDOM_SEED": 42
}
