{
  "ticker": "SPG",
  "best_params": {
    "hidden": 32,
    "lr": 0.001,
    "dropout": 0.3,
    "weight_decay": 0.0001,
    "num_layers": 1,
    "refit_epochs": 5
  },
  "kelly_fraction": null,
  "THRESHOLD_ENTRY": 0.58,
  "DIRECTION_MODE": "both",
  "CALIBRATION": {
    "theta_entry": 0.58,
    "kelly_fraction": null,
    "direction_mode": "both",
    "oof_trades": 12,
    "trade_floor_met": true,
    "oof_log_growth": 0.07026521903940443
  },
  "cv_auc_pr": 0.43138663841949904,
  "cv_folds": 4,
  "SEQ_LEN": 60,
  "FEATURE_MANIFEST": [
    "log_return_1",
    "log_return_5",
    "log_return_20",
    "dist_to_sma_20",
    "dist_to_sma_50",
    "sma_20_sma_50_ratio",
    "volume_z_score_20",
    "atr_pct_14",
    "realized_volatility_20",
    "rsi_14",
    "bollinger_percent_b_20_2",
    "bollinger_bandwidth_20_2",
    "macd_hist_12_26_9",
    "gap_open_z20",
    "rsi_2",
    "dist_to_sma_10",
    "down_streak_10",
    "momentum_acceleration_10"
  ],
  "NORM_STATS": {
    "log_return_1": {
      "mean": -0.00012596489254627363,
      "std": 0.026731646674791193
    },
    "log_return_5": {
      "mean": -0.0005831796902437713,
      "std": 0.06302165944396766
    },
    "log_return_20": {
      "mean": -0.002977280593706892,
      "std": 0.12443096570608554
    },
    "dist_to_sma_20": {
      "mean": -0.00014945279013213084,
      "std": 0.0643203025577087
    },
    "dist_to_sma_50": {
      "mean": -0.0014789345238458288,
      "std": 0.09959287627357179
    },
    "sma_20_sma_50_ratio": {
      "mean": -0.0025785129702514966,
      "std": 0.06386162090871673
    },
    "volume_z_score_20": {
      "mean": 0.0011260675771212975,
      "std": 1.0741625676239892
    },
    "atr_pct_14": {
      "mean": 2.9621421895164106,
      "std": 2.298857680383169
    },
    "realized_volatility_20": {
      "mean": 0.08780109962646739,
      "std": 0.07614964029833196
    },
    "rsi_14": {
      "mean": 50.16208668887679,
      "std": 11.610278544824618
    },
    "bollinger_percent_b_20_2": {
      "mean": 0.500169424327471,
      "std": 0.33261619978290163
    },
    "bollinger_bandwidth_20_2": {
      "mean": 0.13452950664928026,
      "std": 0.14507648590764144
    },
    "macd_hist_12_26_9": {
      "mean": 0.017941301192142843,
      "std": 0.9058899534212812
    },
    "gap_open_z20": {
      "mean": -0.016273436654404255,
      "std": 1.0089461421625294
    },
    "rsi_2": {
      "mean": 50.84861180638636,
      "std": 30.880060940682853
    },
    "dist_to_sma_10": {
      "mean": -8.838313456733526e-05,
      "std": 0.04454798620607611
    },
    "down_streak_10": {
      "mean": 0.09198863636363637,
      "std": 0.12711179709915543
    },
    "momentum_acceleration_10": {
      "mean": 0.0005313704147731426,
      "std": 0.11572857329096667
    }
  },
  "TRAIN_WINDOW": "2017-01-01 -> 2023-12-31",
  "LABEL_CONTRACT": "TripleBarrier.ATR.daily.v1",
  "MODEL_HASH": "6024c434e026156028a60dfbc9771ce1e91b956f0d0ef3884c48d994b80c1c45",
  "RANDOM_SEED": 42
}
