{
  "ticker": "ACN",
  "best_params": {
    "hidden": 32,
    "lr": 0.001,
    "dropout": 0.3,
    "weight_decay": 0.0001,
    "num_layers": 1,
    "refit_epochs": 5
  },
  "kelly_fraction": null,
  "THRESHOLD_ENTRY": 0.52,
  "DIRECTION_MODE": "both",
  "CALIBRATION": {
    "theta_entry": 0.52,
    "kelly_fraction": null,
    "direction_mode": "both",
    "oof_trades": 90,
    "trade_floor_met": true,
    "oof_log_growth": 0.6207247672373534
  },
  "cv_auc_pr": 0.5637508437411919,
  "cv_folds": 4,
  "SEQ_LEN": 60,
  "FEATURE_MANIFEST": [
    "log_return_1",
    "log_return_5",
    "log_return_20",
    "dist_to_sma_20",
    "dist_to_sma_50",
    "sma_20_sma_50_ratio",
    "volume_z_score_20",
    "atr_pct_14",
    "realized_volatility_20",
    "rsi_14",
    "bollinger_percent_b_20_2",
    "bollinger_bandwidth_20_2",
    "macd_hist_12_26_9",
    "volume_trend_5_20",
    "ma_slope_10",
    "zscore_close_20"
  ],
  "NORM_STATS": {
    "log_return_1": {
      "mean": 0.0006235969097811657,
      "std": 0.016289346752491305
    },
    "log_return_5": {
      "mean": 0.0031328401578240473,
      "std": 0.03357374871376319
    },
    "log_return_20": {
      "mean": 0.0119087647152241,
      "std": 0.06787863287096176
    },
    "dist_to_sma_20": {
      "mean": 0.006077299387881876,
      "std": 0.037312677727920726
    },
    "dist_to_sma_50": {
      "mean": 0.01516752238980807,
      "std": 0.056252088013217454
    },
    "sma_20_sma_50_ratio": {
      "mean": 0.008750178822259926,
      "std": 0.0347546650970674
    },
    "volume_z_score_20": {
      "mean": 0.02479518754294227,
      "std": 1.1039419838084394
    },
    "atr_pct_14": {
      "mean": 1.9911270515622712,
      "std": 0.9141988969993192
    },
    "realized_volatility_20": {
      "mean": 0.061848800129999944,
      "std": 0.03559017683010508
    },
    "rsi_14": {
      "mean": 55.231927187335266,
      "std": 12.142817528847527
    },
    "bollinger_percent_b_20_2": {
      "mean": 0.5941617667882183,
      "std": 0.33272193133535066
    },
    "bollinger_bandwidth_20_2": {
      "mean": 0.09633920925998606,
      "std": 0.055060393700213296
    },
    "macd_hist_12_26_9": {
      "mean": 0.014802144563856099,
      "std": 1.352672015494915
    },
    "volume_trend_5_20": {
      "mean": 0.0019219425847370774,
      "std": 0.21578245518690956
    },
    "ma_slope_10": {
      "mean": 0.0006200807383452128,
      "std": 0.004748602765508588
    },
    "zscore_close_20": {
      "mean": 0.37664706715287316,
      "std": 1.3308877253414026
    }
  },
  "TRAIN_WINDOW": "2017-01-01 -> 2023-12-31",
  "LABEL_CONTRACT": "TripleBarrier.ATR.daily.v1",
  "MODEL_HASH": "e439f4d1d15ad29ab2a1ecc59e0709ece0721275fa33ce3b75217e0333fccc3c",
  "RANDOM_SEED": 42
}
