{
  "ticker": "EPAM",
  "best_params": {
    "hidden": 32,
    "lr": 0.001,
    "dropout": 0.3,
    "weight_decay": 0.0001,
    "num_layers": 1,
    "refit_epochs": 5
  },
  "kelly_fraction": null,
  "THRESHOLD_ENTRY": 0.52,
  "DIRECTION_MODE": "both",
  "CALIBRATION": {
    "theta_entry": 0.52,
    "kelly_fraction": null,
    "direction_mode": "both",
    "oof_trades": 95,
    "trade_floor_met": true,
    "oof_log_growth": 0.19393099638742473
  },
  "cv_auc_pr": 0.4734149603028727,
  "cv_folds": 4,
  "SEQ_LEN": 60,
  "FEATURE_MANIFEST": [
    "log_return_1",
    "log_return_5",
    "log_return_20",
    "dist_to_sma_20",
    "dist_to_sma_50",
    "sma_20_sma_50_ratio",
    "volume_z_score_20",
    "atr_pct_14",
    "realized_volatility_20",
    "rsi_14",
    "bollinger_percent_b_20_2",
    "bollinger_bandwidth_20_2",
    "macd_hist_12_26_9",
    "dist_to_sma_10",
    "xas_mkt_lead_ret_1",
    "price_volume_rank_divergence",
    "range_compression_60",
    "vol_of_vol_20",
    "trend_align_5_10"
  ],
  "NORM_STATS": {
    "log_return_1": {
      "mean": 0.0008700042097473541,
      "std": 0.03113142807625063
    },
    "log_return_5": {
      "mean": 0.004373121239176882,
      "std": 0.0680373835119082
    },
    "log_return_20": {
      "mean": 0.01703637996425556,
      "std": 0.1293646923407201
    },
    "dist_to_sma_20": {
      "mean": 0.009443589966902467,
      "std": 0.06890962894929459
    },
    "dist_to_sma_50": {
      "mean": 0.02320822514834563,
      "std": 0.10387001839187765
    },
    "sma_20_sma_50_ratio": {
      "mean": 0.01238279187340187,
      "std": 0.06437308256579272
    },
    "volume_z_score_20": {
      "mean": -0.0032382917490327806,
      "std": 1.0625288762829017
    },
    "atr_pct_14": {
      "mean": 3.3172176062246224,
      "std": 1.987056388018072
    },
    "realized_volatility_20": {
      "mean": 0.10618949663819992,
      "std": 0.08516788651073723
    },
    "rsi_14": {
      "mean": 55.34728832203168,
      "std": 12.962983046289533
    },
    "bollinger_percent_b_20_2": {
      "mean": 0.5950723532137701,
      "std": 0.3266969452233014
    },
    "bollinger_bandwidth_20_2": {
      "mean": 0.164076925714268,
      "std": 0.14343015059025116
    },
    "macd_hist_12_26_9": {
      "mean": 0.027597743275393383,
      "std": 3.2358960129958874
    },
    "dist_to_sma_10": {
      "mean": 0.004534836438382747,
      "std": 0.0499798747946762
    },
    "xas_mkt_lead_ret_1": {
      "mean": 0.00034280214038043293,
      "std": 0.012745887690713279
    },
    "price_volume_rank_divergence": {
      "mean": 0.1457528409090909,
      "std": 0.4682134064996646
    },
    "range_compression_60": {
      "mean": 0.5193560606060605,
      "std": 0.29463804963302326
    },
    "vol_of_vol_20": {
      "mean": 0.006100190387685932,
      "std": 0.008549940158549046
    },
    "trend_align_5_10": {
      "mean": 0.4778409090909091,
      "std": 0.8774756521662741
    }
  },
  "TRAIN_WINDOW": "2017-01-01 -> 2023-12-31",
  "LABEL_CONTRACT": "TripleBarrier.ATR.daily.v1",
  "MODEL_HASH": "56b5b4dc27c1ce609eb5e40a6f664ca20937743dbe71b1a1b04ec7a61166f400",
  "RANDOM_SEED": 42
}
