{
  "ticker": "APTV",
  "best_params": {
    "hidden": 32,
    "lr": 0.001,
    "dropout": 0.3,
    "weight_decay": 0.0001,
    "num_layers": 1,
    "refit_epochs": 5
  },
  "kelly_fraction": null,
  "THRESHOLD_ENTRY": 0.5,
  "DIRECTION_MODE": "both",
  "CALIBRATION": {
    "theta_entry": 0.5,
    "kelly_fraction": null,
    "direction_mode": "both",
    "oof_trades": 96,
    "trade_floor_met": true,
    "oof_log_growth": 0.17468389937168613
  },
  "cv_auc_pr": 0.4898666617015257,
  "cv_folds": 4,
  "SEQ_LEN": 60,
  "FEATURE_MANIFEST": [
    "log_return_1",
    "log_return_5",
    "log_return_20",
    "dist_to_sma_20",
    "dist_to_sma_50",
    "sma_20_sma_50_ratio",
    "volume_z_score_20",
    "atr_pct_14",
    "realized_volatility_20",
    "rsi_14",
    "bollinger_percent_b_20_2",
    "bollinger_bandwidth_20_2",
    "macd_hist_12_26_9",
    "atr_ratio_5_20",
    "reversal_2d",
    "trend_align_5_10"
  ],
  "NORM_STATS": {
    "log_return_1": {
      "mean": -6.219508816205059e-05,
      "std": 0.028765573150080454
    },
    "log_return_5": {
      "mean": -0.00038519863816197916,
      "std": 0.0637652575909107
    },
    "log_return_20": {
      "mean": -0.0012800513239375863,
      "std": 0.12352885645785587
    },
    "dist_to_sma_20": {
      "mean": 0.0008181385783424467,
      "std": 0.06647383698135553
    },
    "dist_to_sma_50": {
      "mean": 0.0011650226119253942,
      "std": 0.10047449616763794
    },
    "sma_20_sma_50_ratio": {
      "mean": -0.000514655623002973,
      "std": 0.0624746607237091
    },
    "volume_z_score_20": {
      "mean": 0.022205034169191198,
      "std": 1.089210894951577
    },
    "atr_pct_14": {
      "mean": 3.3851277168629785,
      "std": 1.6104225921317479
    },
    "realized_volatility_20": {
      "mean": 0.10675522445706204,
      "std": 0.06590092118879387
    },
    "rsi_14": {
      "mean": 50.997988737247006,
      "std": 12.252080506442482
    },
    "bollinger_percent_b_20_2": {
      "mean": 0.5137732235772348,
      "std": 0.33978188486147887
    },
    "bollinger_bandwidth_20_2": {
      "mean": 0.16700075371438994,
      "std": 0.11140631087325016
    },
    "macd_hist_12_26_9": {
      "mean": 0.010602065647912374,
      "std": 0.8815829117398544
    },
    "atr_ratio_5_20": {
      "mean": 0.9905132968597623,
      "std": 0.15800097374119154
    },
    "reversal_2d": {
      "mean": 0.00014129590343416,
      "std": 0.03953952706961338
    },
    "trend_align_5_10": {
      "mean": 0.5091623036649214,
      "std": 0.859148385018275
    }
  },
  "TRAIN_WINDOW": "2017-01-01 -> 2023-12-31",
  "LABEL_CONTRACT": "TripleBarrier.ATR.daily.v1",
  "MODEL_HASH": "801fb37116d6af4f531e0ca38fafdb98fcdb7f9a7ed05c0c004a3aada913ab5b",
  "RANDOM_SEED": 42
}
