{
  "ticker": "CDW",
  "best_params": {
    "hidden": 32,
    "lr": 0.001,
    "dropout": 0.3,
    "weight_decay": 0.0001,
    "num_layers": 1,
    "refit_epochs": 5
  },
  "kelly_fraction": null,
  "THRESHOLD_ENTRY": 0.6,
  "DIRECTION_MODE": "both",
  "CALIBRATION": {
    "theta_entry": 0.6,
    "kelly_fraction": null,
    "direction_mode": "both",
    "oof_trades": 14,
    "trade_floor_met": true,
    "oof_log_growth": 0.31069756193362197
  },
  "cv_auc_pr": 0.4872378729335094,
  "cv_folds": 4,
  "SEQ_LEN": 60,
  "FEATURE_MANIFEST": [
    "log_return_1",
    "log_return_5",
    "log_return_20",
    "dist_to_sma_20",
    "dist_to_sma_50",
    "sma_20_sma_50_ratio",
    "volume_z_score_20",
    "atr_pct_14",
    "realized_volatility_20",
    "rsi_14",
    "bollinger_percent_b_20_2",
    "bollinger_bandwidth_20_2",
    "macd_hist_12_26_9",
    "momentum_60",
    "high_low_range_pct",
    "volume_trend_5_20",
    "ret_skew_20",
    "dist_to_sma_200",
    "vol_of_vol_20"
  ],
  "NORM_STATS": {
    "log_return_1": {
      "mean": 0.0008374258562381935,
      "std": 0.019035313901860525
    },
    "log_return_5": {
      "mean": 0.00415695283274935,
      "std": 0.03994269257280203
    },
    "log_return_20": {
      "mean": 0.016140404121450413,
      "std": 0.07698451947334413
    },
    "dist_to_sma_20": {
      "mean": 0.008215929644162755,
      "std": 0.042598947333702154
    },
    "dist_to_sma_50": {
      "mean": 0.02105764017343474,
      "std": 0.06369926139265451
    },
    "sma_20_sma_50_ratio": {
      "mean": 0.012372887560754586,
      "std": 0.03944096247232529
    },
    "volume_z_score_20": {
      "mean": -0.009247477462436857,
      "std": 1.0620813443561148
    },
    "atr_pct_14": {
      "mean": 2.379436195336923,
      "std": 0.947427850602863
    },
    "realized_volatility_20": {
      "mean": 0.0736327651601,
      "std": 0.03924090336112427
    },
    "rsi_14": {
      "mean": 54.710667900345605,
      "std": 11.538079243435778
    },
    "bollinger_percent_b_20_2": {
      "mean": 0.5798842584454046,
      "std": 0.3297674183481561
    },
    "bollinger_bandwidth_20_2": {
      "mean": 0.11056549627748215,
      "std": 0.06541925319481535
    },
    "macd_hist_12_26_9": {
      "mean": 0.006147466232819152,
      "std": 0.8019601888133365
    },
    "momentum_60": {
      "mean": 0.05014533969993855,
      "std": 0.11677761474890323
    },
    "high_low_range_pct": {
      "mean": 2.2371276461412957,
      "std": 1.330464839546488
    },
    "volume_trend_5_20": {
      "mean": 0.002363734226766862,
      "std": 0.252184660843779
    },
    "ret_skew_20": {
      "mean": -0.07887117942025489,
      "std": 0.9806078435392808
    },
    "dist_to_sma_200": {
      "mean": 0.0881491963490447,
      "std": 0.10953152659094707
    },
    "vol_of_vol_20": {
      "mean": 0.004015052156756875,
      "std": 0.0029788676205559474
    }
  },
  "TRAIN_WINDOW": "2017-01-01 -> 2023-12-31",
  "LABEL_CONTRACT": "TripleBarrier.ATR.daily.v1",
  "MODEL_HASH": "e4aa850d042aa22bc4cb24cc9e47bbf4ec736accc6f7eb192e7df69a8f2f8405",
  "RANDOM_SEED": 42
}
