{
  "ticker": "J",
  "best_params": {
    "hidden": 32,
    "lr": 0.001,
    "dropout": 0.3,
    "weight_decay": 0.0001,
    "num_layers": 1,
    "refit_epochs": 5
  },
  "kelly_fraction": null,
  "THRESHOLD_ENTRY": 0.5,
  "DIRECTION_MODE": "both",
  "CALIBRATION": {
    "theta_entry": 0.5,
    "kelly_fraction": null,
    "direction_mode": "both",
    "oof_trades": 122,
    "trade_floor_met": true,
    "oof_log_growth": 0.30748520144992997
  },
  "cv_auc_pr": 0.42747492936497117,
  "cv_folds": 4,
  "SEQ_LEN": 60,
  "FEATURE_MANIFEST": [
    "log_return_1",
    "log_return_5",
    "log_return_20",
    "dist_to_sma_20",
    "dist_to_sma_50",
    "sma_20_sma_50_ratio",
    "volume_z_score_20",
    "atr_pct_14",
    "realized_volatility_20",
    "rsi_14",
    "bollinger_percent_b_20_2",
    "bollinger_bandwidth_20_2",
    "macd_hist_12_26_9",
    "dist_to_high_252",
    "reversal_2d",
    "range_compression_60",
    "ma_slope_10"
  ],
  "NORM_STATS": {
    "log_return_1": {
      "mean": 0.00046767215607308103,
      "std": 0.017781274180285665
    },
    "log_return_5": {
      "mean": 0.002293775102129306,
      "std": 0.03758140567581555
    },
    "log_return_20": {
      "mean": 0.008771705102149826,
      "std": 0.06893371690300304
    },
    "dist_to_sma_20": {
      "mean": 0.004565550564360604,
      "std": 0.03852619709061442
    },
    "dist_to_sma_50": {
      "mean": 0.011852712634213806,
      "std": 0.060058245477010615
    },
    "sma_20_sma_50_ratio": {
      "mean": 0.006854882061947297,
      "std": 0.03635957164352985
    },
    "volume_z_score_20": {
      "mean": -0.009600820138821282,
      "std": 1.0803707888775296
    },
    "atr_pct_14": {
      "mean": 2.3574722972563373,
      "std": 0.9186493919657837
    },
    "realized_volatility_20": {
      "mean": 0.07080339516926956,
      "std": 0.032740456826635574
    },
    "rsi_14": {
      "mean": 53.217754935151525,
      "std": 11.238334108648159
    },
    "bollinger_percent_b_20_2": {
      "mean": 0.5525615467818179,
      "std": 0.3268992934142472
    },
    "bollinger_bandwidth_20_2": {
      "mean": 0.10209275351208935,
      "std": 0.05871047881837047
    },
    "macd_hist_12_26_9": {
      "mean": -0.0024134560734927037,
      "std": 0.5141621016560881
    },
    "dist_to_high_252": {
      "mean": -0.10766358932908737,
      "std": 0.07407385015396038
    },
    "reversal_2d": {
      "mean": -0.0009340898501395943,
      "std": 0.024793063431043053
    },
    "range_compression_60": {
      "mean": 0.5112184953572105,
      "std": 0.2926151469635341
    },
    "ma_slope_10": {
      "mean": 0.00046154628062553113,
      "std": 0.005026985458693202
    }
  },
  "TRAIN_WINDOW": "2017-01-01 -> 2023-12-31",
  "LABEL_CONTRACT": "TripleBarrier.ATR.daily.v1",
  "MODEL_HASH": "c24a50614c92aee19e961c1d9ba90410b1dca7162fbd738468c832c2a6edb1e1",
  "RANDOM_SEED": 42
}
