{
  "ticker": "DLTR",
  "best_params": {
    "hidden": 32,
    "lr": 0.001,
    "dropout": 0.3,
    "weight_decay": 0.0001,
    "num_layers": 1,
    "refit_epochs": 5
  },
  "kelly_fraction": null,
  "THRESHOLD_ENTRY": 0.5,
  "DIRECTION_MODE": "long_only",
  "CALIBRATION": {
    "theta_entry": 0.5,
    "kelly_fraction": null,
    "direction_mode": "long_only",
    "oof_trades": 93,
    "trade_floor_met": true,
    "oof_log_growth": 0.47555697879725445
  },
  "cv_auc_pr": 0.44449177643219273,
  "cv_folds": 4,
  "SEQ_LEN": 60,
  "FEATURE_MANIFEST": [
    "log_return_1",
    "log_return_5",
    "log_return_20",
    "dist_to_sma_20",
    "dist_to_sma_50",
    "sma_20_sma_50_ratio",
    "volume_z_score_20",
    "atr_pct_14",
    "realized_volatility_20",
    "rsi_14",
    "bollinger_percent_b_20_2",
    "bollinger_bandwidth_20_2",
    "macd_hist_12_26_9",
    "volume_trend_5_20",
    "momentum_acceleration_10",
    "stochastic_k_20"
  ],
  "NORM_STATS": {
    "log_return_1": {
      "mean": 0.00034680017927962074,
      "std": 0.02240462773029904
    },
    "log_return_5": {
      "mean": 0.001680484203464237,
      "std": 0.04800630686196943
    },
    "log_return_20": {
      "mean": 0.005170344407580456,
      "std": 0.09313241706398244
    },
    "dist_to_sma_20": {
      "mean": 0.00333149485083004,
      "std": 0.051348439612508325
    },
    "dist_to_sma_50": {
      "mean": 0.007488349910568861,
      "std": 0.0824872281292005
    },
    "sma_20_sma_50_ratio": {
      "mean": 0.0033522769532092693,
      "std": 0.04999381780886351
    },
    "volume_z_score_20": {
      "mean": -0.021039054436278536,
      "std": 1.0924232154991782
    },
    "atr_pct_14": {
      "mean": 2.649194062958708,
      "std": 0.9048436964401259
    },
    "realized_volatility_20": {
      "mean": 0.08520384327919882,
      "std": 0.048595571281877074
    },
    "rsi_14": {
      "mean": 51.65104551761291,
      "std": 13.547136342227116
    },
    "bollinger_percent_b_20_2": {
      "mean": 0.5488716949208917,
      "std": 0.3431176106608081
    },
    "bollinger_bandwidth_20_2": {
      "mean": 0.13109127802589723,
      "std": 0.07911967030477764
    },
    "macd_hist_12_26_9": {
      "mean": 0.012253624727324462,
      "std": 0.829332792452429
    },
    "volume_trend_5_20": {
      "mean": 0.0040478207055029795,
      "std": 0.35061665711274503
    },
    "momentum_acceleration_10": {
      "mean": 0.0008327420121010753,
      "std": 0.09439023653161638
    },
    "stochastic_k_20": {
      "mean": 0.5466968589490806,
      "std": 0.307891180746602
    }
  },
  "TRAIN_WINDOW": "2017-01-01 -> 2023-12-31",
  "LABEL_CONTRACT": "TripleBarrier.ATR.daily.v1",
  "MODEL_HASH": "964030a9194e627456edbfe6a52f4da95caf3cba372f683f8427e080b216abcd",
  "RANDOM_SEED": 42
}
