{
  "ticker": "BRO",
  "best_params": {
    "hidden": 32,
    "lr": 0.001,
    "dropout": 0.3,
    "weight_decay": 0.0001,
    "num_layers": 1,
    "refit_epochs": 5
  },
  "kelly_fraction": null,
  "THRESHOLD_ENTRY": 0.5,
  "DIRECTION_MODE": "long_only",
  "CALIBRATION": {
    "theta_entry": 0.5,
    "kelly_fraction": null,
    "direction_mode": "long_only",
    "oof_trades": 119,
    "trade_floor_met": true,
    "oof_log_growth": 0.5440843559471731
  },
  "cv_auc_pr": 0.5318079837827423,
  "cv_folds": 4,
  "SEQ_LEN": 60,
  "FEATURE_MANIFEST": [
    "log_return_1",
    "log_return_5",
    "log_return_20",
    "dist_to_sma_20",
    "dist_to_sma_50",
    "sma_20_sma_50_ratio",
    "volume_z_score_20",
    "atr_pct_14",
    "realized_volatility_20",
    "rsi_14",
    "bollinger_percent_b_20_2",
    "bollinger_bandwidth_20_2",
    "macd_hist_12_26_9",
    "high_low_range_pct",
    "rsi_2",
    "reversal_2d",
    "xas_mkt_lead_ret_1",
    "illiquidity_amihud_20",
    "ma_slope_10"
  ],
  "NORM_STATS": {
    "log_return_1": {
      "mean": 0.000261657345188059,
      "std": 0.02241358887586461
    },
    "log_return_5": {
      "mean": 0.0012957349973276326,
      "std": 0.04841711245169167
    },
    "log_return_20": {
      "mean": 0.005503698492333938,
      "std": 0.09748825385227039
    },
    "dist_to_sma_20": {
      "mean": 0.003215446530283076,
      "std": 0.04921459653402874
    },
    "dist_to_sma_50": {
      "mean": 0.008809260755254785,
      "std": 0.07609026732003515
    },
    "sma_20_sma_50_ratio": {
      "mean": 0.004956545730992997,
      "std": 0.04966719216733962
    },
    "volume_z_score_20": {
      "mean": 0.021541141727713965,
      "std": 1.0918903128464015
    },
    "atr_pct_14": {
      "mean": 1.9767344294359703,
      "std": 1.0234995699349538
    },
    "realized_volatility_20": {
      "mean": 0.06386541337954486,
      "std": 0.07393900625728957
    },
    "rsi_14": {
      "mean": 54.26908832362867,
      "std": 12.35937957577714
    },
    "bollinger_percent_b_20_2": {
      "mean": 0.5913251245061707,
      "std": 0.32828002235803766
    },
    "bollinger_bandwidth_20_2": {
      "mean": 0.09680576345819238,
      "std": 0.12503120559370712
    },
    "macd_hist_12_26_9": {
      "mean": -0.003329538931040742,
      "std": 0.3315551936163704
    },
    "high_low_range_pct": {
      "mean": 1.8170130253300576,
      "std": 1.1449924585170628
    },
    "rsi_2": {
      "mean": 56.36909259843603,
      "std": 30.94180731782912
    },
    "reversal_2d": {
      "mean": -0.000522775288930558,
      "std": 0.031055458879160107
    },
    "xas_mkt_lead_ret_1": {
      "mean": 0.00034412952078995,
      "std": 0.01275828657596816
    },
    "illiquidity_amihud_20": {
      "mean": 0.0007641015903494756,
      "std": 0.000498382873501979
    },
    "ma_slope_10": {
      "mean": 0.0002813342471181575,
      "std": 0.006821323085373279
    }
  },
  "TRAIN_WINDOW": "2017-01-01 -> 2023-12-31",
  "LABEL_CONTRACT": "TripleBarrier.ATR.daily.v1",
  "MODEL_HASH": "c4b51dcfcf10ff4a5613e6c8e914fd54b8957daddc94499c2d656038b04413f6",
  "RANDOM_SEED": 42
}
