{
  "ticker": "PODD",
  "best_params": {
    "hidden": 32,
    "lr": 0.001,
    "dropout": 0.3,
    "weight_decay": 0.0001,
    "num_layers": 1,
    "refit_epochs": 5
  },
  "kelly_fraction": null,
  "THRESHOLD_ENTRY": 0.56,
  "DIRECTION_MODE": "long_only",
  "CALIBRATION": {
    "theta_entry": 0.56,
    "kelly_fraction": null,
    "direction_mode": "long_only",
    "oof_trades": 43,
    "trade_floor_met": true,
    "oof_log_growth": 0.5669592138215607
  },
  "cv_auc_pr": 0.5371823549143003,
  "cv_folds": 4,
  "SEQ_LEN": 60,
  "FEATURE_MANIFEST": [
    "log_return_1",
    "log_return_5",
    "log_return_20",
    "dist_to_sma_20",
    "dist_to_sma_50",
    "sma_20_sma_50_ratio",
    "volume_z_score_20",
    "atr_pct_14",
    "realized_volatility_20",
    "rsi_14",
    "bollinger_percent_b_20_2",
    "bollinger_bandwidth_20_2",
    "macd_hist_12_26_9",
    "gap_open_z20",
    "dist_to_high_252",
    "dist_to_sma_200",
    "price_volume_rank_divergence"
  ],
  "NORM_STATS": {
    "log_return_1": {
      "mean": 0.000994276112647179,
      "std": 0.026918602224773477
    },
    "log_return_5": {
      "mean": 0.004998871311224261,
      "std": 0.06153288490281415
    },
    "log_return_20": {
      "mean": 0.019423048747719256,
      "std": 0.11777304082038263
    },
    "dist_to_sma_20": {
      "mean": 0.010299619012670213,
      "std": 0.06471123805519531
    },
    "dist_to_sma_50": {
      "mean": 0.025641809232246446,
      "std": 0.0995311020673082
    },
    "sma_20_sma_50_ratio": {
      "mean": 0.01413359052256073,
      "std": 0.06069278394622997
    },
    "volume_z_score_20": {
      "mean": 0.008229184108280347,
      "std": 1.1027172320098828
    },
    "atr_pct_14": {
      "mean": 3.7370914879466697,
      "std": 1.1387722976932668
    },
    "realized_volatility_20": {
      "mean": 0.10847429970032954,
      "std": 0.04469267426135291
    },
    "rsi_14": {
      "mean": 53.339695759649366,
      "std": 12.366345864137987
    },
    "bollinger_percent_b_20_2": {
      "mean": 0.5585516912356312,
      "std": 0.33518114089681117
    },
    "bollinger_bandwidth_20_2": {
      "mean": 0.168568585071158,
      "std": 0.0953752598490947
    },
    "macd_hist_12_26_9": {
      "mean": 0.024814133676439486,
      "std": 1.7826103374512805
    },
    "gap_open_z20": {
      "mean": -0.010513451801861931,
      "std": 1.0161136917862255
    },
    "dist_to_high_252": {
      "mean": -0.13401487878367369,
      "std": 0.12345663201757306
    },
    "dist_to_sma_200": {
      "mean": 0.10767370411289892,
      "std": 0.1919398260400766
    },
    "price_volume_rank_divergence": {
      "mean": 0.10436079545454546,
      "std": 0.49504987460797045
    }
  },
  "TRAIN_WINDOW": "2017-01-01 -> 2023-12-31",
  "LABEL_CONTRACT": "TripleBarrier.ATR.daily.v1",
  "MODEL_HASH": "657d16e007935839e8347b661cf59c26dccf03a63b66059a102bb33f2b693fd3",
  "RANDOM_SEED": 42
}
