{
  "ticker": "KLAC",
  "best_params": {
    "hidden": 32,
    "lr": 0.001,
    "dropout": 0.3,
    "weight_decay": 0.0001,
    "num_layers": 1,
    "refit_epochs": 5
  },
  "kelly_fraction": null,
  "THRESHOLD_ENTRY": 0.54,
  "DIRECTION_MODE": "both",
  "CALIBRATION": {
    "theta_entry": 0.54,
    "kelly_fraction": null,
    "direction_mode": "both",
    "oof_trades": 40,
    "trade_floor_met": true,
    "oof_log_growth": 0.5817946641005182
  },
  "cv_auc_pr": 0.48052259271694153,
  "cv_folds": 4,
  "SEQ_LEN": 60,
  "FEATURE_MANIFEST": [
    "log_return_1",
    "log_return_5",
    "log_return_20",
    "dist_to_sma_20",
    "dist_to_sma_50",
    "sma_20_sma_50_ratio",
    "volume_z_score_20",
    "atr_pct_14",
    "realized_volatility_20",
    "rsi_14",
    "bollinger_percent_b_20_2",
    "bollinger_bandwidth_20_2",
    "macd_hist_12_26_9",
    "high_low_range_pct",
    "ret_skew_20",
    "downside_vol_20",
    "stochastic_k_20",
    "day_range_pos_20"
  ],
  "NORM_STATS": {
    "log_return_1": {
      "mean": 0.0011366303719912362,
      "std": 0.025803781463615692
    },
    "log_return_5": {
      "mean": 0.005682797993936449,
      "std": 0.05194375110166124
    },
    "log_return_20": {
      "mean": 0.022438054332735307,
      "std": 0.09604234991483432
    },
    "dist_to_sma_20": {
      "mean": 0.011414743677652363,
      "std": 0.05492551882402444
    },
    "dist_to_sma_50": {
      "mean": 0.02882918632357513,
      "std": 0.08103482751148029
    },
    "sma_20_sma_50_ratio": {
      "mean": 0.016655617176549058,
      "std": 0.048106561599404
    },
    "volume_z_score_20": {
      "mean": -0.011471414184296787,
      "std": 1.0778544480353416
    },
    "atr_pct_14": {
      "mean": 3.1825172319375548,
      "std": 1.0934250266982426
    },
    "realized_volatility_20": {
      "mean": 0.1029678799193415,
      "std": 0.04725382468554376
    },
    "rsi_14": {
      "mean": 54.295734897823436,
      "std": 11.614857910589658
    },
    "bollinger_percent_b_20_2": {
      "mean": 0.5817905821091415,
      "std": 0.33084111022317
    },
    "bollinger_bandwidth_20_2": {
      "mean": 0.1509397219511822,
      "std": 0.06986135571582798
    },
    "macd_hist_12_26_9": {
      "mean": 0.03312756513830521,
      "std": 2.1381537496685388
    },
    "high_low_range_pct": {
      "mean": 2.9505105589601417,
      "std": 1.6465204147233534
    },
    "ret_skew_20": {
      "mean": -0.09080113975430086,
      "std": 0.8450441622573605
    },
    "downside_vol_20": {
      "mean": 0.013159811181396891,
      "std": 0.006649170867502132
    },
    "stochastic_k_20": {
      "mean": 0.5843756204408601,
      "std": 0.3088570229394349
    },
    "day_range_pos_20": {
      "mean": 0.5843488874926374,
      "std": 0.30884152742247034
    }
  },
  "TRAIN_WINDOW": "2017-01-01 -> 2023-12-31",
  "LABEL_CONTRACT": "TripleBarrier.ATR.daily.v1",
  "MODEL_HASH": "129710ff268933d8a35907a772e8c2d438c5ec7649c54f8323dd074db963e739",
  "RANDOM_SEED": 42
}
