{
 "budget_B": 20,
 "permutations": 20,
 "seed": 42,
 "survivors": 11,
 "retained": 4,
 "demoted": 7,
 "_invariant": "Rung 6 can only demote; retained <= Rung-5 survivors always",
 "results": [
  {
   "ticker": "AZO",
   "outer_fold": 0,
   "arm": "hierarchical",
   "unit": "momentum_return",
   "representative": 102,
   "tuned_delta": -0.00625444,
   "core_growth": -0.035122,
   "plus_growth": -0.041377,
   "permutations": 9,
   "null_deltas": [
    -0.00625444,
    0.01507228,
    -0.11486821,
    -0.1180263,
    -0.00590389,
    0.00033654,
    -0.08967098,
    -0.15924217,
    0.00748689
   ],
   "verdict": "demoted_by_own_null",
   "exceedances": 5,
   "final_p_lower_bound": 0.285714,
   "seconds": 39.3,
   "_can_only": "demote — Rung 6 never resurrects a Rung-5 rejection"
  },
  {
   "ticker": "BKNG",
   "outer_fold": 0,
   "arm": "hierarchical",
   "unit": "volume",
   "representative": 209,
   "tuned_delta": 0.04775826,
   "core_growth": 0.135606,
   "plus_growth": 0.183364,
   "permutations": 20,
   "null_deltas": [
    -0.08711978,
    -0.02310016,
    0.04433574,
    0.02875738,
    -0.08711978,
    -0.0922138,
    -0.06944946,
    -0.07122292,
    0.01908821,
    0.02875738,
    -0.08711978,
    -0.08922905,
    -0.11241389,
    -0.07330838,
    -0.08711978,
    -0.0597345,
    -0.07714656,
    0.00398123,
    0.05877656,
    -0.10289771
   ],
   "verdict": "retained",
   "exceedances": 1,
   "p_mc": 0.095238,
   "seconds": 71.8,
   "_can_only": "demote — Rung 6 never resurrects a Rung-5 rejection"
  },
  {
   "ticker": "GOOG",
   "outer_fold": 1,
   "arm": "flat",
   "unit": 205,
   "representative": 205,
   "tuned_delta": 0.03715673,
   "core_growth": -0.131497,
   "plus_growth": -0.09434,
   "permutations": 5,
   "null_deltas": [
    0.1314966,
    0.18736188,
    0.20331219,
    0.09441798,
    0.17797301
   ],
   "verdict": "demoted_by_own_null",
   "exceedances": 5,
   "final_p_lower_bound": 0.285714,
   "seconds": 39.3,
   "_can_only": "demote — Rung 6 never resurrects a Rung-5 rejection"
  },
  {
   "ticker": "GOOG",
   "outer_fold": 1,
   "arm": "hierarchical",
   "unit": "price_distance",
   "representative": 205,
   "tuned_delta": 0.03715673,
   "core_growth": -0.131497,
   "plus_growth": -0.09434,
   "permutations": 5,
   "null_deltas": [
    0.15035146,
    0.15041731,
    0.16953649,
    0.16895927,
    0.09398699
   ],
   "verdict": "demoted_by_own_null",
   "exceedances": 5,
   "final_p_lower_bound": 0.285714,
   "seconds": 38.8,
   "_can_only": "demote — Rung 6 never resurrects a Rung-5 rejection"
  },
  {
   "ticker": "IDXX",
   "outer_fold": 2,
   "arm": "flat",
   "unit": 208,
   "representative": 208,
   "tuned_delta": 0.03694238,
   "core_growth": 0.252984,
   "plus_growth": 0.289926,
   "permutations": 20,
   "null_deltas": [
    -0.02418409,
    -0.14759287,
    0.12427874,
    -0.23586045,
    -0.30158016,
    -0.19751296,
    -0.01908189,
    -0.098083,
    -0.08975864,
    -0.05608045,
    -0.31999755,
    -0.18652685,
    -0.08599687,
    -0.0694469,
    0.09945655,
    -0.13151164,
    0.05710119,
    -0.07692523,
    0.06717171,
    0.00049582
   ],
   "verdict": "retained",
   "exceedances": 4,
   "p_mc": 0.238095,
   "seconds": 148.2,
   "_can_only": "demote — Rung 6 never resurrects a Rung-5 rejection"
  },
  {
   "ticker": "NVR",
   "outer_fold": 0,
   "arm": "flat",
   "unit": 112,
   "representative": 112,
   "tuned_delta": 0.08737462,
   "core_growth": -0.096197,
   "plus_growth": -0.008823,
   "permutations": 8,
   "null_deltas": [
    0.12681985,
    0.0826658,
    0.08241687,
    0.11237507,
    0.11321287,
    0.11237507,
    0.08681493,
    0.11237507
   ],
   "verdict": "demoted_by_own_null",
   "exceedances": 5,
   "final_p_lower_bound": 0.285714,
   "seconds": 35.3,
   "_can_only": "demote — Rung 6 never resurrects a Rung-5 rejection"
  },
  {
   "ticker": "NVR",
   "outer_fold": 0,
   "arm": "hierarchical",
   "unit": "oscillator_rsi",
   "representative": 112,
   "tuned_delta": 0.08737462,
   "core_growth": -0.096197,
   "plus_growth": -0.008823,
   "permutations": 6,
   "null_deltas": [
    0.04584141,
    0.11237507,
    0.11237507,
    0.09033232,
    0.11237507,
    0.11237507
   ],
   "verdict": "demoted_by_own_null",
   "exceedances": 5,
   "final_p_lower_bound": 0.285714,
   "seconds": 28.1,
   "_can_only": "demote — Rung 6 never resurrects a Rung-5 rejection"
  },
  {
   "ticker": "ORLY",
   "outer_fold": 1,
   "arm": "flat",
   "unit": 112,
   "representative": 112,
   "tuned_delta": 0.20379563,
   "core_growth": -0.205169,
   "plus_growth": -0.001374,
   "permutations": 20,
   "null_deltas": [
    0.16786569,
    0.05765607,
    0.13975539,
    0.17112755,
    0.13549958,
    0.05636728,
    0.05661667,
    0.08719089,
    0.06940628,
    0.1193528,
    0.16529016,
    0.04180344,
    0.05173525,
    0.22777288,
    -0.03557942,
    0.07166831,
    0.11058174,
    0.21221478,
    0.06054281,
    0.18135572
   ],
   "verdict": "retained",
   "exceedances": 2,
   "p_mc": 0.142857,
   "seconds": 119.3,
   "_can_only": "demote — Rung 6 never resurrects a Rung-5 rejection"
  },
  {
   "ticker": "ORLY",
   "outer_fold": 1,
   "arm": "hierarchical",
   "unit": "oscillator_rsi",
   "representative": 112,
   "tuned_delta": 0.20379563,
   "core_growth": -0.205169,
   "plus_growth": -0.001374,
   "permutations": 20,
   "null_deltas": [
    0.15943063,
    0.01357738,
    0.14981465,
    0.03058228,
    0.08370671,
    0.18842167,
    0.09508848,
    0.13550587,
    0.1263402,
    0.11512628,
    0.16765846,
    0.01281199,
    0.05961855,
    0.03555919,
    0.07284082,
    0.01222964,
    0.07954741,
    0.08991101,
    0.14556111,
    0.12893174
   ],
   "verdict": "retained",
   "exceedances": 0,
   "p_mc": 0.047619,
   "seconds": 118.3,
   "_can_only": "demote — Rung 6 never resurrects a Rung-5 rejection"
  },
  {
   "ticker": "TDG",
   "outer_fold": 1,
   "arm": "flat",
   "unit": 101,
   "representative": 101,
   "tuned_delta": -0.02210297,
   "core_growth": -0.01342,
   "plus_growth": -0.035523,
   "permutations": 5,
   "null_deltas": [
    0.00196457,
    0.00196457,
    -0.00646841,
    0.01376582,
    0.03709836
   ],
   "verdict": "demoted_by_own_null",
   "exceedances": 5,
   "final_p_lower_bound": 0.285714,
   "seconds": 38.3,
   "_can_only": "demote — Rung 6 never resurrects a Rung-5 rejection"
  },
  {
   "ticker": "TDG",
   "outer_fold": 1,
   "arm": "hierarchical",
   "unit": "momentum_return",
   "representative": 101,
   "tuned_delta": -0.02210297,
   "core_growth": -0.01342,
   "plus_growth": -0.035523,
   "permutations": 6,
   "null_deltas": [
    -0.016862,
    0.00196457,
    0.00196457,
    -0.03019047,
    0.00196457,
    0.00196457
   ],
   "verdict": "demoted_by_own_null",
   "exceedances": 5,
   "final_p_lower_bound": 0.285714,
   "seconds": 43.7,
   "_can_only": "demote — Rung 6 never resurrects a Rung-5 rejection"
  }
 ]
}
